# Blender 5.1.0
# www.blender.org
mtllib body.mtl
g AnglerFish_Angelic_Body_0_Mesh
v -0.001470 -0.000436 0.000415
v -0.001452 -0.000683 0.000424
v -0.001344 -0.000459 0.000632
v -0.001306 -0.000584 0.000631
v -0.001231 -0.000470 0.000789
v -0.001562 -0.000412 -0.000182
v -0.001454 -0.000116 -0.000496
v -0.001444 -0.000391 -0.000546
v -0.000973 0.000205 0.001182
v -0.001105 -0.000106 0.001064
v -0.000940 0.000080 0.001262
v -0.001539 0.000036 0.000080
v -0.001496 -0.000038 -0.000211
v -0.001549 -0.000153 -0.000031
v -0.001027 -0.000146 0.001210
v -0.001190 -0.000441 0.000959
v -0.001069 -0.000474 0.001180
v -0.001115 0.000083 0.000653
v -0.001010 0.000196 0.000457
v -0.001171 0.000037 0.000612
v -0.001238 0.000022 0.000495
v -0.001242 0.000052 0.000435
v -0.001045 0.000148 0.000669
v -0.000952 0.000285 0.000293
v -0.000914 0.000332 0.000336
v -0.001213 0.000100 0.000381
v -0.000978 0.000220 0.000657
v -0.001134 0.000160 0.000328
v -0.001027 0.000224 0.000287
v -0.000930 0.000285 0.000616
v -0.000905 0.000328 0.000552
v -0.000889 0.000355 0.000477
v -0.000892 0.000358 0.000401
v -0.001212 0.000016 0.000556
v -0.001242 -0.000306 0.000865
v -0.001376 -0.000328 0.000623
v -0.001344 -0.000459 0.000632
v 0.001585 -0.000410 -0.000182
v 0.001467 -0.000391 -0.000546
v 0.001478 -0.000116 -0.000496
v 0.001563 0.000037 0.000080
v 0.001572 -0.000152 -0.000031
v 0.001520 -0.000038 -0.000211
v -0.001202 -0.000385 0.000884
v -0.001231 -0.000470 0.000789
v 0.001136 0.000091 0.000650
v 0.001192 0.000045 0.000610
v 0.001033 0.000198 0.000457
v 0.001259 0.000029 0.000493
v 0.001265 0.000057 0.000434
v 0.001067 0.000154 0.000667
v 0.000976 0.000285 0.000293
v 0.000938 0.000332 0.000336
v 0.001236 0.000103 0.000380
v 0.001001 0.000224 0.000656
v 0.001158 0.000162 0.000327
v 0.001051 0.000225 0.000287
v 0.000954 0.000287 0.000615
v 0.000929 0.000329 0.000552
v 0.000913 0.000356 0.000477
v 0.000916 0.000359 0.000401
v 0.001233 0.000024 0.000554
v 0.001380 -0.000413 0.000640
v 0.001190 -0.000444 0.000807
v 0.001365 -0.000633 0.000656
v -0.000924 -0.000017 0.001248
v -0.001055 -0.000145 0.001098
v -0.001306 -0.000584 0.000631
v -0.001336 -0.000677 0.000686
v 0.001173 -0.000386 0.000854
v 0.001164 -0.000415 0.000931
v 0.001023 -0.000105 0.001116
v 0.000964 0.000000 0.001241
v 0.000987 -0.000149 0.001222
v 0.001173 -0.000386 0.000854
v 0.001055 -0.000080 0.001106
v 0.001023 -0.000105 0.001116
v 0.000049 0.000754 0.002316
v 0.000027 0.000750 0.002351
v 0.000039 0.000724 0.002351
v 0.000059 0.000696 0.002296
v 0.000001 0.000782 0.002323
v 0.000001 0.000760 0.002352
v -0.000048 0.000755 0.002318
v -0.000024 0.000750 0.002352
v 0.000001 0.000760 0.002352
v 0.000001 0.000782 0.002323
v -0.000058 0.000697 0.002296
v -0.000037 0.000724 0.002353
v -0.000034 0.000671 0.002278
v -0.000027 0.000696 0.002353
v -0.000001 0.000661 0.002273
v 0.000001 0.000684 0.002352
v 0.000034 0.000669 0.002279
v 0.000029 0.000696 0.002352
v 0.000001 0.000684 0.002352
v -0.000001 0.000661 0.002273
v 0.000021 0.000761 0.002445
v 0.000032 0.000743 0.002449
v 0.000003 0.000767 0.002444
v -0.000015 0.000761 0.002446
v 0.000003 0.000767 0.002444
v -0.000025 0.000744 0.002450
v -0.000018 0.000723 0.002453
v 0.000003 0.000713 0.002455
v 0.000025 0.000722 0.002453
v 0.000003 0.000713 0.002455
v 0.000022 0.000793 0.002538
v 0.000029 0.000781 0.002545
v 0.000008 0.000797 0.002536
v -0.000005 0.000793 0.002539
v 0.000008 0.000797 0.002536
v -0.000013 0.000782 0.002545
v -0.000009 0.000767 0.002553
v 0.000008 0.000760 0.002557
v 0.000024 0.000766 0.002553
v 0.000008 0.000760 0.002557
v 0.000031 0.000872 0.002644
v 0.000040 0.000862 0.002655
v 0.000017 0.000874 0.002641
v 0.000003 0.000872 0.002644
v 0.000017 0.000874 0.002641
v -0.000007 0.000863 0.002655
v -0.000003 0.000850 0.002670
v 0.000015 0.000842 0.002678
v 0.000035 0.000849 0.002670
v 0.000015 0.000842 0.002678
v 0.000060 0.001145 0.002793
v 0.000069 0.001142 0.002807
v 0.000047 0.001146 0.002789
v 0.000032 0.001145 0.002793
v 0.000047 0.001146 0.002789
v 0.000022 0.001142 0.002807
v 0.000026 0.001137 0.002826
v 0.000044 0.001135 0.002836
v 0.000063 0.001137 0.002826
v 0.000044 0.001135 0.002836
v 0.000070 0.001487 0.002783
v 0.000084 0.001491 0.002807
v 0.000045 0.001486 0.002774
v 0.000021 0.001488 0.002782
v 0.000045 0.001486 0.002774
v 0.000011 0.001492 0.002806
v 0.000022 0.001497 0.002833
v 0.000051 0.001499 0.002847
v 0.000078 0.001496 0.002834
v 0.000051 0.001499 0.002847
v -0.000026 0.001815 0.002645
v -0.000007 0.001833 0.002675
v -0.000064 0.001808 0.002632
v -0.000100 0.001816 0.002643
v -0.000064 0.001808 0.002632
v -0.000115 0.001834 0.002673
v -0.000099 0.001855 0.002707
v -0.000058 0.001863 0.002724
v -0.000020 0.001853 0.002709
v -0.000058 0.001863 0.002724
v -0.000126 0.002049 0.002418
v -0.000107 0.002086 0.002441
v -0.000170 0.002035 0.002408
v -0.000215 0.002050 0.002416
v -0.000170 0.002035 0.002408
v -0.000237 0.002088 0.002439
v -0.000221 0.002129 0.002464
v -0.000175 0.002147 0.002477
v -0.000126 0.002128 0.002466
v -0.000175 0.002147 0.002477
v -0.000137 0.002120 0.002135
v -0.000115 0.002170 0.002135
v -0.000186 0.002101 0.002135
v -0.000235 0.002122 0.002134
v -0.000186 0.002101 0.002135
v -0.000258 0.002172 0.002134
v -0.000238 0.002225 0.002134
v -0.000186 0.002246 0.002134
v -0.000135 0.002223 0.002135
v -0.000186 0.002246 0.002134
v -0.000078 0.002042 0.001887
v -0.000051 0.002090 0.001862
v -0.000134 0.002022 0.001896
v -0.000188 0.002043 0.001886
v -0.000134 0.002022 0.001896
v -0.000207 0.002092 0.001861
v -0.000180 0.002140 0.001836
v -0.000123 0.002160 0.001826
v -0.000070 0.002139 0.001836
v -0.000123 0.002160 0.001826
v -0.000012 0.001890 0.001710
v 0.000020 0.001930 0.001666
v -0.000075 0.001873 0.001727
v -0.000132 0.001890 0.001709
v -0.000075 0.001873 0.001727
v -0.000151 0.001930 0.001665
v -0.000120 0.001970 0.001621
v -0.000057 0.001986 0.001603
v 0.000001 0.001970 0.001622
v -0.000057 0.001986 0.001603
v 0.000042 0.001696 0.001589
v 0.000074 0.001726 0.001532
v -0.000026 0.001683 0.001613
v -0.000089 0.001695 0.001589
v -0.000026 0.001683 0.001613
v -0.000111 0.001725 0.001532
v -0.000080 0.001755 0.001475
v -0.000012 0.001768 0.001451
v 0.000052 0.001756 0.001475
v -0.000012 0.001768 0.001451
v 0.000070 0.001492 0.001512
v 0.000099 0.001515 0.001446
v -0.000001 0.001483 0.001539
v -0.000070 0.001492 0.001513
v -0.000001 0.001483 0.001539
v -0.000099 0.001515 0.001447
v -0.000071 0.001538 0.001381
v -0.000001 0.001547 0.001352
v 0.000070 0.001538 0.001380
v -0.000001 0.001547 0.001352
v 0.000068 0.001291 0.001471
v 0.000098 0.001319 0.001402
v -0.000000 0.001283 0.001498
v -0.000073 0.001300 0.001469
v -0.000000 0.001283 0.001498
v -0.000105 0.001330 0.001397
v -0.000076 0.001356 0.001325
v -0.000001 0.001364 0.001295
v 0.000072 0.001350 0.001326
v -0.000001 0.001364 0.001295
v 0.000056 0.001123 0.001430
v 0.000080 0.001161 0.001369
v -0.000002 0.001106 0.001455
v -0.000069 0.001125 0.001429
v -0.000002 0.001106 0.001455
v -0.000103 0.001169 0.001358
v -0.000076 0.001211 0.001286
v -0.000003 0.001223 0.001264
v 0.000059 0.001200 0.001304
v -0.000003 0.001223 0.001264
v 0.000057 0.001012 0.001379
v 0.000081 0.001059 0.001317
v -0.000002 0.000995 0.001396
v -0.000067 0.001017 0.001361
v -0.000002 0.000995 0.001396
v -0.000098 0.001070 0.001293
v -0.000072 0.001124 0.001230
v -0.000003 0.001140 0.001209
v 0.000059 0.001110 0.001243
v -0.000003 0.001140 0.001209
v 0.000084 0.000932 0.001317
v 0.000112 0.000999 0.001232
v -0.000000 0.000911 0.001339
v -0.000087 0.000941 0.001288
v -0.000000 0.000911 0.001339
v -0.000118 0.001014 0.001197
v -0.000083 0.001077 0.001122
v -0.000001 0.001101 0.001086
v 0.000078 0.001077 0.001117
v -0.000001 0.001101 0.001086
v 0.000084 0.000932 0.001317
v 0.000164 0.000825 0.001287
v 0.000199 0.000944 0.001139
v 0.000112 0.000999 0.001232
v -0.000000 0.000911 0.001339
v 0.000000 0.000792 0.001332
v -0.000160 0.000836 0.001250
v 0.000000 0.000792 0.001332
v -0.000204 0.000940 0.001119
v -0.000143 0.001035 0.000995
v 0.000003 0.001071 0.000935
v 0.000078 0.001077 0.001117
v 0.000144 0.001040 0.000988
v 0.000003 0.001071 0.000935
v -0.000001 0.001101 0.001086
v -0.000923 -0.001399 0.000607
v -0.001188 -0.001188 0.000535
v -0.001189 -0.001294 0.000227
v -0.000898 -0.001548 0.000280
v -0.001129 -0.001359 -0.000104
v -0.000822 -0.001609 -0.000084
v -0.001389 -0.001012 0.000177
v -0.001350 -0.001067 -0.000139
v -0.001361 -0.000941 0.000462
v 0.000002 -0.001180 0.001417
v -0.000550 -0.001147 0.001429
v -0.000554 -0.001378 0.001000
v 0.000001 -0.001435 0.001013
v -0.000528 -0.001547 0.000623
v 0.000005 -0.001580 0.000628
v -0.000921 -0.001231 0.000924
v -0.000902 -0.001033 0.001213
v 0.000012 0.001347 0.000037
v -0.000309 0.001294 -0.000048
v -0.000258 0.001253 0.000311
v 0.000012 0.001289 0.000346
v -0.000263 0.001171 0.000585
v 0.000012 0.001192 0.000601
v -0.000672 0.001142 0.000264
v -0.000677 0.001075 0.000568
v -0.000672 0.001155 -0.000084
v -0.000487 -0.001690 0.000299
v 0.000009 -0.001726 0.000313
v -0.000440 -0.001779 -0.000061
v 0.000012 -0.001836 -0.000041
v 0.000012 -0.000265 -0.001867
v -0.000163 -0.000246 -0.001780
v -0.000170 -0.000079 -0.001789
v 0.000012 -0.000086 -0.001879
v -0.000175 0.000092 -0.001765
v 0.000012 0.000100 -0.001851
v -0.000406 -0.000073 -0.001656
v -0.000415 0.000089 -0.001631
v -0.000405 -0.000228 -0.001649
v -0.000403 -0.001699 -0.000526
v 0.000012 -0.001738 -0.000510
v -0.000376 -0.001538 -0.000916
v 0.000012 -0.001579 -0.000913
v -0.000773 -0.001565 -0.000510
v -0.000734 -0.001431 -0.000881
v 0.000010 0.000195 0.001563
v -0.000454 0.000167 0.001489
v -0.000508 0.000090 0.001572
v 0.000030 0.000119 0.001660
v 0.000012 -0.000182 0.001822
v -0.000497 -0.000215 0.001769
v -0.000476 -0.000513 0.001794
v 0.000011 -0.000500 0.001836
v -0.000856 -0.000184 0.001528
v -0.000852 -0.000518 0.001509
v -0.000812 0.000196 0.001340
v -0.000848 0.000097 0.001415
v -0.000356 -0.001271 -0.001193
v 0.000012 -0.001302 -0.001206
v -0.000323 -0.000968 -0.001387
v 0.000012 -0.000987 -0.001427
v -0.000699 -0.001198 -0.001146
v -0.000639 -0.000932 -0.001323
v -0.000184 0.000275 -0.001695
v 0.000012 0.000293 -0.001779
v -0.000213 0.000477 -0.001561
v 0.000012 0.000509 -0.001634
v -0.000434 0.000262 -0.001563
v -0.000472 0.000452 -0.001429
v -0.000267 -0.000749 -0.001546
v 0.000012 -0.000775 -0.001605
v -0.000144 -0.000581 -0.001661
v 0.000012 -0.000614 -0.001730
v -0.000553 -0.000711 -0.001455
v -0.000467 -0.000537 -0.001554
v -0.000001 0.000593 0.001430
v -0.000354 0.000638 0.001324
v -0.000779 0.000582 0.001227
v -0.000399 0.000860 0.001070
v -0.000737 0.000813 0.001039
v -0.000295 0.001034 0.000852
v 0.000011 0.001081 0.000834
v -0.000705 0.000972 0.000828
v -0.000154 -0.000415 -0.001741
v 0.000012 -0.000444 -0.001819
v -0.000163 -0.000246 -0.001780
v 0.000012 -0.000265 -0.001867
v -0.000421 -0.000382 -0.001616
v -0.000405 -0.000228 -0.001649
v -0.000260 0.000722 -0.001313
v 0.000012 0.000760 -0.001385
v -0.000302 0.000978 -0.000982
v 0.000012 0.001001 -0.001087
v -0.000528 0.000655 -0.001200
v -0.000592 0.000863 -0.000892
v -0.000497 -0.000826 0.001684
v 0.000008 -0.000848 0.001742
v -0.000863 -0.000789 0.001401
v 0.000012 0.001246 -0.000530
v -0.000331 0.001210 -0.000532
v -0.000655 0.001066 -0.000507
v -0.001277 -0.000325 -0.000880
v -0.001094 -0.000268 -0.001146
v -0.001043 -0.000445 -0.001205
v -0.001206 -0.000557 -0.000965
v -0.000944 -0.000578 -0.001280
v -0.001065 -0.000723 -0.001108
v -0.000871 -0.000382 -0.001375
v -0.000843 -0.000488 -0.001383
v -0.000894 -0.000234 -0.001355
v -0.000946 0.000901 -0.000059
v -0.000864 0.000999 0.000309
v -0.000840 0.000963 0.000570
v -0.001225 -0.000061 0.000692
v -0.001281 -0.000093 0.000584
v -0.001280 0.000172 0.000230
v -0.001151 0.000289 0.000193
v -0.001066 -0.001352 -0.000473
v -0.001011 -0.001260 -0.000808
v -0.001257 -0.001084 -0.000481
v -0.001168 -0.001093 -0.000729
v -0.000663 -0.000223 -0.001517
v -0.000668 -0.000067 -0.001511
v -0.000673 0.000094 -0.001478
v -0.000902 -0.000069 -0.001326
v -0.000894 0.000098 -0.001290
v -0.000894 -0.000234 -0.001355
v -0.000960 -0.001067 -0.001052
v -0.000881 -0.000847 -0.001232
v -0.001159 -0.000916 -0.000888
v -0.001218 -0.000030 0.000913
v -0.001295 -0.000176 0.000773
v -0.000995 0.000484 0.000293
v -0.000955 0.000533 0.000412
v -0.000780 -0.000660 -0.001369
v -0.000694 -0.000510 -0.001461
v -0.000678 0.000256 -0.001415
v -0.000697 0.000412 -0.001303
v -0.000873 0.000254 -0.001249
v -0.000844 0.000371 -0.001209
v -0.000665 -0.000370 -0.001503
v -0.000663 -0.000223 -0.001517
v -0.000866 0.000721 0.000977
v -0.000915 0.000502 0.001114
v -0.001100 0.000157 0.000911
v -0.001078 0.000144 0.000817
v -0.001160 0.000021 0.000776
v -0.001189 -0.000012 0.000851
v -0.001070 0.000622 0.000242
v -0.000995 0.000484 0.000293
v -0.000955 0.000533 0.000412
v -0.001007 0.000690 0.000398
v -0.000844 0.000870 0.000795
v -0.001330 -0.000161 0.000592
v -0.001281 -0.000093 0.000584
v -0.001326 -0.000078 0.000471
v -0.001390 -0.000138 0.000440
v -0.001259 0.000352 0.000099
v -0.001151 0.000289 0.000193
v -0.001057 0.000398 0.000214
v -0.001157 0.000502 0.000136
v -0.001100 -0.000727 0.001126
v -0.001129 -0.000921 0.001015
v -0.001262 -0.000665 0.000895
v -0.001256 -0.000826 0.000874
v -0.000758 0.000557 -0.001101
v -0.000841 0.000705 -0.000818
v -0.000928 0.000437 -0.001037
v -0.001037 0.000521 -0.000766
v -0.001163 -0.001065 0.000806
v -0.001310 -0.000876 0.000706
v -0.000929 0.000845 -0.000468
v -0.001163 0.000643 -0.000169
v -0.001144 0.000600 -0.000423
v -0.001024 0.000341 0.000906
v -0.001003 0.000278 0.000811
v -0.001225 -0.000061 0.000692
v -0.001262 -0.000122 0.000737
v -0.001376 -0.000220 0.000597
v -0.001457 -0.000191 0.000406
v -0.001463 -0.000313 0.000411
v -0.001255 0.000119 -0.000780
v -0.001084 0.000107 -0.001060
v -0.001106 -0.000079 -0.001099
v -0.001291 -0.000096 -0.000823
v -0.001094 -0.000268 -0.001146
v -0.001277 -0.000325 -0.000880
v -0.001562 -0.000412 -0.000182
v -0.001444 -0.000391 -0.000546
v -0.001346 -0.000741 -0.000610
v -0.001475 -0.000744 -0.000191
v -0.001482 0.000223 -0.000005
v -0.001442 0.000178 -0.000230
v -0.001403 0.000134 -0.000458
v -0.001242 0.000623 0.000030
v -0.001331 0.000399 -0.000214
v -0.001370 0.000428 -0.000024
v -0.001304 0.000361 -0.000411
v -0.001173 0.000323 -0.000754
v -0.001429 -0.000065 0.000304
v -0.001353 -0.000023 0.000369
v -0.001348 0.000063 0.000289
v -0.001434 0.000049 0.000198
v -0.001280 0.000172 0.000230
v -0.001373 0.000193 0.000126
v -0.000974 0.000684 0.000567
v -0.000940 0.000529 0.000543
v -0.000947 0.000480 0.000664
v -0.000966 0.000616 0.000718
v -0.001027 0.000283 -0.001034
v -0.001517 -0.000103 0.000228
v -0.001531 -0.000270 0.000191
v -0.001504 -0.000714 0.000147
v -0.001545 -0.000437 0.000155
v -0.000964 0.000397 0.000758
v -0.000980 0.000503 0.000839
v -0.000870 -0.000002 0.001399
v -0.001057 0.000398 0.000214
v -0.001160 0.000021 0.000776
v -0.001353 -0.000023 0.000369
v -0.001348 0.000063 0.000289
v -0.000947 0.000480 0.000664
v -0.000964 0.000397 0.000758
v -0.001003 0.000278 0.000811
v -0.001078 0.000144 0.000817
v -0.000940 0.000529 0.000543
v -0.001326 -0.000078 0.000471
v -0.000995 0.000630 0.000915
v -0.001050 0.000422 0.001002
v -0.000984 0.000768 0.000761
v -0.001138 0.000773 0.000169
v -0.001052 0.000861 0.000362
v -0.001003 0.000852 0.000573
v -0.001132 0.000187 0.000999
v -0.001055 -0.000145 0.001098
v -0.001545 -0.000437 0.000155
v -0.001470 -0.000436 0.000415
v 0.000904 -0.001372 0.000607
v 0.000898 -0.001532 0.000278
v 0.001189 -0.001273 0.000220
v 0.001172 -0.001151 0.000521
v 0.000837 -0.001600 -0.000087
v 0.001141 -0.001348 -0.000107
v 0.001366 -0.001059 -0.000141
v 0.001396 -0.000995 0.000172
v 0.001355 -0.000913 0.000451
v 0.000002 -0.001180 0.001417
v 0.000001 -0.001435 0.001013
v 0.000536 -0.001348 0.001010
v 0.000533 -0.001108 0.001426
v 0.000005 -0.001580 0.000628
v 0.000524 -0.001534 0.000637
v 0.000887 -0.001186 0.000918
v 0.000867 -0.000977 0.001198
v 0.000012 0.001347 0.000037
v 0.000012 0.001289 0.000346
v 0.000282 0.001253 0.000311
v 0.000333 0.001294 -0.000048
v 0.000012 0.001192 0.000601
v 0.000287 0.001171 0.000585
v 0.000701 0.001075 0.000568
v 0.000696 0.001142 0.000264
v 0.000696 0.001155 -0.000084
v 0.000009 -0.001726 0.000313
v 0.000497 -0.001686 0.000308
v 0.000012 -0.001836 -0.000041
v 0.000460 -0.001778 -0.000061
v 0.000012 -0.000265 -0.001867
v 0.000012 -0.000086 -0.001879
v 0.000194 -0.000079 -0.001789
v 0.000187 -0.000246 -0.001780
v 0.000012 0.000100 -0.001851
v 0.000199 0.000092 -0.001765
v 0.000439 0.000089 -0.001631
v 0.000430 -0.000073 -0.001656
v 0.000429 -0.000228 -0.001649
v 0.000012 -0.001738 -0.000510
v 0.000427 -0.001699 -0.000526
v 0.000012 -0.001579 -0.000913
v 0.000400 -0.001538 -0.000916
v 0.000758 -0.001431 -0.000881
v 0.000796 -0.001564 -0.000510
v 0.000010 0.000195 0.001563
v 0.000030 0.000119 0.001660
v 0.000518 0.000113 0.001557
v 0.000478 0.000174 0.001501
v 0.000012 -0.000182 0.001822
v 0.000011 -0.000500 0.001836
v 0.000486 -0.000495 0.001787
v 0.000513 -0.000204 0.001764
v 0.000843 -0.000478 0.001493
v 0.000863 -0.000161 0.001518
v 0.000853 0.000105 0.001407
v 0.000834 0.000228 0.001362
v 0.000012 -0.001302 -0.001206
v 0.000380 -0.001271 -0.001193
v 0.000012 -0.000987 -0.001427
v 0.000347 -0.000968 -0.001387
v 0.000663 -0.000932 -0.001323
v 0.000724 -0.001198 -0.001146
v 0.000012 0.000293 -0.001779
v 0.000208 0.000275 -0.001695
v 0.000012 0.000509 -0.001634
v 0.000237 0.000478 -0.001561
v 0.000496 0.000452 -0.001429
v 0.000459 0.000262 -0.001563
v 0.000012 -0.000775 -0.001605
v 0.000291 -0.000749 -0.001546
v 0.000012 -0.000614 -0.001730
v 0.000168 -0.000581 -0.001661
v 0.000491 -0.000537 -0.001554
v 0.000578 -0.000711 -0.001455
v -0.000001 0.000593 0.001430
v 0.000375 0.000638 0.001328
v 0.000803 0.000582 0.001227
v 0.000393 0.000872 0.001076
v 0.000761 0.000813 0.001039
v 0.000011 0.001081 0.000834
v 0.000310 0.001039 0.000849
v 0.000729 0.000972 0.000828
v 0.000012 -0.000444 -0.001819
v 0.000178 -0.000415 -0.001741
v 0.000012 -0.000265 -0.001867
v 0.000187 -0.000246 -0.001780
v 0.000429 -0.000228 -0.001649
v 0.000445 -0.000382 -0.001617
v 0.000012 0.000760 -0.001385
v 0.000284 0.000722 -0.001313
v 0.000012 0.001001 -0.001087
v 0.000326 0.000978 -0.000982
v 0.000616 0.000863 -0.000892
v 0.000552 0.000655 -0.001200
v 0.000008 -0.000848 0.001742
v 0.000495 -0.000797 0.001675
v 0.000839 -0.000737 0.001381
v 0.000012 0.001246 -0.000530
v 0.000355 0.001210 -0.000532
v 0.000679 0.001066 -0.000507
v 0.001301 -0.000325 -0.000880
v 0.001229 -0.000557 -0.000965
v 0.001067 -0.000445 -0.001205
v 0.001118 -0.000268 -0.001146
v 0.001089 -0.000723 -0.001108
v 0.000968 -0.000578 -0.001280
v 0.000868 -0.000488 -0.001384
v 0.000895 -0.000382 -0.001375
v 0.000918 -0.000234 -0.001355
v 0.000888 0.000999 0.000309
v 0.000970 0.000901 -0.000059
v 0.000864 0.000963 0.000570
v 0.001242 -0.000049 0.000687
v 0.001299 -0.000082 0.000580
v 0.001304 0.000173 0.000230
v 0.001175 0.000289 0.000193
v 0.001089 -0.001351 -0.000473
v 0.001035 -0.001260 -0.000808
v 0.001192 -0.001093 -0.000729
v 0.001280 -0.001082 -0.000481
v 0.000692 -0.000067 -0.001511
v 0.000687 -0.000223 -0.001517
v 0.000697 0.000094 -0.001478
v 0.000918 0.000098 -0.001290
v 0.000926 -0.000069 -0.001326
v 0.000918 -0.000234 -0.001355
v 0.000984 -0.001067 -0.001052
v 0.000905 -0.000847 -0.001232
v 0.001182 -0.000916 -0.000888
v 0.001234 -0.000015 0.000908
v 0.001100 -0.000074 0.001045
v 0.001243 -0.000297 0.000809
v 0.001307 -0.000158 0.000766
v 0.001019 0.000484 0.000293
v 0.000979 0.000533 0.000412
v 0.000804 -0.000660 -0.001369
v 0.000719 -0.000510 -0.001461
v 0.000702 0.000256 -0.001415
v 0.000721 0.000412 -0.001303
v 0.000868 0.000371 -0.001209
v 0.000897 0.000254 -0.001249
v 0.000689 -0.000371 -0.001503
v 0.000687 -0.000223 -0.001517
v 0.000939 0.000502 0.001114
v 0.000890 0.000721 0.000977
v 0.000994 0.000211 0.001179
v 0.001121 0.000164 0.000909
v 0.001205 0.000001 0.000846
v 0.001178 0.000033 0.000771
v 0.001099 0.000151 0.000815
v 0.001094 0.000622 0.000242
v 0.001031 0.000690 0.000398
v 0.000979 0.000533 0.000412
v 0.001019 0.000484 0.000293
v 0.000869 0.000870 0.000795
v 0.001346 -0.000149 0.000587
v 0.001410 -0.000131 0.000437
v 0.001347 -0.000070 0.000469
v 0.001299 -0.000082 0.000580
v 0.001283 0.000352 0.000099
v 0.001181 0.000502 0.000136
v 0.001081 0.000398 0.000214
v 0.001175 0.000289 0.000193
v 0.001075 -0.000671 0.001102
v 0.001057 -0.000429 0.001160
v 0.001098 -0.000865 0.000992
v 0.001234 -0.000778 0.000854
v 0.001246 -0.000621 0.000877
v 0.000782 0.000557 -0.001101
v 0.000865 0.000705 -0.000818
v 0.001061 0.000521 -0.000766
v 0.000952 0.000437 -0.001037
v 0.001134 -0.001014 0.000787
v 0.001294 -0.000836 0.000690
v 0.000953 0.000845 -0.000468
v 0.001187 0.000643 -0.000169
v 0.001168 0.000600 -0.000423
v 0.001483 -0.000422 0.000411
v 0.001457 -0.000663 0.000417
v 0.001047 0.000342 0.000906
v 0.001027 0.000281 0.000810
v 0.001277 -0.000107 0.000731
v 0.001242 -0.000049 0.000687
v 0.001391 -0.000206 0.000592
v 0.001386 -0.000309 0.000616
v 0.001476 -0.000183 0.000403
v 0.001480 -0.000303 0.000407
v 0.001279 0.000119 -0.000780
v 0.001314 -0.000096 -0.000822
v 0.001130 -0.000079 -0.001099
v 0.001108 0.000107 -0.001060
v 0.001301 -0.000325 -0.000880
v 0.001118 -0.000268 -0.001146
v 0.001585 -0.000410 -0.000182
v 0.001495 -0.000740 -0.000192
v 0.001370 -0.000741 -0.000610
v 0.001467 -0.000391 -0.000546
v 0.001506 0.000223 -0.000005
v 0.001466 0.000178 -0.000230
v 0.001427 0.000134 -0.000458
v 0.001266 0.000623 0.000030
v 0.001394 0.000428 -0.000024
v 0.001355 0.000399 -0.000214
v 0.001328 0.000361 -0.000411
v 0.001197 0.000323 -0.000754
v 0.001451 -0.000061 0.000303
v 0.001458 0.000051 0.000198
v 0.001371 0.000066 0.000288
v 0.001375 -0.000018 0.000368
v 0.001397 0.000193 0.000126
v 0.001304 0.000173 0.000230
v 0.000998 0.000684 0.000567
v 0.000990 0.000616 0.000718
v 0.000971 0.000480 0.000664
v 0.000964 0.000529 0.000543
v 0.001051 0.000282 -0.001034
v 0.001539 -0.000100 0.000227
v 0.001552 -0.000265 0.000190
v 0.001564 -0.000430 0.000153
v 0.001518 -0.000703 0.000143
v 0.001004 0.000503 0.000839
v 0.000988 0.000398 0.000758
v 0.000964 0.000000 0.001241
v 0.000972 0.000080 0.001253
v 0.000861 0.000018 0.001386
v 0.001081 0.000398 0.000214
v 0.001178 0.000033 0.000771
v 0.001375 -0.000018 0.000368
v 0.001371 0.000066 0.000288
v 0.000971 0.000480 0.000664
v 0.000988 0.000398 0.000758
v 0.001027 0.000281 0.000810
v 0.001099 0.000151 0.000815
v 0.000964 0.000529 0.000543
v 0.001347 -0.000070 0.000469
v 0.001019 0.000630 0.000915
v 0.001074 0.000422 0.001002
v 0.001008 0.000768 0.000761
v 0.001162 0.000773 0.000169
v 0.001076 0.000861 0.000362
v 0.001027 0.000852 0.000573
v 0.001153 0.000193 0.000997
v 0.001564 -0.000430 0.000153
v 0.001483 -0.000422 0.000411
v 0.001380 -0.000413 0.000640
v 0.000000 0.000792 0.001332
v -0.000160 0.000836 0.001250
v -0.000204 0.000940 0.001119
v -0.000143 0.001035 0.000995
v 0.000003 0.001071 0.000935
v 0.000164 0.000825 0.001287
v 0.000000 0.000792 0.001332
v 0.000199 0.000944 0.001139
v 0.000003 0.001071 0.000935
v 0.000144 0.001040 0.000988
v -0.000034 0.000671 0.002278
v -0.000058 0.000697 0.002296
v -0.000050 0.000695 0.002225
v -0.000029 0.000673 0.002211
v -0.000048 0.000755 0.002318
v -0.000041 0.000749 0.002246
v -0.000001 0.000661 0.002273
v -0.000001 0.000665 0.002206
v 0.000049 0.000754 0.002316
v 0.000059 0.000696 0.002296
v 0.000051 0.000695 0.002225
v 0.000041 0.000748 0.002245
v 0.000034 0.000669 0.002279
v 0.000029 0.000671 0.002211
v -0.000001 0.000661 0.002273
v -0.000001 0.000665 0.002206
v 0.000024 0.000693 0.002175
v -0.000000 0.000687 0.002171
v -0.000000 0.000709 0.002137
v 0.000019 0.000714 0.002140
v 0.000035 0.000754 0.002205
v 0.000042 0.000712 0.002187
v 0.000033 0.000729 0.002150
v 0.000028 0.000761 0.002165
v -0.000000 0.000687 0.002171
v -0.000024 0.000694 0.002175
v -0.000019 0.000715 0.002140
v -0.000000 0.000709 0.002137
v -0.000041 0.000712 0.002187
v -0.000032 0.000729 0.002149
v -0.000034 0.000755 0.002206
v -0.000027 0.000761 0.002166
v 0.000000 0.000744 0.002086
v 0.000010 0.000747 0.002088
v -0.000014 0.000774 0.002104
v -0.000017 0.000755 0.002093
v 0.000018 0.000755 0.002093
v 0.000015 0.000773 0.002104
v -0.000010 0.000747 0.002088
v 0.000000 0.000744 0.002086
v 0.000001 0.000783 0.002110
v 0.000001 0.000783 0.002110
v -0.000010 0.000747 0.002088
v 0.000062 0.000792 0.002281
v 0.000001 0.000791 0.002301
v 0.000001 0.000782 0.002323
v 0.000001 0.000791 0.002301
v -0.000061 0.000792 0.002282
v 0.000001 0.000782 0.002323
v 0.000061 0.000770 0.002242
v 0.000062 0.000792 0.002281
v -0.000060 0.000771 0.002243
v 0.000053 0.000760 0.002205
v 0.000061 0.000770 0.002242
v -0.000052 0.000761 0.002206
v -0.000040 0.000761 0.002167
v -0.000014 0.000778 0.002120
v 0.000001 0.000778 0.002119
v 0.000001 0.000778 0.002119
v 0.000014 0.000778 0.002120
v 0.000041 0.000761 0.002167
v 0.000053 0.000760 0.002205
v -0.000540 0.000008 0.001569
v 0.000043 0.000033 0.001662
v -0.001231 -0.000470 0.000789
v -0.001202 -0.000385 0.000884
v 0.000559 -0.000005 0.001518
v 0.000043 0.000033 0.001662
v -0.000924 -0.000017 0.001248
v -0.000870 -0.000002 0.001399
v 0.000861 0.000018 0.001386
v 0.000559 -0.000005 0.001518
v -0.000540 0.000008 0.001569
v 0.000043 0.000033 0.001662
v 0.000043 0.000033 0.001662
v 0.001190 -0.000444 0.000807
vn -0.9296 -0.0468 0.3655
vn -0.9349 -0.1491 0.3221
vn -0.8333 -0.1726 0.5251
vn -0.7619 -0.2370 0.6027
vn -0.7892 -0.2911 0.5408
vn -0.9877 -0.0635 -0.1428
vn -0.9327 0.1445 -0.3305
vn -0.9237 -0.0783 -0.3749
vn -0.7417 0.2378 0.6271
vn -0.7440 -0.0792 0.6634
vn -0.8085 0.1300 0.5740
vn -0.9244 0.3114 0.2201
vn -0.9628 0.1878 -0.1945
vn -0.9946 0.0926 -0.0460
vn -0.8730 0.3068 0.3791
vn -0.9157 0.1662 0.3658
vn -0.8456 0.0001 0.5339
vn -0.7298 0.6827 0.0357
vn -0.6738 0.7260 0.1375
vn -0.7158 0.6806 0.1563
vn -0.6454 0.6596 0.3852
vn -0.5933 0.6722 0.4429
vn -0.7588 0.6473 -0.0725
vn -0.7394 0.3788 0.5566
vn -0.9067 0.1554 0.3922
vn -0.5065 0.7381 0.4457
vn -0.8397 0.5221 -0.1490
vn -0.4148 0.7930 0.4462
vn -0.4943 0.6685 0.5557
vn -0.9277 0.3428 -0.1479
vn -0.9680 0.2311 -0.0981
vn -0.9899 0.1420 0.0016
vn -0.9778 0.0857 0.1914
vn -0.6853 0.6717 0.2814
vn -0.8037 -0.1482 0.5762
vn -0.8940 -0.0376 0.4465
vn 0.9883 -0.0711 -0.1348
vn 0.9244 -0.0801 -0.3729
vn 0.9328 0.1440 -0.3303
vn 0.9252 0.3085 0.2208
vn 0.9953 0.0873 -0.0422
vn 0.9630 0.1869 -0.1942
vn -0.7634 -0.2630 0.5899
vn -0.7892 -0.2912 0.5408
vn 0.7275 0.6852 0.0345
vn 0.7150 0.6818 0.1543
vn 0.6709 0.7295 0.1332
vn 0.6461 0.6600 0.3832
vn 0.5943 0.6737 0.4392
vn 0.7552 0.6514 -0.0734
vn 0.7392 0.3807 0.5555
vn 0.9068 0.1573 0.3912
vn 0.5063 0.7413 0.4407
vn 0.8375 0.5253 -0.1503
vn 0.4138 0.7962 0.4414
vn 0.4936 0.6711 0.5532
vn 0.9270 0.3444 -0.1488
vn 0.9675 0.2328 -0.0986
vn 0.9896 0.1440 0.0013
vn 0.9777 0.0879 0.1909
vn 0.6852 0.6726 0.2795
vn 0.8222 -0.0463 0.5673
vn 0.8482 0.1406 0.5107
vn 0.8869 -0.0912 0.4530
vn -0.8321 0.4034 0.3806
vn -0.8946 0.3581 0.2672
vn -0.8663 0.4006 0.2985
vn -0.9374 0.1265 0.3244
vn 0.8917 0.0130 0.4524
vn 0.9097 0.2090 0.3590
vn 0.9140 0.1431 0.3797
vn 0.8881 0.1860 0.4204
vn 0.8975 0.1136 0.4262
vn 0.8917 0.0129 0.4525
vn 0.7587 -0.1784 0.6265
vn 0.6344 -0.3402 0.6941
vn 0.8532 0.3533 0.3837
vn 0.7107 0.6634 0.2343
vn 0.9650 -0.0526 0.2568
vn 0.9530 -0.2625 0.1512
vn 0.0120 0.7898 0.6133
vn 0.0004 0.9692 0.2464
vn -0.8452 0.3583 0.3966
vn -0.7063 0.6583 0.2602
vn 0.0119 0.7898 0.6133
vn -0.9528 -0.2616 0.1539
vn -0.9565 -0.0592 0.2858
vn -0.5504 -0.8267 0.1163
vn -0.6246 -0.7180 0.3071
vn -0.0242 -0.9934 0.1117
vn -0.0093 -0.9545 0.2982
vn 0.5305 -0.8394 0.1182
vn 0.6212 -0.7259 0.2953
vn -0.0092 -0.9545 0.2982
vn 0.6569 0.7383 -0.1530
vn 0.9969 0.0723 0.0300
vn -0.0129 0.9799 -0.1991
vn -0.6649 0.7396 -0.1042
vn -0.9908 0.0982 0.0928
vn -0.7290 -0.6223 0.2851
vn -0.0080 -0.9382 0.3461
vn 0.7203 -0.6491 0.2445
vn -0.0079 -0.9382 0.3461
vn 0.6436 0.6656 -0.3779
vn 0.9963 0.0545 -0.0659
vn -0.0086 0.8896 -0.4567
vn -0.6399 0.6996 -0.3180
vn -0.0087 0.8896 -0.4567
vn -0.9905 0.1377 0.0058
vn -0.7601 -0.5420 0.3585
vn -0.0191 -0.8693 0.4939
vn 0.7317 -0.6065 0.3110
vn -0.0190 -0.8693 0.4939
vn 0.6377 0.4628 -0.6158
vn 0.9928 -0.0079 -0.1191
vn 0.0031 0.6566 -0.7542
vn -0.6131 0.5489 -0.5681
vn 0.0030 0.6566 -0.7542
vn -0.9856 0.1502 -0.0781
vn -0.7852 -0.3772 0.4912
vn -0.0266 -0.6670 0.7446
vn 0.7408 -0.4864 0.4634
vn 0.6558 0.1367 -0.7425
vn 0.9942 -0.0422 -0.0991
vn 0.0203 0.2245 -0.9743
vn -0.6369 0.2066 -0.7428
vn 0.0202 0.2245 -0.9743
vn -0.9948 0.0661 -0.0777
vn -0.7546 -0.1360 0.6420
vn -0.0008 -0.2596 0.9657
vn 0.7529 -0.2094 0.6239
vn -0.0007 -0.2596 0.9657
vn 0.6674 -0.0709 -0.7413
vn 0.9895 0.0769 -0.1224
vn 0.0380 -0.2167 -0.9755
vn -0.6677 -0.2783 -0.6905
vn 0.0379 -0.2168 -0.9755
vn -0.9842 -0.1707 0.0463
vn -0.6951 0.0131 0.7188
vn 0.0422 0.1598 0.9862
vn 0.7723 0.1737 0.6111
vn 0.0423 0.1598 0.9862
vn 0.6665 -0.2267 -0.7102
vn 0.9640 0.1975 -0.1779
vn 0.0048 -0.5608 -0.8280
vn -0.6777 -0.5871 -0.4428
vn 0.0047 -0.5608 -0.8280
vn -0.9455 -0.2609 0.1947
vn -0.6822 0.1795 0.7088
vn 0.0033 0.5012 0.8653
vn 0.7174 0.4976 0.4876
vn 0.0034 0.5011 0.8654
vn 0.7080 -0.5386 -0.4567
vn 0.9856 0.1322 -0.1057
vn -0.0321 -0.8766 -0.4802
vn -0.7115 -0.6714 -0.2072
vn -0.9821 -0.1015 0.1586
vn -0.7202 0.5174 0.4622
vn -0.0369 0.8360 0.5475
vn 0.6689 0.6738 0.3140
vn -0.0368 0.8360 0.5475
vn 0.7144 -0.6938 0.0913
vn 0.9930 0.0616 0.1010
vn -0.0442 -0.9984 0.0348
vn -0.7406 -0.6710 -0.0339
vn -0.0443 -0.9984 0.0348
vn -0.9978 0.0232 -0.0627
vn -0.7064 0.7065 -0.0425
vn -0.0206 0.9998 0.0026
vn 0.6697 0.7403 0.0592
vn -0.0205 0.9998 0.0026
vn 0.6778 -0.5360 0.5032
vn 0.9696 0.1003 0.2233
vn -0.0273 -0.8710 0.4905
vn -0.7449 -0.6451 0.1701
vn -0.9764 -0.0082 -0.2156
vn -0.6569 0.6054 -0.4495
vn 0.0118 0.8932 -0.4494
vn 0.6951 0.6949 -0.1844
vn 0.6674 -0.3377 0.6637
vn 0.9697 0.1457 0.1961
vn -0.0145 -0.6419 0.7667
vn -0.7461 -0.5415 0.3876
vn -0.0145 -0.6419 0.7666
vn -0.9756 -0.0588 -0.2116
vn -0.6456 0.4294 -0.6314
vn 0.0203 0.6915 -0.7221
vn 0.7106 0.5811 -0.3968
vn 0.0204 0.6915 -0.7221
vn 0.6825 -0.2115 0.6997
vn 0.9865 0.1233 0.1079
vn 0.0004 -0.4300 0.9028
vn -0.7308 -0.3840 0.5643
vn 0.0003 -0.4301 0.9028
vn -0.9912 -0.0534 -0.1211
vn -0.6655 0.3041 -0.6817
vn 0.0186 0.4946 -0.8689
vn 0.7174 0.4197 -0.5561
vn 0.0187 0.4947 -0.8689
vn 0.7108 -0.1593 0.6851
vn 0.9984 0.0482 0.0289
vn 0.0088 -0.2737 0.9618
vn -0.7144 -0.2214 0.6637
vn 0.0087 -0.2737 0.9618
vn -0.9997 0.0005 -0.0264
vn -0.6960 0.2424 -0.6759
vn 0.0097 0.3510 -0.9363
vn 0.7194 0.2626 -0.6431
vn 0.0098 0.3510 -0.9363
vn 0.7215 -0.1808 0.6684
vn 0.9987 -0.0516 0.0048
vn -0.0004 -0.2253 0.9743
vn -0.7135 -0.1585 0.6825
vn -0.0005 -0.2253 0.9743
vn -0.9998 0.0072 0.0172
vn -0.7126 0.1940 -0.6742
vn 0.0409 0.2480 -0.9679
vn 0.7476 0.1239 -0.6525
vn 0.7239 -0.2505 0.6428
vn 0.9977 -0.0533 0.0429
vn -0.0261 -0.3681 0.9294
vn -0.7224 -0.2668 0.6379
vn -0.0262 -0.3681 0.9294
vn -0.9978 -0.0403 0.0522
vn -0.7410 0.2528 -0.6221
vn 0.1150 0.3688 -0.9224
vn 0.8261 0.1703 -0.5372
vn 0.7034 -0.3014 0.6438
vn 0.9851 0.0940 0.1444
vn -0.0824 -0.5196 0.8504
vn -0.7595 -0.3441 0.5521
vn -0.0825 -0.5196 0.8504
vn -0.9947 0.0296 0.0984
vn -0.7528 0.5306 -0.3896
vn 0.1066 0.8137 -0.5715
vn 0.8266 0.4982 -0.2616
vn 0.6541 -0.0176 0.7562
vn 0.8629 0.4127 0.2916
vn -0.1250 -0.2892 0.9491
vn -0.7525 -0.0432 0.6572
vn -0.1251 -0.2892 0.9491
vn -0.8908 0.3846 0.2419
vn -0.5987 0.7943 -0.1032
vn 0.0108 0.9754 -0.2203
vn 0.5841 0.8111 -0.0306
vn 0.4243 0.4287 0.7976
vn 0.5805 0.6765 0.4532
vn 0.8629 0.4127 0.2917
vn -0.0622 0.2653 0.9621
vn -0.4803 0.4355 0.7614
vn -0.0623 0.2653 0.9621
vn -0.5901 0.6598 0.4652
vn -0.3991 0.9035 0.1562
vn -0.0109 0.9998 0.0181
vn 0.5841 0.8111 -0.0305
vn 0.3637 0.9146 0.1767
vn 0.0109 0.9754 -0.2203
vn -0.5097 -0.7863 0.3491
vn -0.7412 -0.6086 0.2832
vn -0.7425 -0.6597 0.1162
vn -0.5093 -0.8382 0.1950
vn -0.7153 -0.6948 -0.0745
vn -0.4976 -0.8666 -0.0365
vn -0.8851 -0.4584 0.0803
vn -0.8662 -0.4850 -0.1200
vn -0.8852 -0.3891 0.2551
vn 0.0267 -0.7748 0.6316
vn -0.3125 -0.7011 0.6409
vn -0.2543 -0.8591 0.4441
vn 0.0202 -0.8933 0.4490
vn -0.2169 -0.8964 0.3864
vn 0.0087 -0.9161 0.4008
vn -0.5408 -0.7225 0.4307
vn -0.6183 -0.5397 0.5713
vn -0.0001 0.9998 0.0209
vn -0.2422 0.9697 -0.0332
vn -0.2155 0.9551 0.2033
vn -0.0001 0.9696 0.2449
vn -0.1688 0.9232 0.3454
vn -0.0009 0.9252 0.3795
vn -0.4538 0.8836 0.1154
vn -0.3942 0.8776 0.2728
vn -0.5055 0.8601 -0.0680
vn -0.2208 -0.9314 0.2895
vn 0.0027 -0.9409 0.3387
vn -0.2355 -0.9718 0.0126
vn 0.0018 -0.9991 0.0428
vn -0.0000 -0.1645 -0.9864
vn -0.4611 -0.1311 -0.8776
vn -0.4632 0.0298 -0.8858
vn -0.0000 0.0319 -0.9995
vn -0.4467 0.2085 -0.8700
vn -0.0000 0.2382 -0.9712
vn -0.4850 0.0438 -0.8734
vn -0.4847 0.2026 -0.8509
vn -0.4650 -0.0903 -0.8807
vn -0.2176 -0.9357 -0.2776
vn 0.0006 -0.9597 -0.2811
vn -0.1854 -0.8232 -0.5367
vn 0.0001 -0.8433 -0.5375
vn -0.4681 -0.8477 -0.2496
vn -0.4220 -0.7561 -0.5003
vn -0.0167 0.5867 0.8096
vn -0.2240 0.5737 0.7878
vn -0.2609 0.3921 0.8821
vn 0.0152 0.3925 0.9196
vn 0.0094 0.3783 0.9256
vn -0.3257 0.3011 0.8963
vn -0.3377 -0.1281 0.9325
vn 0.0117 -0.1186 0.9929
vn -0.6812 0.2464 0.6893
vn -0.7151 -0.1026 0.6914
vn -0.5103 0.4527 0.7312
vn -0.6033 0.3112 0.7343
vn -0.1674 -0.6255 -0.7621
vn -0.0000 -0.6442 -0.7649
vn -0.1955 -0.5280 -0.8265
vn -0.0000 -0.5786 -0.8156
vn -0.3757 -0.5727 -0.7286
vn -0.3495 -0.4428 -0.8257
vn -0.4144 0.3918 -0.8214
vn -0.0001 0.4367 -0.8996
vn -0.3757 0.5613 -0.7374
vn -0.0000 0.6150 -0.7886
vn -0.4700 0.3708 -0.8010
vn -0.4569 0.5381 -0.7083
vn -0.2713 -0.4682 -0.8409
vn -0.0001 -0.5544 -0.8322
vn -0.3657 -0.4096 -0.8358
vn -0.0000 -0.4849 -0.8745
vn -0.3529 -0.3739 -0.8577
vn -0.3764 -0.2973 -0.8774
vn -0.0192 0.3975 0.9174
vn -0.2652 0.4933 0.8284
vn -0.4801 0.4759 0.7369
vn -0.2891 0.7425 0.6042
vn -0.4241 0.6946 0.5810
vn -0.2143 0.8847 0.4140
vn -0.0014 0.9541 0.2994
vn -0.3897 0.8138 0.4312
vn -0.4355 -0.2923 -0.8514
vn -0.0000 -0.3604 -0.9328
vn -0.4611 -0.1312 -0.8776
vn -0.4222 -0.2165 -0.8803
vn -0.3522 0.6835 -0.6393
vn -0.0001 0.7337 -0.6794
vn -0.3130 0.7965 -0.5172
vn -0.0000 0.8357 -0.5492
vn -0.4711 0.6469 -0.5996
vn -0.4962 0.7099 -0.4999
vn -0.3370 -0.4352 0.8349
vn 0.0219 -0.4898 0.8715
vn -0.6811 -0.2906 0.6721
vn -0.0001 0.9537 -0.3008
vn -0.2670 0.9121 -0.3112
vn -0.5180 0.7976 -0.3093
vn -0.8648 -0.0157 -0.5020
vn -0.7818 0.0367 -0.6224
vn -0.7526 -0.0753 -0.6541
vn -0.8389 -0.1421 -0.5254
vn -0.6568 -0.1989 -0.7274
vn -0.7446 -0.2414 -0.6224
vn -0.6184 -0.0553 -0.7839
vn -0.5651 -0.1687 -0.8076
vn -0.6561 0.0386 -0.7536
vn -0.6745 0.7284 -0.1199
vn -0.5991 0.7984 0.0596
vn -0.5649 0.7909 0.2352
vn -0.7891 0.5976 0.1419
vn -0.7557 0.5834 0.2977
vn -0.4566 0.6387 0.6193
vn -0.4324 0.4451 0.7841
vn -0.6882 -0.6912 -0.2204
vn -0.6578 -0.6145 -0.4356
vn -0.8452 -0.4687 -0.2568
vn -0.8103 -0.4503 -0.3750
vn -0.5149 -0.0206 -0.8570
vn -0.5464 0.0887 -0.8328
vn -0.5587 0.2160 -0.8007
vn -0.6799 0.1338 -0.7210
vn -0.6873 0.2353 -0.6872
vn -0.6178 -0.4568 -0.6400
vn -0.5605 -0.3499 -0.7506
vn -0.8061 -0.3211 -0.4971
vn -0.9256 0.2871 0.2466
vn -0.9000 0.2777 0.3360
vn -0.7851 -0.2245 0.5773
vn -0.9156 -0.3005 0.2673
vn -0.4873 -0.3042 -0.8185
vn -0.4495 -0.2238 -0.8648
vn -0.5478 0.3583 -0.7560
vn -0.5354 0.5200 -0.6655
vn -0.6745 0.3473 -0.6515
vn -0.6350 0.4839 -0.6022
vn -0.4733 -0.1179 -0.8730
vn -0.6533 0.5702 0.4981
vn -0.6949 0.3811 0.6098
vn -0.8282 0.4401 -0.3470
vn -0.8208 0.5293 -0.2148
vn -0.8033 0.5944 -0.0366
vn -0.8161 0.5530 -0.1677
vn -0.8164 -0.1441 0.5593
vn -0.9156 -0.3004 0.2673
vn -0.9251 -0.2200 0.3095
vn -0.5984 0.7053 0.3800
vn -0.7444 0.6027 0.2875
vn -0.7208 0.5580 0.4113
vn -0.7029 0.5666 0.4300
vn -0.5575 0.3677 0.7443
vn -0.4325 0.4451 0.7841
vn -0.5992 0.0544 0.7988
vn -0.6727 0.0767 0.7359
vn -0.8019 -0.1387 0.5811
vn -0.7585 -0.3864 0.5247
vn -0.9101 0.0491 0.4115
vn -0.8649 -0.2387 0.4416
vn -0.5656 0.6181 -0.5459
vn -0.6228 0.6348 -0.4573
vn -0.6834 0.5254 -0.5070
vn -0.7259 0.5469 -0.4170
vn -0.7364 -0.5543 0.3880
vn -0.8873 -0.3090 0.3424
vn -0.6820 0.6748 -0.2820
vn -0.7559 0.6264 -0.1906
vn -0.7676 0.5842 -0.2636
vn -0.8938 0.2372 -0.3806
vn -0.8855 0.3358 -0.3212
vn -0.7983 0.5981 0.0710
vn -0.8669 0.3179 0.3840
vn -0.8586 0.3013 0.4146
vn -0.9332 0.0225 0.3586
vn -0.8372 0.3086 -0.4516
vn -0.7818 0.2712 -0.5614
vn -0.7885 0.1533 -0.5956
vn -0.8626 0.1496 -0.4833
vn -0.7818 0.0368 -0.6224
vn -0.8647 -0.0156 -0.5020
vn -0.9877 -0.0636 -0.1428
vn -0.8962 -0.2540 -0.3637
vn -0.9427 -0.2907 -0.1636
vn -0.8780 0.4415 0.1849
vn -0.9175 0.3322 -0.2186
vn -0.8954 0.3224 -0.3073
vn -0.8573 0.4692 0.2118
vn -0.8312 0.5096 -0.2221
vn -0.8346 0.5046 0.2210
vn -0.8306 0.4807 -0.2812
vn -0.7941 0.4418 -0.4174
vn -0.6850 0.5147 0.5157
vn -0.6787 0.5517 0.4848
vn -0.5938 0.6022 0.5337
vn -0.6489 0.5159 0.5593
vn -0.4567 0.6387 0.6193
vn -0.5710 0.5223 0.6334
vn -0.9790 -0.1900 0.0744
vn -0.9731 -0.2299 -0.0120
vn -0.9800 -0.0958 -0.1744
vn -0.9905 -0.1007 -0.0938
vn -0.7591 0.3901 -0.5212
vn -0.8942 0.2527 0.3694
vn -0.9797 0.0315 0.1980
vn -0.9634 -0.2538 0.0861
vn -0.9884 -0.0643 0.1379
vn -0.9556 0.0874 -0.2815
vn -0.9660 0.0361 -0.2560
vn -0.7025 0.4440 0.5563
vn -0.5989 0.0541 0.7990
vn -0.8033 0.5945 -0.0365
vn -0.5937 0.6022 0.5337
vn -0.8855 0.3358 -0.3211
vn -0.8208 0.5293 -0.2147
vn -0.7208 0.5579 0.4113
vn -0.9084 0.3447 0.2365
vn -0.9298 0.3126 0.1946
vn -0.8955 0.3761 0.2382
vn -0.8785 0.4348 0.1980
vn -0.8721 0.4484 0.1959
vn -0.8774 0.4210 0.2300
vn -0.9346 0.3019 0.1883
vn -0.6610 -0.2085 0.7208
vn -0.9884 -0.0642 0.1379
vn 0.5379 -0.7466 0.3916
vn 0.5322 -0.8152 0.2286
vn 0.7386 -0.6525 0.1691
vn 0.7298 -0.5919 0.3420
vn 0.5123 -0.8587 -0.0123
vn 0.7179 -0.6952 -0.0367
vn 0.8645 -0.4950 -0.0878
vn 0.8706 -0.4743 0.1310
vn 0.8526 -0.4230 0.3069
vn 0.0202 -0.8933 0.4489
vn 0.3032 -0.8315 0.4654
vn 0.3655 -0.6822 0.6333
vn 0.0088 -0.9161 0.4008
vn 0.2506 -0.8763 0.4114
vn 0.5740 -0.6788 0.4580
vn 0.6479 -0.5155 0.5608
vn -0.0000 0.9998 0.0209
vn -0.0000 0.9696 0.2449
vn 0.2155 0.9551 0.2033
vn 0.2422 0.9697 -0.0332
vn -0.0008 0.9252 0.3795
vn 0.1686 0.9238 0.3438
vn 0.3946 0.8777 0.2720
vn 0.4539 0.8836 0.1154
vn 0.5056 0.8601 -0.0680
vn 0.2413 -0.9214 0.3045
vn 0.2479 -0.9686 0.0205
vn 0.4630 0.0298 -0.8858
vn 0.4609 -0.1312 -0.8777
vn 0.4466 0.2085 -0.8701
vn 0.4845 0.2026 -0.8510
vn 0.4848 0.0438 -0.8735
vn 0.4648 -0.0902 -0.8808
vn 0.2215 -0.9359 -0.2737
vn 0.1856 -0.8232 -0.5366
vn 0.4226 -0.7562 -0.4996
vn 0.4739 -0.8478 -0.2380
vn 0.0153 0.3925 0.9196
vn 0.2883 0.2657 0.9199
vn 0.2170 0.5411 0.8125
vn 0.0118 -0.1187 0.9929
vn 0.3678 -0.1460 0.9184
vn 0.3448 0.3238 0.8810
vn 0.7402 -0.1314 0.6594
vn 0.6887 0.2630 0.6757
vn 0.5847 0.1415 0.7988
vn 0.5295 0.3799 0.7585
vn 0.0001 -0.6442 -0.7649
vn 0.1674 -0.6256 -0.7620
vn 0.0001 -0.5786 -0.8156
vn 0.1953 -0.5281 -0.8264
vn 0.3494 -0.4431 -0.8256
vn 0.3757 -0.5729 -0.7285
vn -0.0000 0.4368 -0.8996
vn 0.4142 0.3919 -0.8215
vn -0.0000 0.6150 -0.7885
vn 0.3756 0.5613 -0.7375
vn 0.4568 0.5382 -0.7082
vn 0.4698 0.3709 -0.8010
vn 0.0001 -0.5545 -0.8322
vn 0.2711 -0.4683 -0.8410
vn 0.3655 -0.4096 -0.8358
vn 0.3761 -0.2974 -0.8775
vn 0.3528 -0.3742 -0.8577
vn -0.0191 0.3975 0.9174
vn 0.2550 0.4987 0.8284
vn 0.4882 0.4898 0.7223
vn 0.3030 0.7479 0.5906
vn 0.4297 0.6939 0.5778
vn 0.2077 0.8867 0.4130
vn 0.3930 0.8150 0.4258
vn -0.0000 -0.3603 -0.9328
vn 0.4353 -0.2924 -0.8515
vn -0.0000 -0.1646 -0.9864
vn 0.4648 -0.0903 -0.8808
vn 0.4220 -0.2164 -0.8804
vn -0.0000 0.7337 -0.6794
vn 0.3521 0.6836 -0.6393
vn 0.3130 0.7966 -0.5172
vn 0.4962 0.7099 -0.4998
vn 0.4711 0.6471 -0.5995
vn 0.3829 -0.4394 0.8126
vn 0.7053 -0.3075 0.6387
vn -0.0000 0.9537 -0.3008
vn 0.2671 0.9120 -0.3112
vn 0.5181 0.7975 -0.3093
vn 0.8647 -0.0158 -0.5020
vn 0.8390 -0.1421 -0.5253
vn 0.7529 -0.0752 -0.6539
vn 0.7820 0.0367 -0.6222
vn 0.7448 -0.2413 -0.6221
vn 0.6572 -0.1988 -0.7270
vn 0.5655 -0.1686 -0.8073
vn 0.6187 -0.0552 -0.7836
vn 0.6564 0.0387 -0.7534
vn 0.5991 0.7985 0.0596
vn 0.6745 0.7284 -0.1200
vn 0.5649 0.7909 0.2352
vn 0.7909 0.5947 0.1446
vn 0.7580 0.5790 0.3003
vn 0.4572 0.6411 0.6164
vn 0.4326 0.4469 0.7830
vn 0.6915 -0.6934 -0.2024
vn 0.6588 -0.6149 -0.4334
vn 0.8111 -0.4516 -0.3718
vn 0.8471 -0.4733 -0.2415
vn 0.5465 0.0888 -0.8327
vn 0.5151 -0.0205 -0.8569
vn 0.5588 0.2161 -0.8006
vn 0.6875 0.2353 -0.6870
vn 0.6801 0.1338 -0.7208
vn 0.6180 -0.4568 -0.6398
vn 0.5608 -0.3500 -0.7504
vn 0.8065 -0.3213 -0.4963
vn 0.9341 0.2072 0.2908
vn 0.7761 -0.1078 0.6214
vn 0.7646 -0.1578 0.6249
vn 0.8950 0.1970 0.4003
vn 0.7849 -0.2248 0.5773
vn 0.9155 -0.3007 0.2674
vn 0.4875 -0.3043 -0.8184
vn 0.4497 -0.2238 -0.8647
vn 0.5479 0.3583 -0.7559
vn 0.5355 0.5200 -0.6654
vn 0.6351 0.4838 -0.6021
vn 0.6746 0.3473 -0.6514
vn 0.4735 -0.1178 -0.8729
vn 0.7062 0.3855 0.5938
vn 0.6532 0.5702 0.4981
vn 0.7646 0.1947 0.6144
vn 0.8282 0.4414 -0.3453
vn 0.8174 0.5521 -0.1643
vn 0.8033 0.5946 -0.0348
vn 0.8196 0.5315 -0.2138
vn 0.8164 -0.1441 0.5593
vn 0.9251 -0.2200 0.3095
vn 0.5984 0.7053 0.3800
vn 0.7476 0.5971 0.2907
vn 0.7050 0.5624 0.4320
vn 0.7225 0.5545 0.4130
vn 0.5576 0.3681 0.7441
vn 0.6727 0.0767 0.7359
vn 0.5988 0.0541 0.7990
vn 0.8022 -0.1612 0.5749
vn 0.8681 0.0120 0.4962
vn 0.7451 -0.3915 0.5399
vn 0.8166 -0.2923 0.4977
vn 0.8795 0.0512 0.4732
vn 0.5656 0.6182 -0.5458
vn 0.6228 0.6349 -0.4572
vn 0.7260 0.5469 -0.4169
vn 0.6834 0.5253 -0.5069
vn 0.7222 -0.5403 0.4319
vn 0.8402 -0.3638 0.4021
vn 0.6820 0.6748 -0.2820
vn 0.7558 0.6264 -0.1907
vn 0.7676 0.5843 -0.2636
vn 0.9384 -0.0363 0.3436
vn 0.9265 -0.2104 0.3119
vn 0.8939 0.2381 -0.3798
vn 0.8852 0.3374 -0.3203
vn 0.8014 0.5935 0.0747
vn 0.7909 0.5947 0.1445
vn 0.8629 0.2794 0.4211
vn 0.8609 -0.0338 0.5076
vn 0.8583 0.2856 0.4263
vn 0.9306 0.0298 0.3647
vn 0.8372 0.3085 -0.4516
vn 0.8626 0.1495 -0.4833
vn 0.7886 0.1532 -0.5955
vn 0.7820 0.2711 -0.5613
vn 0.8647 -0.0157 -0.5020
vn 0.9883 -0.0712 -0.1348
vn 0.9422 -0.3019 -0.1454
vn 0.8975 -0.2571 -0.3584
vn 0.9244 -0.0802 -0.3729
vn 0.8780 0.4415 0.1847
vn 0.9175 0.3322 -0.2187
vn 0.8953 0.3223 -0.3074
vn 0.8573 0.4693 0.2117
vn 0.8346 0.5046 0.2210
vn 0.8312 0.5096 -0.2222
vn 0.8306 0.4806 -0.2813
vn 0.7942 0.4417 -0.4174
vn 0.6862 0.5128 0.5159
vn 0.6496 0.5158 0.5585
vn 0.5948 0.6033 0.5312
vn 0.6800 0.5505 0.4843
vn 0.5714 0.5230 0.6325
vn 0.9790 -0.1900 0.0744
vn 0.9905 -0.1007 -0.0938
vn 0.9800 -0.0960 -0.1744
vn 0.9731 -0.2303 -0.0119
vn 0.7592 0.3900 -0.5211
vn 0.8946 0.2441 0.3744
vn 0.9776 0.0171 0.2096
vn 0.9841 -0.0824 0.1573
vn 0.9537 -0.2758 0.1197
vn 0.9660 0.0363 -0.2560
vn 0.9556 0.0878 -0.2812
vn 0.7411 -0.2240 0.6329
vn 0.8097 0.0340 0.5858
vn 0.7036 0.4147 0.5771
vn 0.8033 0.5946 -0.0347
vn 0.6799 0.5505 0.4844
vn 0.8852 0.3374 -0.3202
vn 0.9731 -0.2302 -0.0119
vn 0.7224 0.5546 0.4130
vn 0.9084 0.3448 0.2365
vn 0.9299 0.3101 0.1978
vn 0.8955 0.3761 0.2382
vn 0.8785 0.4349 0.1979
vn 0.8721 0.4484 0.1959
vn 0.8774 0.4210 0.2300
vn 0.9409 0.2649 0.2112
vn 0.9841 -0.0823 0.1573
vn -0.0623 0.2654 0.9621
vn -0.4802 0.4355 0.7614
vn -0.5900 0.6599 0.4653
vn -0.3990 0.9035 0.1563
vn -0.0110 0.9998 0.0181
vn 0.4242 0.4288 0.7976
vn -0.0622 0.2654 0.9621
vn -0.5505 -0.8267 0.1162
vn -0.9495 -0.2543 -0.1838
vn -0.5593 -0.7788 -0.2841
vn -0.9756 -0.2039 -0.0813
vn -0.0242 -0.9935 0.1117
vn -0.0255 -0.9475 -0.3186
vn 0.8532 0.3534 0.3837
vn 0.9486 -0.2555 -0.1866
vn 0.9752 -0.2046 -0.0839
vn 0.5340 -0.7956 -0.2862
vn -0.0254 -0.9475 -0.3186
vn 0.5574 -0.6740 -0.4847
vn -0.0231 -0.8384 -0.5446
vn -0.0229 -0.8307 -0.5562
vn 0.5576 -0.6655 -0.4961
vn 0.8833 -0.4424 -0.1552
vn 0.9487 -0.1381 -0.2843
vn 0.9464 -0.1297 -0.2958
vn 0.9249 -0.2699 -0.2678
vn -0.0232 -0.8384 -0.5446
vn -0.5796 -0.6607 -0.4770
vn -0.5800 -0.6518 -0.4886
vn -0.0230 -0.8307 -0.5562
vn -0.9501 -0.1345 -0.2814
vn -0.9478 -0.1259 -0.2929
vn -0.8827 -0.4454 -0.1496
vn -0.9177 -0.2942 -0.2670
vn -0.0084 -0.2885 -0.9574
vn 0.4050 -0.1798 -0.8965
vn -0.6095 0.5579 -0.5633
vn -0.6902 0.1804 -0.7008
vn 0.6819 0.1733 -0.7107
vn 0.6028 0.5467 -0.5812
vn -0.4120 -0.1573 -0.8975
vn -0.0085 -0.2885 -0.9574
vn 0.0053 0.9391 -0.3436
vn 0.0053 0.9391 -0.3435
vn -0.4120 -0.1574 -0.8975
vn 0.1478 0.9465 0.2867
vn -0.0645 0.7891 0.6108
vn -0.0646 0.7891 0.6108
vn -0.6655 -0.4323 0.6085
vn 0.9147 0.4017 0.0450
vn 0.9048 0.4234 0.0445
vn -0.7124 -0.6898 0.1290
vn 0.9882 0.0821 -0.1294
vn 0.8480 0.5182 -0.1111
vn -0.5145 -0.8539 -0.0778
vn -0.4463 -0.8331 -0.3266
vn -0.5777 -0.4369 -0.6895
vn 0.0175 0.4199 -0.9074
vn 0.0174 0.4199 -0.9074
vn 0.5861 0.6135 -0.5291
vn 0.7581 0.4879 -0.4326
vn 0.5757 0.7225 -0.3828
vn -0.3081 0.5801 0.7540
vn 0.0366 0.6598 0.7505
vn -0.9384 0.2660 0.2205
vn -0.9409 0.2450 0.2339
vn 0.2768 0.6580 0.7003
vn -0.7634 -0.1427 0.6300
vn -0.7526 -0.0099 0.6585
vn 0.6403 -0.1479 0.7537
vn 0.3416 -0.1507 0.9277
vn -0.3376 0.0271 0.9409
vn 0.0561 -0.0596 0.9966
vn 0.0562 -0.0596 0.9966
vn 0.8482 0.1405 0.5108
vt 0.003236 0.660464
vt 0.031983 0.659922
vt 0.008876 0.626476
vt 0.024276 0.625760
vt 0.016652 0.597801
vt 0.315500 0.115411
vt 0.366610 0.137298
vt 0.365395 0.104957
vt 0.199027 0.289689
vt 0.188422 0.244561
vt 0.181704 0.287000
vt 0.305890 0.175145
vt 0.335389 0.155442
vt 0.308863 0.150420
vt 0.011366 0.519723
vt 0.023105 0.573447
vt 0.040816 0.546677
vt 0.233125 0.932743
vt 0.252250 0.953615
vt 0.239572 0.925072
vt 0.255446 0.920767
vt 0.262739 0.923933
vt 0.229277 0.943648
vt 0.267792 0.968358
vt 0.262539 0.974324
vt 0.268273 0.931315
vt 0.229002 0.955330
vt 0.271502 0.944025
vt 0.271432 0.958766
vt 0.232583 0.965137
vt 0.238984 0.971786
vt 0.246931 0.976117
vt 0.255178 0.977171
vt 0.247389 0.921149
vt 0.198394 0.204310
vt 0.224326 0.180352
vt 0.212702 0.169843
vt 0.828927 0.802367
vt 0.838598 0.752510
vt 0.806239 0.751907
vt 0.769477 0.813285
vt 0.794078 0.809770
vt 0.788683 0.783459
vt 0.189158 0.199172
vt 0.192537 0.183380
vt 0.240131 0.534191
vt 0.246540 0.541780
vt 0.259250 0.514003
vt 0.262307 0.546411
vt 0.269567 0.543499
vt 0.236306 0.523526
vt 0.274794 0.499553
vt 0.269548 0.493584
vt 0.275119 0.536324
vt 0.236026 0.512141
vt 0.278418 0.523763
vt 0.278420 0.509106
vt 0.239593 0.502550
vt 0.245988 0.496015
vt 0.253932 0.491746
vt 0.262183 0.490722
vt 0.254306 0.545803
vt 0.277509 0.758455
vt 0.288588 0.794225
vt 0.303442 0.756688
vt 0.002142 0.500536
vt 0.003392 0.531528
vt 0.037157 0.623556
vt 0.286167 0.806471
vt 0.294280 0.812472
vt 0.278171 0.862959
vt 0.278837 0.886183
vt 0.290304 0.870948
vt 0.746958 0.931542
vt 0.692729 0.936972
vt 0.693322 0.941955
vt 0.835039 0.554546
vt 0.835039 0.547861
vt 0.828719 0.547861
vt 0.828719 0.554546
vt 0.840902 0.554546
vt 0.840902 0.547861
vt 0.620666 0.576488
vt 0.620666 0.569956
vt 0.614006 0.569956
vt 0.614006 0.576488
vt 0.627770 0.576488
vt 0.627770 0.569956
vt 0.634805 0.576488
vt 0.634805 0.569956
vt 0.641620 0.576488
vt 0.641620 0.569956
vt 0.822178 0.554546
vt 0.822178 0.547861
vt 0.815923 0.547861
vt 0.815923 0.554546
vt 0.835039 0.537324
vt 0.828719 0.537324
vt 0.840902 0.537324
vt 0.620666 0.559756
vt 0.614006 0.559756
vt 0.627770 0.559756
vt 0.634805 0.559756
vt 0.641620 0.559756
vt 0.822178 0.537324
vt 0.815923 0.537324
vt 0.835039 0.526363
vt 0.828719 0.526363
vt 0.840902 0.526363
vt 0.620666 0.549121
vt 0.614006 0.549121
vt 0.627770 0.549121
vt 0.634805 0.549121
vt 0.641620 0.549121
vt 0.822178 0.526363
vt 0.815923 0.526363
vt 0.835039 0.511842
vt 0.828719 0.511842
vt 0.840902 0.511842
vt 0.620666 0.535081
vt 0.614006 0.535081
vt 0.627770 0.535081
vt 0.634805 0.535081
vt 0.641620 0.535081
vt 0.822178 0.511842
vt 0.815923 0.511842
vt 0.835039 0.478049
vt 0.828719 0.478049
vt 0.840902 0.478049
vt 0.620666 0.502465
vt 0.614006 0.502465
vt 0.627770 0.502465
vt 0.634805 0.502465
vt 0.641620 0.502465
vt 0.822178 0.478049
vt 0.815923 0.478049
vt 0.835039 0.441118
vt 0.828719 0.441118
vt 0.840902 0.441118
vt 0.620666 0.466696
vt 0.614006 0.466696
vt 0.627770 0.466696
vt 0.634805 0.466696
vt 0.641620 0.466696
vt 0.822178 0.441118
vt 0.815923 0.441118
vt 0.835039 0.401112
vt 0.828719 0.401112
vt 0.840902 0.401112
vt 0.620666 0.427314
vt 0.614006 0.427314
vt 0.627770 0.427314
vt 0.634805 0.427314
vt 0.641620 0.427314
vt 0.822178 0.401112
vt 0.815923 0.401112
vt 0.835039 0.362895
vt 0.828719 0.362895
vt 0.840902 0.362895
vt 0.620666 0.389883
vt 0.614006 0.389883
vt 0.627770 0.389883
vt 0.634805 0.389883
vt 0.641620 0.389883
vt 0.822178 0.362895
vt 0.815923 0.362895
vt 0.835039 0.329140
vt 0.828719 0.329140
vt 0.840902 0.329140
vt 0.620666 0.357262
vt 0.614006 0.357262
vt 0.627770 0.357262
vt 0.634805 0.357262
vt 0.641620 0.357262
vt 0.822178 0.329140
vt 0.815923 0.329140
vt 0.835039 0.298148
vt 0.828719 0.298148
vt 0.840902 0.298148
vt 0.620666 0.327449
vt 0.614006 0.327449
vt 0.627770 0.327449
vt 0.634805 0.327449
vt 0.641620 0.327449
vt 0.822178 0.298148
vt 0.815923 0.298148
vt 0.835039 0.270363
vt 0.828719 0.270363
vt 0.840902 0.270363
vt 0.620666 0.300713
vt 0.614006 0.300713
vt 0.627770 0.300713
vt 0.634805 0.300713
vt 0.641620 0.300713
vt 0.822178 0.270363
vt 0.815923 0.270363
vt 0.835039 0.243996
vt 0.828719 0.243996
vt 0.840902 0.243996
vt 0.620666 0.275339
vt 0.614006 0.275339
vt 0.627770 0.275339
vt 0.634805 0.275339
vt 0.641620 0.275339
vt 0.822178 0.243996
vt 0.815923 0.243996
vt 0.835039 0.219853
vt 0.828719 0.219853
vt 0.840902 0.219853
vt 0.620666 0.252100
vt 0.614006 0.252100
vt 0.627770 0.252100
vt 0.634805 0.252100
vt 0.641620 0.252100
vt 0.822178 0.219853
vt 0.815923 0.219853
vt 0.835039 0.198945
vt 0.828719 0.198945
vt 0.840902 0.198945
vt 0.620666 0.232443
vt 0.614006 0.232443
vt 0.627770 0.232443
vt 0.634805 0.232443
vt 0.641620 0.232443
vt 0.822178 0.198945
vt 0.815923 0.198945
vt 0.835039 0.182055
vt 0.828719 0.182055
vt 0.840902 0.182055
vt 0.620666 0.215967
vt 0.614006 0.215967
vt 0.627770 0.215967
vt 0.634805 0.215967
vt 0.641620 0.215967
vt 0.822178 0.182055
vt 0.815923 0.182055
vt 0.835039 0.170158
vt 0.828719 0.170158
vt 0.840902 0.170158
vt 0.620666 0.204419
vt 0.614006 0.204419
vt 0.627770 0.204419
vt 0.634805 0.204419
vt 0.641620 0.204419
vt 0.822178 0.170158
vt 0.815923 0.170158
vt 0.835039 0.157946
vt 0.828719 0.157946
vt 0.840902 0.157946
vt 0.620666 0.192799
vt 0.614006 0.192799
vt 0.627770 0.192799
vt 0.634805 0.192799
vt 0.641620 0.192799
vt 0.822178 0.157946
vt 0.815923 0.157946
vt 0.031678 0.981617
vt 0.045987 0.974734
vt 0.033685 0.957049
vt 0.024171 0.970224
vt 0.032480 0.992303
vt 0.046077 0.994474
vt 0.620666 0.178680
vt 0.614006 0.178680
vt 0.627770 0.178680
vt 0.634805 0.178680
vt 0.641620 0.178680
vt 0.012563 0.956961
vt 0.020118 0.941047
vt 0.003195 0.935492
vt 0.002580 0.953709
vt 0.138244 0.635744
vt 0.099128 0.646688
vt 0.110268 0.681155
vt 0.154112 0.671871
vt 0.123687 0.716720
vt 0.169025 0.710517
vt 0.070848 0.689463
vt 0.082265 0.724958
vt 0.063949 0.655665
vt 0.203744 0.504498
vt 0.145238 0.533187
vt 0.167910 0.582525
vt 0.228843 0.559101
vt 0.187043 0.625548
vt 0.246832 0.607743
vt 0.123278 0.599149
vt 0.107656 0.563702
vt 0.413916 0.399396
vt 0.406267 0.361048
vt 0.367391 0.383115
vt 0.374490 0.414152
vt 0.332952 0.392125
vt 0.339827 0.423179
vt 0.354451 0.335708
vt 0.319964 0.345410
vt 0.390518 0.319101
vt 0.203507 0.663277
vt 0.259827 0.650365
vt 0.217036 0.704473
vt 0.268398 0.698025
vt 0.618582 0.136710
vt 0.595712 0.134034
vt 0.591470 0.153047
vt 0.614807 0.157351
vt 0.585616 0.172487
vt 0.608897 0.178590
vt 0.560137 0.147050
vt 0.554379 0.165320
vt 0.563317 0.129197
vt 0.219791 0.759610
vt 0.268222 0.760411
vt 0.213877 0.808813
vt 0.258683 0.816436
vt 0.174556 0.757788
vt 0.171992 0.801463
vt 0.147801 0.407553
vt 0.162573 0.354239
vt 0.150673 0.345592
vt 0.133154 0.407151
vt 0.106672 0.398455
vt 0.072397 0.447138
vt 0.101372 0.464695
vt 0.137975 0.422229
vt 0.038481 0.485234
vt 0.069143 0.508562
vt 0.183467 0.312144
vt 0.170041 0.305509
vt 0.199962 0.851931
vt 0.241173 0.866170
vt 0.183526 0.891116
vt 0.218604 0.909123
vt 0.161005 0.839183
vt 0.149622 0.873821
vt 0.576596 0.193702
vt 0.600274 0.201515
vt 0.561018 0.217929
vt 0.586195 0.229609
vt 0.544922 0.184896
vt 0.529024 0.207226
vt 0.173660 0.921914
vt 0.202585 0.938663
vt 0.173941 0.949525
vt 0.191547 0.959915
vt 0.142847 0.903756
vt 0.139125 0.928506
vt 0.195924 0.421203
vt 0.216729 0.383545
vt 0.225175 0.333902
vt 0.258321 0.384166
vt 0.258070 0.343956
vt 0.294889 0.394975
vt 0.307203 0.429269
vt 0.287783 0.347776
vt 0.161915 0.967561
vt 0.180292 0.979322
vt 0.149335 0.983605
vt 0.168042 0.997053
vt 0.132731 0.947724
vt 0.123274 0.963633
vt 0.534469 0.250050
vt 0.563181 0.266342
vt 0.500305 0.286655
vt 0.534347 0.304926
vt 0.504301 0.233210
vt 0.471959 0.261993
vt 0.125222 0.492575
vt 0.170426 0.455018
vt 0.090623 0.533480
vt 0.478399 0.359421
vt 0.454727 0.326599
vt 0.431861 0.292559
vt 0.031513 0.842109
vt 0.049751 0.882517
vt 0.072092 0.877791
vt 0.061937 0.840481
vt 0.093971 0.879799
vt 0.091856 0.850037
vt 0.086461 0.905519
vt 0.097867 0.899568
vt 0.071128 0.914588
vt 0.370365 0.281219
vt 0.338937 0.312842
vt 0.311198 0.324840
vt 0.231980 0.910923
vt 0.245727 0.905716
vt 0.289602 0.935156
vt 0.290284 0.957550
vt 0.132686 0.756872
vt 0.134538 0.795182
vt 0.095190 0.763398
vt 0.107205 0.790740
vt 0.528712 0.122769
vt 0.524925 0.140547
vt 0.519842 0.158916
vt 0.489164 0.135524
vt 0.485815 0.155086
vt 0.493658 0.116536
vt 0.127425 0.829137
vt 0.120012 0.861173
vt 0.095938 0.815049
vt 0.211567 0.235347
vt 0.217766 0.208341
vt 0.272386 0.991290
vt 0.254857 0.997808
vt 0.116851 0.889452
vt 0.114538 0.911780
vt 0.512656 0.177713
vt 0.500932 0.196392
vt 0.483421 0.173759
vt 0.481848 0.188348
vt 0.107132 0.927351
vt 0.096107 0.940817
vt 0.256789 0.324638
vt 0.228488 0.312016
vt 0.224942 0.257369
vt 0.234102 0.250398
vt 0.230234 0.233099
vt 0.219894 0.233952
vt 0.318821 0.261795
vt 0.302851 0.255236
vt 0.294918 0.266982
vt 0.307766 0.278991
vt 0.283684 0.328260
vt 0.237954 0.196597
vt 0.242634 0.205303
vt 0.255288 0.197543
vt 0.255738 0.186241
vt 0.317241 0.220486
vt 0.301082 0.226244
vt 0.305304 0.241631
vt 0.322278 0.241176
vt 0.063483 0.567207
vt 0.079614 0.587868
vt 0.043314 0.595774
vt 0.060512 0.603953
vt 0.478811 0.215105
vt 0.447975 0.235840
vt 0.460818 0.196879
vt 0.429200 0.209915
vt 0.089596 0.614720
vt 0.061134 0.625502
vt 0.410569 0.258167
vt 0.365772 0.239994
vt 0.390922 0.225785
vt 0.237591 0.276623
vt 0.243484 0.264938
vt 0.233528 0.217400
vt 0.224922 0.212717
vt 0.234202 0.188597
vt 0.257248 0.175129
vt 0.249055 0.163582
vt 0.412228 0.158947
vt 0.450659 0.155139
vt 0.451920 0.132836
vt 0.411139 0.133079
vt 0.456771 0.110597
vt 0.414624 0.105845
vt 0.004028 0.743079
vt 0.016885 0.793301
vt 0.059570 0.788422
vt 0.043360 0.737104
vt 0.324004 0.191232
vt 0.347220 0.178834
vt 0.371416 0.166804
vt 0.342117 0.242474
vt 0.356764 0.206067
vt 0.336742 0.214870
vt 0.376902 0.195457
vt 0.417418 0.184206
vt 0.274703 0.183004
vt 0.269084 0.194951
vt 0.282179 0.198181
vt 0.292326 0.187451
vt 0.293039 0.209060
vt 0.306847 0.200821
vt 0.291428 0.289402
vt 0.282894 0.274137
vt 0.269095 0.276277
vt 0.273007 0.292298
vt 0.453028 0.176717
vt 0.282466 0.170175
vt 0.277098 0.151287
vt 0.034444 0.695713
vt 0.002095 0.697273
vt 0.255626 0.273766
vt 0.254561 0.288727
vt 0.012921 0.482548
vt 0.285209 0.977277
vt 0.220350 0.921771
vt 0.273423 0.910035
vt 0.283759 0.919400
vt 0.222912 0.986705
vt 0.213357 0.973823
vt 0.209936 0.957155
vt 0.212441 0.938422
vt 0.237306 0.995491
vt 0.260169 0.905542
vt 0.255691 0.305449
vt 0.232677 0.290344
vt 0.279372 0.309004
vt 0.336837 0.268854
vt 0.323023 0.291346
vt 0.302424 0.304642
vt 0.216610 0.265613
vt 0.180004 0.245942
vt 0.272158 0.131737
vt 0.240596 0.151901
vt 0.407866 0.747890
vt 0.423330 0.710691
vt 0.379247 0.700958
vt 0.367805 0.736016
vt 0.437973 0.672067
vt 0.392985 0.665470
vt 0.351937 0.656924
vt 0.340118 0.692567
vt 0.332914 0.726904
vt 0.476302 0.871792
vt 0.498661 0.819962
vt 0.437890 0.801255
vt 0.417963 0.850178
vt 0.515101 0.773613
vt 0.455904 0.758231
vt 0.393354 0.785415
vt 0.378217 0.821450
vt 0.543341 0.709376
vt 0.529290 0.749113
vt 0.560475 0.755592
vt 0.581832 0.716315
vt 0.520929 0.784043
vt 0.552119 0.790180
vt 0.599086 0.802258
vt 0.608129 0.767639
vt 0.624071 0.731297
vt 0.527391 0.732707
vt 0.472018 0.720295
vt 0.536369 0.686686
vt 0.485508 0.679086
vt 0.802434 0.500066
vt 0.781856 0.504183
vt 0.786548 0.527443
vt 0.805488 0.522884
vt 0.760715 0.510452
vt 0.767208 0.533627
vt 0.774907 0.564735
vt 0.793077 0.558665
vt 0.810875 0.555181
vt 0.537947 0.625770
vt 0.489549 0.625022
vt 0.530442 0.570459
vt 0.485377 0.576312
vt 0.443253 0.582333
vt 0.444368 0.625711
vt 0.538702 0.975470
vt 0.544302 0.989138
vt 0.598606 0.967800
vt 0.591675 0.959472
vt 0.390757 0.980657
vt 0.419562 0.953960
vt 0.378195 0.917234
vt 0.351539 0.935539
vt 0.342010 0.877149
vt 0.314788 0.901732
vt 0.638766 0.950175
vt 0.631502 0.936572
vt 0.515003 0.520720
vt 0.473183 0.533131
vt 0.494367 0.477146
vt 0.458459 0.493552
vt 0.423800 0.509592
vt 0.433731 0.544485
vt 0.737932 0.519469
vt 0.746148 0.543011
vt 0.710077 0.534039
vt 0.722188 0.559014
vt 0.733441 0.590821
vt 0.755493 0.574533
vt 0.479625 0.446935
vt 0.449973 0.462468
vt 0.469336 0.425105
vt 0.451379 0.434919
vt 0.415677 0.454694
vt 0.418334 0.479501
vt 0.521927 0.928045
vt 0.561740 0.906251
vt 0.612366 0.896930
vt 0.557974 0.863966
vt 0.601277 0.864355
vt 0.515271 0.816884
vt 0.549085 0.827426
vt 0.597280 0.834466
vt 0.458568 0.405223
vt 0.439934 0.416518
vt 0.446700 0.387178
vt 0.427762 0.400136
vt 0.401198 0.419098
vt 0.410053 0.435310
vt 0.673742 0.557703
vt 0.690527 0.586135
vt 0.635666 0.587227
vt 0.654536 0.620945
vt 0.679696 0.648849
vt 0.707896 0.615999
vt 0.448134 0.920144
vt 0.399444 0.889488
vt 0.361953 0.851785
vt 0.582166 0.644154
vt 0.615409 0.667236
vt 0.649859 0.689488
vt 0.304398 0.537942
vt 0.334761 0.540407
vt 0.346396 0.503083
vt 0.324257 0.497550
vt 0.365038 0.531605
vt 0.368369 0.501799
vt 0.373120 0.482117
vt 0.361972 0.475727
vt 0.347057 0.466017
vt 0.631276 0.782756
vt 0.662316 0.750780
vt 0.619781 0.810702
vt 0.239024 0.555196
vt 0.252638 0.560682
vt 0.296356 0.532980
vt 0.297196 0.510626
vt 0.402709 0.625787
vt 0.405687 0.587666
vt 0.378304 0.591533
vt 0.365593 0.618710
vt 0.800186 0.593752
vt 0.817899 0.589658
vt 0.781905 0.599152
vt 0.786331 0.633095
vt 0.805831 0.629404
vt 0.824738 0.624580
vt 0.399778 0.553532
vt 0.393645 0.521277
vt 0.367852 0.566865
vt 0.709442 0.907131
vt 0.698875 0.929494
vt 0.744004 0.917556
vt 0.735947 0.900691
vt 0.279408 0.476669
vt 0.261829 0.470116
vt 0.391683 0.492894
vt 0.390340 0.470499
vt 0.763236 0.606664
vt 0.744766 0.618714
vt 0.753147 0.637650
vt 0.767704 0.635820
vt 0.383610 0.454665
vt 0.373191 0.440754
vt 0.634152 0.893156
vt 0.620774 0.865155
vt 0.656725 0.921618
vt 0.688129 0.894977
vt 0.710907 0.899005
vt 0.711884 0.888985
vt 0.694957 0.885767
vt 0.682675 0.801991
vt 0.665667 0.813341
vt 0.677905 0.825973
vt 0.689518 0.817848
vt 0.616781 0.838320
vt 0.748066 0.880781
vt 0.758651 0.863174
vt 0.747388 0.863861
vt 0.739497 0.876363
vt 0.724005 0.802865
vt 0.703229 0.798183
vt 0.703086 0.815171
vt 0.718547 0.819132
vt 0.332384 0.818668
vt 0.311415 0.840308
vt 0.348161 0.797078
vt 0.328659 0.780417
vt 0.311829 0.789180
vt 0.726449 0.641163
vt 0.706272 0.672364
vt 0.732527 0.690676
vt 0.744992 0.658828
vt 0.358058 0.769088
vt 0.329473 0.757873
vt 0.684628 0.710168
vt 0.703610 0.754649
vt 0.717352 0.729245
vt 0.273737 0.723408
vt 0.301625 0.722710
vt 0.669170 0.883247
vt 0.680645 0.877068
vt 0.731821 0.893762
vt 0.727373 0.885451
vt 0.755972 0.884313
vt 0.763869 0.893809
vt 0.769765 0.861414
vt 0.781201 0.869128
vt 0.783777 0.706721
vt 0.809654 0.707337
vt 0.809173 0.666578
vt 0.786900 0.668237
vt 0.836817 0.703360
vt 0.831321 0.661335
vt 0.274472 0.638504
vt 0.313480 0.644564
vt 0.330757 0.593029
vt 0.288278 0.587379
vt 0.753115 0.795537
vt 0.765080 0.772081
vt 0.776660 0.747662
vt 0.701564 0.778356
vt 0.729255 0.783241
vt 0.737685 0.763047
vt 0.747921 0.742710
vt 0.758439 0.701993
vt 0.761914 0.844397
vt 0.757364 0.827038
vt 0.746767 0.837347
vt 0.750041 0.850236
vt 0.743842 0.812878
vt 0.735815 0.826797
vt 0.655531 0.829856
vt 0.652949 0.848315
vt 0.669056 0.851927
vt 0.670955 0.838109
vt 0.765287 0.666255
vt 0.774656 0.836397
vt 0.793478 0.841216
vt 0.272190 0.685366
vt 0.304148 0.686396
vt 0.656855 0.866661
vt 0.671766 0.865287
vt 0.668398 0.945099
vt 0.660946 0.938691
vt 0.290262 0.906943
vt 0.292228 0.490784
vt 0.227426 0.544545
vt 0.280074 0.557494
vt 0.290422 0.548514
vt 0.229864 0.481262
vt 0.220345 0.494072
vt 0.216964 0.510415
vt 0.219502 0.528490
vt 0.244249 0.472455
vt 0.266911 0.561430
vt 0.640070 0.865853
vt 0.655663 0.888495
vt 0.636114 0.842273
vt 0.675288 0.784097
vt 0.653046 0.798301
vt 0.640104 0.819136
vt 0.680161 0.903521
vt 0.813004 0.845568
vt 0.792823 0.876994
vt 0.771722 0.903381
vt 0.221561 0.428602
vt 0.236461 0.412082
vt 0.259545 0.409314
vt 0.281897 0.415752
vt 0.294913 0.431213
vt 0.531470 0.890647
vt 0.514532 0.902528
vt 0.533054 0.865212
vt 0.511835 0.828737
vt 0.527115 0.840375
vt 0.070811 0.967318
vt 0.072572 0.962961
vt 0.064445 0.964297
vt 0.062924 0.967832
vt 0.074386 0.955748
vt 0.065738 0.957568
vt 0.070137 0.971431
vt 0.062084 0.971202
vt 0.430405 0.980066
vt 0.431769 0.987425
vt 0.439866 0.989025
vt 0.438981 0.982316
vt 0.433389 0.992061
vt 0.441253 0.992750
vt 0.434034 0.996305
vt 0.442067 0.996212
vt 0.445944 0.991864
vt 0.446825 0.994698
vt 0.451493 0.993205
vt 0.450753 0.990961
vt 0.444414 0.983418
vt 0.444929 0.988627
vt 0.450083 0.988344
vt 0.450097 0.984188
vt 0.057362 0.969495
vt 0.058262 0.966748
vt 0.053493 0.965632
vt 0.052753 0.967785
vt 0.059425 0.963689
vt 0.054302 0.963172
vt 0.060291 0.958458
vt 0.054610 0.958994
vt 0.458627 0.990670
vt 0.457985 0.989682
vt 0.046587 0.960271
vt 0.046829 0.962873
vt 0.457509 0.988398
vt 0.458089 0.985860
vt 0.046201 0.964063
vt 0.045827 0.965210
vt 0.459832 0.985272
vt 0.044964 0.959634
vt 0.460059 0.990514
vt 0.434213 0.975093
vt 0.426136 0.973784
vt 0.424779 0.976216
vt 0.079037 0.949644
vt 0.070754 0.950553
vt 0.080192 0.952182
vt 0.439612 0.978985
vt 0.065241 0.954205
vt 0.444389 0.981316
vt 0.060391 0.956337
vt 0.055127 0.957656
vt 0.047323 0.958492
vt 0.045381 0.958776
vt 0.459261 0.984342
vt 0.457447 0.984021
vt 0.449640 0.982858
vt 0.038354 0.438054
vt 0.081071 0.377963
vt 0.012913 0.578023
vt 0.316174 0.945663
vt 0.362052 0.997151
vt 0.173299 0.278225
vt 0.161700 0.296748
vt 0.646044 0.957813
vt 0.609914 0.978273
vt 0.143011 0.338592
vt 0.123132 0.405245
vt 0.549476 0.997997
vt 0.756079 0.931123
s 1
usemtl Body
f 1/1/1 2/2/2 3/3/3
f 3/3/3 4/4/4 5/5/5
f 6/6/6 7/7/7 8/8/8
f 9/9/9 10/10/10 11/11/11
f 12/12/12 13/13/13 14/14/14
f 15/15/15 16/16/16 17/17/17
f 18/18/18 19/19/19 20/20/20
f 21/21/21 19/19/19 22/22/22
f 23/23/23 19/19/19 18/18/18
f 24/24/24 19/19/19 25/25/25
f 22/22/22 19/19/19 26/26/26
f 27/27/27 19/19/19 23/23/23
f 28/28/28 19/19/19 29/29/29
f 30/30/30 19/19/19 27/27/27
f 29/29/29 19/19/19 24/24/24
f 31/31/31 19/19/19 30/30/30
f 26/26/26 19/19/19 28/28/28
f 32/32/32 19/19/19 31/31/31
f 33/33/33 19/19/19 32/32/32
f 20/20/20 19/19/19 34/34/34
f 25/25/25 19/19/19 33/33/33
f 34/34/34 19/19/19 21/21/21
f 35/35/35 36/36/36 37/37/3
f 38/38/37 39/39/38 40/40/39
f 41/41/40 42/42/41 43/43/42
f 44/44/43 35/35/35 45/45/44
f 46/46/45 47/47/46 48/48/47
f 49/49/48 50/50/49 48/48/47
f 51/51/50 46/46/45 48/48/47
f 52/52/51 53/53/52 48/48/47
f 50/50/49 54/54/53 48/48/47
f 55/55/54 51/51/50 48/48/47
f 56/56/55 57/57/56 48/48/47
f 58/58/57 55/55/54 48/48/47
f 57/57/56 52/52/51 48/48/47
f 59/59/58 58/58/57 48/48/47
f 54/54/53 56/56/55 48/48/47
f 60/60/59 59/59/58 48/48/47
f 61/61/60 60/60/59 48/48/47
f 47/47/46 62/62/61 48/48/47
f 53/53/52 61/61/60 48/48/47
f 62/62/61 49/49/48 48/48/47
f 63/63/62 64/64/63 65/65/64
f 66/66/65 67/67/66 15/15/15
f 68/4/67 2/2/2 69/68/68
f 45/45/44 35/35/35 37/37/3
f 64/64/63 70/69/69 71/70/70
f 72/71/71 73/72/72 74/73/73
f 70/69/69 72/71/71 71/70/70
f 75/74/74 76/75/75 77/76/76
f 3/3/3 2/2/2 4/4/4
f 78/77/77 79/78/78 80/79/79
f 78/77/77 80/79/79 81/80/80
f 82/81/81 83/82/82 79/78/78
f 82/81/81 79/78/78 78/77/77
f 84/83/83 85/84/84 86/85/82
f 84/83/83 86/85/82 87/86/85
f 88/87/86 89/88/87 85/84/84
f 88/87/86 85/84/84 84/83/83
f 90/89/88 91/90/89 89/88/87
f 90/89/88 89/88/87 88/87/86
f 92/91/90 93/92/91 91/90/89
f 92/91/90 91/90/89 90/89/88
f 94/93/92 95/94/93 96/95/94
f 94/93/92 96/95/94 97/96/90
f 81/80/80 80/79/79 95/94/93
f 81/80/80 95/94/93 94/93/92
f 79/78/78 98/97/95 99/98/96
f 79/78/78 99/98/96 80/79/79
f 83/82/82 100/99/97 98/97/95
f 83/82/82 98/97/95 79/78/78
f 85/84/84 101/100/98 102/101/97
f 85/84/84 102/101/97 86/85/82
f 89/88/87 103/102/99 101/100/98
f 89/88/87 101/100/98 85/84/84
f 91/90/89 104/103/100 103/102/99
f 91/90/89 103/102/99 89/88/87
f 93/92/91 105/104/101 104/103/100
f 93/92/91 104/103/100 91/90/89
f 95/94/93 106/105/102 107/106/103
f 95/94/93 107/106/103 96/95/94
f 80/79/79 99/98/96 106/105/102
f 80/79/79 106/105/102 95/94/93
f 98/97/95 108/107/104 109/108/105
f 98/97/95 109/108/105 99/98/96
f 100/99/97 110/109/106 108/107/104
f 100/99/97 108/107/104 98/97/95
f 101/100/98 111/110/107 112/111/108
f 101/100/98 112/111/108 102/101/97
f 103/102/99 113/112/109 111/110/107
f 103/102/99 111/110/107 101/100/98
f 104/103/100 114/113/110 113/112/109
f 104/103/100 113/112/109 103/102/99
f 105/104/101 115/114/111 114/113/110
f 105/104/101 114/113/110 104/103/100
f 106/105/102 116/115/112 117/116/113
f 106/105/102 117/116/113 107/106/103
f 99/98/96 109/108/105 116/115/112
f 99/98/96 116/115/112 106/105/102
f 108/107/104 118/117/114 119/118/115
f 108/107/104 119/118/115 109/108/105
f 110/109/106 120/119/116 118/117/114
f 110/109/106 118/117/114 108/107/104
f 111/110/107 121/120/117 122/121/118
f 111/110/107 122/121/118 112/111/108
f 113/112/109 123/122/119 121/120/117
f 113/112/109 121/120/117 111/110/107
f 114/113/110 124/123/120 123/122/119
f 114/113/110 123/122/119 113/112/109
f 115/114/111 125/124/121 124/123/120
f 115/114/111 124/123/120 114/113/110
f 116/115/112 126/125/122 127/126/121
f 116/115/112 127/126/121 117/116/113
f 109/108/105 119/118/115 126/125/122
f 109/108/105 126/125/122 116/115/112
f 118/117/114 128/127/123 129/128/124
f 118/117/114 129/128/124 119/118/115
f 120/119/116 130/129/125 128/127/123
f 120/119/116 128/127/123 118/117/114
f 121/120/117 131/130/126 132/131/127
f 121/120/117 132/131/127 122/121/118
f 123/122/119 133/132/128 131/130/126
f 123/122/119 131/130/126 121/120/117
f 124/123/120 134/133/129 133/132/128
f 124/123/120 133/132/128 123/122/119
f 125/124/121 135/134/130 134/133/129
f 125/124/121 134/133/129 124/123/120
f 126/125/122 136/135/131 137/136/132
f 126/125/122 137/136/132 127/126/121
f 119/118/115 129/128/124 136/135/131
f 119/118/115 136/135/131 126/125/122
f 128/127/123 138/137/133 139/138/134
f 128/127/123 139/138/134 129/128/124
f 130/129/125 140/139/135 138/137/133
f 130/129/125 138/137/133 128/127/123
f 131/130/126 141/140/136 142/141/137
f 131/130/126 142/141/137 132/131/127
f 133/132/128 143/142/138 141/140/136
f 133/132/128 141/140/136 131/130/126
f 134/133/129 144/143/139 143/142/138
f 134/133/129 143/142/138 133/132/128
f 135/134/130 145/144/140 144/143/139
f 135/134/130 144/143/139 134/133/129
f 136/135/131 146/145/141 147/146/142
f 136/135/131 147/146/142 137/136/132
f 129/128/124 139/138/134 146/145/141
f 129/128/124 146/145/141 136/135/131
f 138/137/133 148/147/143 149/148/144
f 138/137/133 149/148/144 139/138/134
f 140/139/135 150/149/145 148/147/143
f 140/139/135 148/147/143 138/137/133
f 141/140/136 151/150/146 152/151/147
f 141/140/136 152/151/147 142/141/137
f 143/142/138 153/152/148 151/150/146
f 143/142/138 151/150/146 141/140/136
f 144/143/139 154/153/149 153/152/148
f 144/143/139 153/152/148 143/142/138
f 145/144/140 155/154/150 154/153/149
f 145/144/140 154/153/149 144/143/139
f 146/145/141 156/155/151 157/156/152
f 146/145/141 157/156/152 147/146/142
f 139/138/134 149/148/144 156/155/151
f 139/138/134 156/155/151 146/145/141
f 148/147/143 158/157/153 159/158/154
f 148/147/143 159/158/154 149/148/144
f 150/149/145 160/159/155 158/157/153
f 150/149/145 158/157/153 148/147/143
f 151/150/146 161/160/156 162/161/155
f 151/150/146 162/161/155 152/151/147
f 153/152/148 163/162/157 161/160/156
f 153/152/148 161/160/156 151/150/146
f 154/153/149 164/163/158 163/162/157
f 154/153/149 163/162/157 153/152/148
f 155/154/150 165/164/159 164/163/158
f 155/154/150 164/163/158 154/153/149
f 156/155/151 166/165/160 167/166/161
f 156/155/151 167/166/161 157/156/152
f 149/148/144 159/158/154 166/165/160
f 149/148/144 166/165/160 156/155/151
f 158/157/153 168/167/162 169/168/163
f 158/157/153 169/168/163 159/158/154
f 160/159/155 170/169/164 168/167/162
f 160/159/155 168/167/162 158/157/153
f 161/160/156 171/170/165 172/171/166
f 161/160/156 172/171/166 162/161/155
f 163/162/157 173/172/167 171/170/165
f 163/162/157 171/170/165 161/160/156
f 164/163/158 174/173/168 173/172/167
f 164/163/158 173/172/167 163/162/157
f 165/164/159 175/174/169 174/173/168
f 165/164/159 174/173/168 164/163/158
f 166/165/160 176/175/170 177/176/171
f 166/165/160 177/176/171 167/166/161
f 159/158/154 169/168/163 176/175/170
f 159/158/154 176/175/170 166/165/160
f 168/167/162 178/177/172 179/178/173
f 168/167/162 179/178/173 169/168/163
f 170/169/164 180/179/174 178/177/172
f 170/169/164 178/177/172 168/167/162
f 171/170/165 181/180/175 182/181/174
f 171/170/165 182/181/174 172/171/166
f 173/172/167 183/182/176 181/180/175
f 173/172/167 181/180/175 171/170/165
f 174/173/168 184/183/177 183/182/176
f 174/173/168 183/182/176 173/172/167
f 175/174/169 185/184/178 184/183/177
f 175/174/169 184/183/177 174/173/168
f 176/175/170 186/185/179 187/186/178
f 176/175/170 187/186/178 177/176/171
f 169/168/163 179/178/173 186/185/179
f 169/168/163 186/185/179 176/175/170
f 178/177/172 188/187/180 189/188/181
f 178/177/172 189/188/181 179/178/173
f 180/179/174 190/189/182 188/187/180
f 180/179/174 188/187/180 178/177/172
f 181/180/175 191/190/183 192/191/184
f 181/180/175 192/191/184 182/181/174
f 183/182/176 193/192/185 191/190/183
f 183/182/176 191/190/183 181/180/175
f 184/183/177 194/193/186 193/192/185
f 184/183/177 193/192/185 183/182/176
f 185/184/178 195/194/187 194/193/186
f 185/184/178 194/193/186 184/183/177
f 186/185/179 196/195/188 197/196/189
f 186/185/179 197/196/189 187/186/178
f 179/178/173 189/188/181 196/195/188
f 179/178/173 196/195/188 186/185/179
f 188/187/180 198/197/190 199/198/191
f 188/187/180 199/198/191 189/188/181
f 190/189/182 200/199/192 198/197/190
f 190/189/182 198/197/190 188/187/180
f 191/190/183 201/200/193 202/201/194
f 191/190/183 202/201/194 192/191/184
f 193/192/185 203/202/195 201/200/193
f 193/192/185 201/200/193 191/190/183
f 194/193/186 204/203/196 203/202/195
f 194/193/186 203/202/195 193/192/185
f 195/194/187 205/204/197 204/203/196
f 195/194/187 204/203/196 194/193/186
f 196/195/188 206/205/198 207/206/199
f 196/195/188 207/206/199 197/196/189
f 189/188/181 199/198/191 206/205/198
f 189/188/181 206/205/198 196/195/188
f 198/197/190 208/207/200 209/208/201
f 198/197/190 209/208/201 199/198/191
f 200/199/192 210/209/202 208/207/200
f 200/199/192 208/207/200 198/197/190
f 201/200/193 211/210/203 212/211/204
f 201/200/193 212/211/204 202/201/194
f 203/202/195 213/212/205 211/210/203
f 203/202/195 211/210/203 201/200/193
f 204/203/196 214/213/206 213/212/205
f 204/203/196 213/212/205 203/202/195
f 205/204/197 215/214/207 214/213/206
f 205/204/197 214/213/206 204/203/196
f 206/205/198 216/215/208 217/216/209
f 206/205/198 217/216/209 207/206/199
f 199/198/191 209/208/201 216/215/208
f 199/198/191 216/215/208 206/205/198
f 208/207/200 218/217/210 219/218/211
f 208/207/200 219/218/211 209/208/201
f 210/209/202 220/219/212 218/217/210
f 210/209/202 218/217/210 208/207/200
f 211/210/203 221/220/213 222/221/214
f 211/210/203 222/221/214 212/211/204
f 213/212/205 223/222/215 221/220/213
f 213/212/205 221/220/213 211/210/203
f 214/213/206 224/223/216 223/222/215
f 214/213/206 223/222/215 213/212/205
f 215/214/207 225/224/217 224/223/216
f 215/214/207 224/223/216 214/213/206
f 216/215/208 226/225/218 227/226/217
f 216/215/208 227/226/217 217/216/209
f 209/208/201 219/218/211 226/225/218
f 209/208/201 226/225/218 216/215/208
f 218/217/210 228/227/219 229/228/220
f 218/217/210 229/228/220 219/218/211
f 220/219/212 230/229/221 228/227/219
f 220/219/212 228/227/219 218/217/210
f 221/220/213 231/230/222 232/231/223
f 221/220/213 232/231/223 222/221/214
f 223/222/215 233/232/224 231/230/222
f 223/222/215 231/230/222 221/220/213
f 224/223/216 234/233/225 233/232/224
f 224/223/216 233/232/224 223/222/215
f 225/224/217 235/234/226 234/233/225
f 225/224/217 234/233/225 224/223/216
f 226/225/218 236/235/227 237/236/226
f 226/225/218 237/236/226 227/226/217
f 219/218/211 229/228/220 236/235/227
f 219/218/211 236/235/227 226/225/218
f 228/227/219 238/237/228 239/238/229
f 228/227/219 239/238/229 229/228/220
f 230/229/221 240/239/230 238/237/228
f 230/229/221 238/237/228 228/227/219
f 231/230/222 241/240/231 242/241/232
f 231/230/222 242/241/232 232/231/223
f 233/232/224 243/242/233 241/240/231
f 233/232/224 241/240/231 231/230/222
f 234/233/225 244/243/234 243/242/233
f 234/233/225 243/242/233 233/232/224
f 235/234/226 245/244/235 244/243/234
f 235/234/226 244/243/234 234/233/225
f 236/235/227 246/245/236 247/246/235
f 236/235/227 247/246/235 237/236/226
f 229/228/220 239/238/229 246/245/236
f 229/228/220 246/245/236 236/235/227
f 238/237/228 248/247/237 249/248/238
f 238/237/228 249/248/238 239/238/229
f 240/239/230 250/249/239 248/247/237
f 240/239/230 248/247/237 238/237/228
f 241/240/231 251/250/240 252/251/241
f 241/240/231 252/251/241 242/241/232
f 243/242/233 253/252/242 251/250/240
f 243/242/233 251/250/240 241/240/231
f 244/243/234 254/253/243 253/252/242
f 244/243/234 253/252/242 243/242/233
f 245/244/235 255/254/244 254/253/243
f 245/244/235 254/253/243 244/243/234
f 246/245/236 256/255/245 257/256/244
f 246/245/236 257/256/244 247/246/235
f 239/238/229 249/248/238 256/255/245
f 239/238/229 256/255/245 246/245/236
f 258/257/237 259/258/246 260/259/247
f 258/257/237 260/259/247 261/260/248
f 262/261/241 263/262/249 259/258/246
f 262/261/241 259/258/246 258/257/237
f 251/250/240 264/263/250 265/264/251
f 251/250/240 265/264/251 252/251/241
f 253/252/242 266/265/252 264/263/250
f 253/252/242 264/263/250 251/250/240
f 254/253/243 267/266/253 266/265/252
f 254/253/243 266/265/252 253/252/242
f 255/254/244 268/267/254 267/266/253
f 255/254/244 267/266/253 254/253/243
f 269/268/255 270/269/256 271/270/254
f 269/268/255 271/270/254 272/271/257
f 261/260/248 260/259/247 270/269/256
f 261/260/248 270/269/256 269/268/255
f 273/272/258 274/273/259 275/274/260
f 273/272/258 275/274/260 276/275/261
f 276/275/261 275/274/260 277/276/262
f 276/275/261 277/276/262 278/277/263
f 275/274/260 279/278/264 280/279/265
f 275/274/260 280/279/265 277/276/262
f 274/273/259 281/280/266 279/278/264
f 274/273/259 279/278/264 275/274/260
f 282/281/267 283/282/268 284/283/269
f 282/281/267 284/283/269 285/284/270
f 285/284/270 284/283/269 286/285/271
f 285/284/270 286/285/271 287/286/272
f 284/283/269 288/287/273 273/272/258
f 284/283/269 273/272/258 286/285/271
f 283/282/268 289/288/274 288/287/273
f 283/282/268 288/287/273 284/283/269
f 290/289/275 291/290/276 292/291/277
f 290/289/275 292/291/277 293/292/278
f 293/292/278 292/291/277 294/293/279
f 293/292/278 294/293/279 295/294/280
f 292/291/277 296/295/281 297/296/282
f 292/291/277 297/296/282 294/293/279
f 291/290/276 298/297/283 296/295/281
f 291/290/276 296/295/281 292/291/277
f 287/286/272 286/285/271 299/298/284
f 287/286/272 299/298/284 300/299/285
f 300/299/285 299/298/284 301/300/286
f 300/299/285 301/300/286 302/301/287
f 299/298/284 276/275/261 278/277/263
f 299/298/284 278/277/263 301/300/286
f 286/285/271 273/272/258 276/275/261
f 286/285/271 276/275/261 299/298/284
f 303/302/288 304/303/289 305/304/290
f 303/302/288 305/304/290 306/305/291
f 306/305/291 305/304/290 307/306/292
f 306/305/291 307/306/292 308/307/293
f 305/304/290 309/308/294 310/309/295
f 305/304/290 310/309/295 307/306/292
f 304/303/289 311/310/296 309/308/294
f 304/303/289 309/308/294 305/304/290
f 302/301/287 301/300/286 312/311/297
f 302/301/287 312/311/297 313/312/298
f 313/312/298 312/311/297 314/313/299
f 313/312/298 314/313/299 315/314/300
f 312/311/297 316/315/301 317/316/302
f 312/311/297 317/316/302 314/313/299
f 301/300/286 278/277/263 316/315/301
f 301/300/286 316/315/301 312/311/297
f 318/317/303 319/318/304 320/319/305
f 318/317/303 320/319/305 321/320/306
f 322/321/307 323/322/308 324/323/309
f 322/321/307 324/323/309 325/324/310
f 323/322/308 326/325/311 327/326/312
f 323/322/308 327/326/312 324/323/309
f 319/318/304 328/327/313 329/328/314
f 319/318/304 329/328/314 320/319/305
f 315/314/300 314/313/299 330/329/315
f 315/314/300 330/329/315 331/330/316
f 331/330/316 330/329/315 332/331/317
f 331/330/316 332/331/317 333/332/318
f 330/329/315 334/333/319 335/334/320
f 330/329/315 335/334/320 332/331/317
f 314/313/299 317/316/302 334/333/319
f 314/313/299 334/333/319 330/329/315
f 308/307/293 307/306/292 336/335/321
f 308/307/293 336/335/321 337/336/322
f 337/336/322 336/335/321 338/337/323
f 337/336/322 338/337/323 339/338/324
f 336/335/321 340/339/325 341/340/326
f 336/335/321 341/340/326 338/337/323
f 307/306/292 310/309/295 340/339/325
f 307/306/292 340/339/325 336/335/321
f 333/332/318 332/331/317 342/341/327
f 333/332/318 342/341/327 343/342/328
f 343/342/328 342/341/327 344/343/329
f 343/342/328 344/343/329 345/344/330
f 342/341/327 346/345/331 347/346/332
f 342/341/327 347/346/332 344/343/329
f 332/331/317 335/334/320 346/345/331
f 332/331/317 346/345/331 342/341/327
f 348/347/333 349/348/334 319/318/304
f 348/347/333 319/318/304 318/317/303
f 349/348/334 350/349/335 328/327/313
f 349/348/334 328/327/313 319/318/304
f 351/350/336 352/351/337 350/349/335
f 351/350/336 350/349/335 349/348/334
f 295/294/280 294/293/279 353/352/338
f 295/294/280 353/352/338 354/353/339
f 353/352/338 355/354/340 352/351/337
f 353/352/338 352/351/337 351/350/336
f 294/293/279 297/296/282 355/354/340
f 294/293/279 355/354/340 353/352/338
f 345/344/330 344/343/329 356/355/341
f 345/344/330 356/355/341 357/356/342
f 357/356/342 356/355/341 358/357/343
f 357/356/342 358/357/343 359/358/288
f 356/355/341 360/359/344 361/360/296
f 356/355/341 361/360/296 358/357/343
f 344/343/329 347/346/332 360/359/344
f 344/343/329 360/359/344 356/355/341
f 339/338/324 338/337/323 362/361/345
f 339/338/324 362/361/345 363/362/346
f 363/362/346 362/361/345 364/363/347
f 363/362/346 364/363/347 365/364/348
f 362/361/345 366/365/349 367/366/350
f 362/361/345 367/366/350 364/363/347
f 338/337/323 341/340/326 366/365/349
f 338/337/323 366/365/349 362/361/345
f 325/324/310 324/323/309 368/367/351
f 325/324/310 368/367/351 369/368/352
f 369/368/352 368/367/351 283/282/268
f 369/368/352 283/282/268 282/281/267
f 368/367/351 370/369/353 289/288/274
f 368/367/351 289/288/274 283/282/268
f 324/323/309 327/326/312 370/369/353
f 324/323/309 370/369/353 368/367/351
f 371/370/354 365/364/348 364/363/347
f 371/370/354 364/363/347 372/371/355
f 371/370/354 372/371/355 291/290/276
f 371/370/354 291/290/276 290/289/275
f 372/371/355 373/372/356 298/297/283
f 372/371/355 298/297/283 291/290/276
f 364/363/347 367/366/350 373/372/356
f 364/363/347 373/372/356 372/371/355
f 374/373/357 375/374/358 376/375/359
f 374/373/357 376/375/359 377/376/360
f 377/376/360 376/375/359 378/377/361
f 377/376/360 378/377/361 379/378/362
f 376/375/359 380/379/363 381/380/364
f 376/375/359 381/380/364 378/377/361
f 375/374/358 382/381/365 380/379/363
f 375/374/358 380/379/363 376/375/359
f 298/297/283 383/382/366 384/383/367
f 298/297/283 384/383/367 296/295/281
f 296/295/281 384/383/367 385/384/368
f 296/295/281 385/384/368 297/296/282
f 386/385/369 20/20/20 34/34/34
f 386/385/369 34/34/34 387/386/370
f 388/387/371 28/28/28 29/29/29
f 388/387/371 29/29/29 389/388/372
f 278/277/263 277/276/262 390/389/373
f 278/277/263 390/389/373 316/315/301
f 316/315/301 390/389/373 391/390/374
f 316/315/301 391/390/374 317/316/302
f 390/389/373 392/391/375 393/392/376
f 390/389/373 393/392/376 391/390/374
f 277/276/262 280/279/265 392/391/375
f 277/276/262 392/391/375 390/389/373
f 311/310/296 394/393/377 395/394/378
f 311/310/296 395/394/378 309/308/294
f 309/308/294 395/394/378 396/395/379
f 309/308/294 396/395/379 310/309/295
f 395/394/378 397/396/380 398/397/381
f 395/394/378 398/397/381 396/395/379
f 394/393/377 399/398/365 397/396/380
f 394/393/377 397/396/380 395/394/378
f 317/316/302 391/390/374 400/399/382
f 317/316/302 400/399/382 334/333/319
f 334/333/319 400/399/382 401/400/383
f 334/333/319 401/400/383 335/334/320
f 400/399/382 402/401/384 379/378/362
f 400/399/382 379/378/362 401/400/383
f 391/390/374 393/392/376 402/401/384
f 391/390/374 402/401/384 400/399/382
f 403/402/385 404/403/386 35/35/35
f 403/402/385 35/35/35 10/10/10
f 405/404/387 25/25/25 33/33/33
f 405/404/387 33/33/33 406/405/388
f 335/334/320 401/400/383 407/406/389
f 335/334/320 407/406/389 346/345/331
f 346/345/331 407/406/389 408/407/390
f 346/345/331 408/407/390 347/346/332
f 407/406/389 378/377/361 381/380/364
f 407/406/389 381/380/364 408/407/390
f 401/400/383 379/378/362 378/377/361
f 401/400/383 378/377/361 407/406/389
f 310/309/295 396/395/379 409/408/391
f 310/309/295 409/408/391 340/339/325
f 340/339/325 409/408/391 410/409/392
f 340/339/325 410/409/392 341/340/326
f 409/408/391 411/410/393 412/411/394
f 409/408/391 412/411/394 410/409/392
f 396/395/379 398/397/381 411/410/393
f 396/395/379 411/410/393 409/408/391
f 347/346/332 408/407/390 413/412/395
f 347/346/332 413/412/395 360/359/344
f 360/359/344 413/412/395 414/413/377
f 360/359/344 414/413/377 361/360/296
f 413/412/395 380/379/363 382/381/365
f 413/412/395 382/381/365 414/413/377
f 408/407/390 381/380/364 380/379/363
f 408/407/390 380/379/363 413/412/395
f 352/351/337 415/414/396 416/415/397
f 352/351/337 416/415/397 350/349/335
f 350/349/335 416/415/397 9/9/9
f 350/349/335 9/9/9 328/327/313
f 417/416/398 418/417/399 419/418/400
f 417/416/398 419/418/400 420/419/401
f 421/420/402 422/421/387 423/422/403
f 421/420/402 423/422/403 424/423/404
f 297/296/282 385/384/368 425/424/405
f 297/296/282 425/424/405 355/354/340
f 355/354/340 425/424/405 415/414/396
f 355/354/340 415/414/396 352/351/337
f 426/425/406 427/426/370 428/427/407
f 426/425/406 428/427/407 429/428/408
f 430/429/409 431/430/410 432/431/411
f 430/429/409 432/431/411 433/432/412
f 327/326/312 17/17/17 434/433/413
f 327/326/312 434/433/413 370/369/353
f 370/369/353 434/433/413 435/434/414
f 370/369/353 435/434/414 289/288/274
f 434/433/413 436/435/415 437/436/416
f 434/433/413 437/436/416 435/434/414
f 17/17/17 16/16/16 436/435/415
f 17/17/17 436/435/415 434/433/413
f 341/340/326 410/409/392 438/437/417
f 341/340/326 438/437/417 366/365/349
f 366/365/349 438/437/417 439/438/418
f 366/365/349 439/438/418 367/366/350
f 438/437/417 440/439/419 441/440/420
f 438/437/417 441/440/420 439/438/418
f 410/409/392 412/411/394 440/439/419
f 410/409/392 440/439/419 438/437/417
f 289/288/274 435/434/414 442/441/421
f 289/288/274 442/441/421 288/287/273
f 288/287/273 442/441/421 274/273/259
f 288/287/273 274/273/259 273/272/258
f 442/441/421 443/442/422 281/280/266
f 442/441/421 281/280/266 274/273/259
f 435/434/414 437/436/416 443/442/422
f 435/434/414 443/442/422 442/441/421
f 367/366/350 439/438/418 444/443/423
f 367/366/350 444/443/423 373/372/356
f 445/444/424 383/382/366 444/443/423
f 445/444/424 444/443/423 446/445/425
f 439/438/418 441/440/420 446/445/425
f 439/438/418 446/445/425 444/443/423
f 69/68/68 443/442/422 437/436/416
f 69/68/68 437/436/416 436/435/415
f 2/2/2 281/280/266 443/442/422
f 2/2/2 443/442/422 69/68/68
f 447/446/426 448/447/427 418/417/399
f 447/446/426 418/417/399 417/416/398
f 420/419/401 419/418/400 449/448/369
f 420/419/401 449/448/369 450/449/428
f 451/450/429 36/36/36 35/35/35
f 451/450/429 35/35/35 404/403/386
f 452/451/430 453/452/431 36/36/36
f 452/451/430 36/36/36 451/450/429
f 454/453/432 455/454/433 456/455/434
f 454/453/432 456/455/434 457/456/435
f 457/456/435 456/455/434 458/457/436
f 457/456/435 458/457/436 459/458/437
f 456/455/434 397/396/380 399/398/365
f 456/455/434 399/398/365 458/457/436
f 455/454/433 398/397/381 397/396/380
f 455/454/433 397/396/380 456/455/434
f 460/459/438 461/460/8 462/461/439
f 460/459/438 462/461/439 463/462/440
f 280/279/265 463/462/440 462/461/439
f 280/279/265 462/461/439 392/391/375
f 393/392/376 392/391/375 462/461/439
f 393/392/376 462/461/439 402/401/384
f 379/378/362 402/401/384 462/461/439
f 379/378/362 462/461/439 377/376/360
f 374/373/357 377/376/360 462/461/439
f 374/373/357 462/461/439 461/460/8
f 464/463/441 465/464/442 13/13/13
f 464/463/441 13/13/13 12/12/12
f 7/7/7 457/456/435 459/458/437
f 7/7/7 459/458/437 8/8/8
f 466/465/443 454/453/432 457/456/435
f 466/465/443 457/456/435 7/7/7
f 467/466/444 445/444/424 468/467/445
f 467/466/444 468/467/445 469/468/446
f 469/468/446 468/467/445 465/464/442
f 469/468/446 465/464/442 464/463/441
f 470/469/447 471/470/448 454/453/432
f 470/469/447 454/453/432 466/465/443
f 446/445/425 441/440/420 471/470/448
f 446/445/425 471/470/448 470/469/447
f 472/471/449 473/472/450 474/473/451
f 472/471/449 474/473/451 475/474/452
f 475/474/452 474/473/451 476/475/453
f 475/474/452 476/475/453 477/476/454
f 477/476/454 476/475/453 431/430/410
f 477/476/454 431/430/410 430/429/409
f 478/477/455 479/478/456 480/479/457
f 478/477/455 480/479/457 481/480/458
f 441/440/420 440/439/419 482/481/459
f 441/440/420 482/481/459 471/470/448
f 471/470/448 482/481/459 455/454/433
f 471/470/448 455/454/433 454/453/432
f 482/481/459 411/410/393 398/397/381
f 482/481/459 398/397/381 455/454/433
f 440/439/419 412/411/394 411/410/393
f 440/439/419 411/410/393 482/481/459
f 424/423/404 423/422/403 479/478/456
f 424/423/404 479/478/456 478/477/455
f 450/449/428 449/448/369 427/426/370
f 450/449/428 427/426/370 426/425/406
f 483/482/460 484/483/461 453/452/431
f 483/482/460 453/452/431 452/451/430
f 12/12/12 14/14/14 484/483/461
f 12/12/12 484/483/461 483/482/460
f 460/459/438 463/462/440 485/484/462
f 460/459/438 485/484/462 486/485/463
f 486/485/463 485/484/462 2/2/2
f 486/485/463 2/2/2 1/1/1
f 485/484/462 279/278/264 281/280/266
f 485/484/462 281/280/266 2/2/2
f 463/462/440 280/279/265 279/278/264
f 463/462/440 279/278/264 485/484/462
f 429/428/408 428/427/407 473/472/450
f 429/428/408 473/472/450 472/471/449
f 433/432/412 432/431/411 422/421/387
f 433/432/412 422/421/387 421/420/402
f 481/480/458 480/479/457 487/486/464
f 481/480/458 487/486/464 488/487/465
f 488/487/465 487/486/464 448/447/427
f 488/487/465 448/447/427 447/446/426
f 17/17/17 327/326/312 326/325/311
f 17/17/17 326/325/311 15/15/15
f 15/15/15 326/325/311 489/488/466
f 15/15/15 489/488/466 66/66/65
f 389/388/372 29/29/29 24/24/24
f 389/388/372 24/24/24 490/489/467
f 491/490/468 18/18/18 20/20/20
f 491/490/468 20/20/20 386/385/369
f 492/491/450 22/22/22 26/26/26
f 492/491/450 26/26/26 493/492/469
f 494/493/457 31/31/31 30/30/30
f 494/493/457 30/30/30 495/494/464
f 493/492/469 26/26/26 28/28/28
f 493/492/469 28/28/28 388/387/371
f 495/494/464 30/30/30 27/27/27
f 495/494/464 27/27/27 496/495/470
f 497/496/471 23/23/23 18/18/18
f 497/496/471 18/18/18 491/490/468
f 406/405/388 33/33/33 32/32/32
f 406/405/388 32/32/32 498/497/456
f 496/495/470 27/27/27 23/23/23
f 496/495/470 23/23/23 497/496/471
f 387/386/370 34/34/34 21/21/21
f 387/386/370 21/21/21 499/498/472
f 499/498/472 21/21/21 22/22/22
f 499/498/472 22/22/22 492/491/450
f 498/497/456 32/32/32 31/31/31
f 498/497/456 31/31/31 494/493/457
f 490/489/467 24/24/24 25/25/25
f 490/489/467 25/25/25 405/404/387
f 500/499/473 488/487/465 447/446/426
f 500/499/473 447/446/426 501/500/474
f 502/501/475 481/480/458 488/487/465
f 502/501/475 488/487/465 500/499/473
f 467/466/444 433/432/412 421/420/402
f 467/466/444 421/420/402 503/502/476
f 452/451/430 429/428/408 472/471/449
f 452/451/430 472/471/449 483/482/460
f 404/403/386 450/449/428 426/425/406
f 404/403/386 426/425/406 451/450/429
f 504/503/477 424/423/404 478/477/455
f 504/503/477 478/477/455 505/504/478
f 505/504/478 478/477/455 481/480/458
f 505/504/478 481/480/458 502/501/475
f 464/463/441 477/476/454 430/429/409
f 464/463/441 430/429/409 469/468/446
f 12/12/12 475/474/452 477/476/454
f 12/12/12 477/476/454 464/463/441
f 483/482/460 472/471/449 475/474/452
f 483/482/460 475/474/452 12/12/12
f 403/402/385 420/419/401 450/449/428
f 403/402/385 450/449/428 404/403/386
f 501/500/474 447/446/426 417/416/398
f 501/500/474 417/416/398 506/505/479
f 469/468/446 430/429/409 433/432/412
f 469/468/446 433/432/412 467/466/444
f 451/450/429 426/425/406 429/428/408
f 451/450/429 429/428/408 452/451/430
f 503/502/476 421/420/402 424/423/404
f 503/502/476 424/423/404 504/503/477
f 506/505/479 417/416/398 420/419/401
f 506/505/479 420/419/401 403/402/385
f 445/444/424 467/466/444 503/502/476
f 445/444/424 503/502/476 383/382/366
f 425/424/405 385/384/368 505/504/478
f 425/424/405 505/504/478 502/501/475
f 10/10/10 35/35/35 44/44/43
f 10/10/10 44/44/43 507/506/480
f 415/414/396 425/424/405 502/501/475
f 415/414/396 502/501/475 500/499/473
f 484/483/461 14/14/14 6/6/6
f 484/483/461 6/6/6 508/507/481
f 453/452/431 484/483/461 508/507/481
f 453/452/431 508/507/481 509/508/1
f 13/13/13 465/464/442 466/465/443
f 13/13/13 466/465/443 7/7/7
f 384/383/367 383/382/366 503/502/476
f 384/383/367 503/502/476 504/503/477
f 385/384/368 384/383/367 504/503/477
f 385/384/368 504/503/477 505/504/478
f 468/467/445 445/444/424 446/445/425
f 468/467/445 446/445/425 470/469/447
f 465/464/442 468/467/445 470/469/447
f 465/464/442 470/469/447 466/465/443
f 36/36/36 453/452/431 509/508/1
f 36/36/36 509/508/1 37/37/3
f 10/10/10 9/9/9 506/505/479
f 10/10/10 506/505/479 403/402/385
f 14/14/14 13/13/13 7/7/7
f 14/14/14 7/7/7 6/6/6
f 416/415/397 415/414/396 500/499/473
f 416/415/397 500/499/473 501/500/474
f 9/9/9 416/415/397 501/500/474
f 9/9/9 501/500/474 506/505/479
f 373/372/356 444/443/423 383/382/366
f 373/372/356 383/382/366 298/297/283
f 510/509/482 511/510/483 512/511/484
f 510/509/482 512/511/484 513/512/485
f 511/510/483 514/513/486 515/514/487
f 511/510/483 515/514/487 512/511/484
f 512/511/484 515/514/487 516/515/488
f 512/511/484 516/515/488 517/516/489
f 513/512/485 512/511/484 517/516/489
f 513/512/485 517/516/489 518/517/490
f 519/518/267 520/519/491 521/520/492
f 519/518/267 521/520/492 522/521/493
f 520/519/491 523/522/494 524/523/495
f 520/519/491 524/523/495 521/520/492
f 521/520/492 524/523/495 510/509/482
f 521/520/492 510/509/482 525/524/496
f 522/521/493 521/520/492 525/524/496
f 522/521/493 525/524/496 526/525/497
f 527/526/498 528/527/499 529/528/500
f 527/526/498 529/528/500 530/529/501
f 528/527/499 531/530/502 532/531/503
f 528/527/499 532/531/503 529/528/500
f 529/528/500 532/531/503 533/532/504
f 529/528/500 533/532/504 534/533/505
f 530/529/501 529/528/500 534/533/505
f 530/529/501 534/533/505 535/534/506
f 523/522/494 536/535/285 537/536/507
f 523/522/494 537/536/507 524/523/495
f 536/535/285 538/537/287 539/538/508
f 536/535/285 539/538/508 537/536/507
f 537/536/507 539/538/508 514/513/486
f 537/536/507 514/513/486 511/510/483
f 524/523/495 537/536/507 511/510/483
f 524/523/495 511/510/483 510/509/482
f 540/539/288 541/540/291 542/541/509
f 540/539/288 542/541/509 543/542/510
f 541/540/291 544/543/293 545/544/511
f 541/540/291 545/544/511 542/541/509
f 542/541/509 545/544/511 546/545/512
f 542/541/509 546/545/512 547/546/513
f 543/542/510 542/541/509 547/546/513
f 543/542/510 547/546/513 548/547/514
f 538/537/287 549/548/298 550/549/515
f 538/537/287 550/549/515 539/538/508
f 549/548/298 551/550/300 552/551/516
f 549/548/298 552/551/516 550/549/515
f 550/549/515 552/551/516 553/552/517
f 550/549/515 553/552/517 554/553/518
f 539/538/508 550/549/515 554/553/518
f 539/538/508 554/553/518 514/513/486
f 555/554/303 556/555/519 557/556/520
f 555/554/303 557/556/520 558/557/521
f 559/558/307 560/559/522 561/560/523
f 559/558/307 561/560/523 562/561/524
f 562/561/524 561/560/523 563/562/525
f 562/561/524 563/562/525 564/563/526
f 558/557/521 557/556/520 565/564/527
f 558/557/521 565/564/527 566/565/528
f 551/550/300 567/566/529 568/567/530
f 551/550/300 568/567/530 552/551/516
f 567/566/529 569/568/531 570/569/532
f 567/566/529 570/569/532 568/567/530
f 568/567/530 570/569/532 571/570/533
f 568/567/530 571/570/533 572/571/534
f 552/551/516 568/567/530 572/571/534
f 552/551/516 572/571/534 553/552/517
f 544/543/293 573/572/535 574/573/536
f 544/543/293 574/573/536 545/544/511
f 573/572/535 575/574/537 576/575/538
f 573/572/535 576/575/538 574/573/536
f 574/573/536 576/575/538 577/576/539
f 574/573/536 577/576/539 578/577/540
f 545/544/511 574/573/536 578/577/540
f 545/544/511 578/577/540 546/545/512
f 569/568/531 579/578/541 580/579/542
f 569/568/531 580/579/542 570/569/532
f 579/578/541 581/580/330 582/581/543
f 579/578/541 582/581/543 580/579/542
f 580/579/542 582/581/543 583/582/544
f 580/579/542 583/582/544 584/583/545
f 570/569/532 580/579/542 584/583/545
f 570/569/532 584/583/545 571/570/533
f 585/584/546 555/554/303 558/557/521
f 585/584/546 558/557/521 586/585/547
f 586/585/547 558/557/521 566/565/528
f 586/585/547 566/565/528 587/586/548
f 588/587/549 586/585/547 587/586/548
f 588/587/549 587/586/548 589/588/550
f 531/530/502 590/589/339 591/590/551
f 531/530/502 591/590/551 532/531/503
f 591/590/551 588/587/549 589/588/550
f 591/590/551 589/588/550 592/591/552
f 532/531/503 591/590/551 592/591/552
f 532/531/503 592/591/552 533/532/504
f 581/580/330 593/592/553 594/593/554
f 581/580/330 594/593/554 582/581/543
f 593/592/553 595/594/555 596/595/510
f 593/592/553 596/595/510 594/593/554
f 594/593/554 596/595/510 597/596/556
f 594/593/554 597/596/556 598/597/557
f 582/581/543 594/593/554 598/597/557
f 582/581/543 598/597/557 583/582/544
f 575/574/537 599/598/558 600/599/559
f 575/574/537 600/599/559 576/575/538
f 599/598/558 601/600/348 602/601/560
f 599/598/558 602/601/560 600/599/559
f 600/599/559 602/601/560 603/602/561
f 600/599/559 603/602/561 604/603/562
f 576/575/538 600/599/559 604/603/562
f 576/575/538 604/603/562 577/576/539
f 560/559/522 605/604/352 606/605/563
f 560/559/522 606/605/563 561/560/523
f 605/604/352 519/518/267 522/521/493
f 605/604/352 522/521/493 606/605/563
f 606/605/563 522/521/493 526/525/497
f 606/605/563 526/525/497 607/606/564
f 561/560/523 606/605/563 607/606/564
f 561/560/523 607/606/564 563/562/525
f 608/607/565 609/608/566 602/601/560
f 608/607/565 602/601/560 601/600/348
f 608/607/565 527/526/498 530/529/501
f 608/607/565 530/529/501 609/608/566
f 609/608/566 530/529/501 535/534/506
f 609/608/566 535/534/506 610/609/567
f 602/601/560 609/608/566 610/609/567
f 602/601/560 610/609/567 603/602/561
f 611/610/568 612/611/569 613/612/570
f 611/610/568 613/612/570 614/613/571
f 612/611/569 615/614/572 616/615/573
f 612/611/569 616/615/573 613/612/570
f 613/612/570 616/615/573 617/616/574
f 613/612/570 617/616/574 618/617/575
f 614/613/571 613/612/570 618/617/575
f 614/613/571 618/617/575 619/618/576
f 535/534/506 534/533/505 620/619/577
f 535/534/506 620/619/577 621/620/578
f 534/533/505 533/532/504 622/621/579
f 534/533/505 622/621/579 620/619/577
f 623/622/580 624/623/581 62/62/61
f 623/622/580 62/62/61 47/47/46
f 625/624/582 626/625/583 57/57/56
f 625/624/582 57/57/56 56/56/55
f 514/513/486 554/553/518 627/626/584
f 514/513/486 627/626/584 515/514/487
f 554/553/518 553/552/517 628/627/585
f 554/553/518 628/627/585 627/626/584
f 627/626/584 628/627/585 629/628/586
f 627/626/584 629/628/586 630/629/587
f 515/514/487 627/626/584 630/629/587
f 515/514/487 630/629/587 516/515/488
f 548/547/514 547/546/513 631/630/588
f 548/547/514 631/630/588 632/631/589
f 547/546/513 546/545/512 633/632/590
f 547/546/513 633/632/590 631/630/588
f 631/630/588 633/632/590 634/633/591
f 631/630/588 634/633/591 635/634/592
f 632/631/589 631/630/588 635/634/592
f 632/631/589 635/634/592 636/635/576
f 553/552/517 572/571/534 637/636/593
f 553/552/517 637/636/593 628/627/585
f 572/571/534 571/570/533 638/637/594
f 572/571/534 638/637/594 637/636/593
f 637/636/593 638/637/594 615/614/572
f 637/636/593 615/614/572 639/638/595
f 628/627/585 637/636/593 639/638/595
f 628/627/585 639/638/595 629/628/586
f 640/639/596 641/640/597 642/641/598
f 640/639/596 642/641/598 643/642/599
f 644/643/600 645/644/601 61/61/60
f 644/643/600 61/61/60 53/53/52
f 571/570/533 584/583/545 646/645/602
f 571/570/533 646/645/602 638/637/594
f 584/583/545 583/582/544 647/646/603
f 584/583/545 647/646/603 646/645/602
f 646/645/602 647/646/603 617/616/574
f 646/645/602 617/616/574 616/615/573
f 638/637/594 646/645/602 616/615/573
f 638/637/594 616/615/573 615/614/572
f 546/545/512 578/577/540 648/647/604
f 546/545/512 648/647/604 633/632/590
f 578/577/540 577/576/539 649/648/605
f 578/577/540 649/648/605 648/647/604
f 648/647/604 649/648/605 650/649/606
f 648/647/604 650/649/606 651/650/607
f 633/632/590 648/647/604 651/650/607
f 633/632/590 651/650/607 634/633/591
f 583/582/544 598/597/557 652/651/608
f 583/582/544 652/651/608 647/646/603
f 598/597/557 597/596/556 653/652/589
f 598/597/557 653/652/589 652/651/608
f 652/651/608 653/652/589 619/618/576
f 652/651/608 619/618/576 618/617/575
f 647/646/603 652/651/608 618/617/575
f 647/646/603 618/617/575 617/616/574
f 589/588/550 587/586/548 654/653/609
f 589/588/550 654/653/609 655/654/610
f 587/586/548 566/565/528 656/655/611
f 587/586/548 656/655/611 654/653/609
f 657/656/612 658/657/613 659/658/614
f 657/656/612 659/658/614 660/659/615
f 661/660/616 662/661/617 663/662/601
f 661/660/616 663/662/601 664/663/600
f 533/532/504 592/591/552 665/664/618
f 533/532/504 665/664/618 622/621/579
f 592/591/552 589/588/550 655/654/610
f 592/591/552 655/654/610 665/664/618
f 666/665/619 667/666/620 668/667/621
f 666/665/619 668/667/621 669/668/581
f 670/669/622 671/670/623 672/671/624
f 670/669/622 672/671/624 673/672/583
f 563/562/525 607/606/564 674/673/625
f 563/562/525 674/673/625 675/674/626
f 607/606/564 526/525/497 676/675/627
f 607/606/564 676/675/627 674/673/625
f 674/673/625 676/675/627 677/676/628
f 674/673/625 677/676/628 678/677/629
f 675/674/626 674/673/625 678/677/629
f 675/674/626 678/677/629 71/70/70
f 577/576/539 604/603/562 679/678/630
f 577/576/539 679/678/630 649/648/605
f 604/603/562 603/602/561 680/679/631
f 604/603/562 680/679/631 679/678/630
f 679/678/630 680/679/631 681/680/632
f 679/678/630 681/680/632 682/681/633
f 649/648/605 679/678/630 682/681/633
f 649/648/605 682/681/633 650/649/606
f 526/525/497 525/524/496 683/682/634
f 526/525/497 683/682/634 676/675/627
f 525/524/496 510/509/482 513/512/485
f 525/524/496 513/512/485 683/682/634
f 683/682/634 513/512/485 518/517/490
f 683/682/634 518/517/490 684/683/635
f 676/675/627 683/682/634 684/683/635
f 676/675/627 684/683/635 677/676/628
f 603/602/561 610/609/567 685/684/636
f 603/602/561 685/684/636 680/679/631
f 686/685/637 687/686/638 685/684/636
f 686/685/637 685/684/636 621/620/578
f 680/679/631 685/684/636 687/686/638
f 680/679/631 687/686/638 681/680/632
f 688/687/639 63/63/62 65/65/64
f 688/687/639 65/65/64 689/688/640
f 64/64/63 71/70/70 678/677/629
f 64/64/63 678/677/629 65/65/64
f 65/65/64 678/677/629 677/676/628
f 65/65/64 677/676/628 684/683/635
f 689/688/640 65/65/64 684/683/635
f 689/688/640 684/683/635 518/517/490
f 690/689/641 657/656/612 660/659/615
f 690/689/641 660/659/615 691/690/642
f 658/657/613 692/691/643 693/692/644
f 658/657/613 693/692/644 659/658/614
f 694/693/645 643/642/599 642/641/598
f 694/693/645 642/641/598 695/694/646
f 696/695/647 694/693/645 695/694/646
f 696/695/647 695/694/646 697/696/648
f 698/697/649 699/698/650 700/699/651
f 698/697/649 700/699/651 701/700/652
f 699/698/650 702/701/653 703/702/571
f 699/698/650 703/702/571 700/699/651
f 700/699/651 703/702/571 636/635/576
f 700/699/651 636/635/576 635/634/592
f 701/700/652 700/699/651 635/634/592
f 701/700/652 635/634/592 634/633/591
f 704/703/654 705/704/655 706/705/656
f 704/703/654 706/705/656 707/706/657
f 516/515/488 630/629/587 706/705/656
f 516/515/488 706/705/656 705/704/655
f 629/628/586 639/638/595 706/705/656
f 629/628/586 706/705/656 630/629/587
f 615/614/572 612/611/569 706/705/656
f 615/614/572 706/705/656 639/638/595
f 611/610/568 707/706/657 706/705/656
f 611/610/568 706/705/656 612/611/569
f 708/707/658 41/41/40 43/43/42
f 708/707/658 43/43/42 709/708/659
f 40/40/39 39/39/38 702/701/653
f 40/40/39 702/701/653 699/698/650
f 710/709/660 40/40/39 699/698/650
f 710/709/660 699/698/650 698/697/649
f 711/710/661 712/711/662 713/712/663
f 711/710/661 713/712/663 686/685/637
f 712/711/662 708/707/658 709/708/659
f 712/711/662 709/708/659 713/712/663
f 714/713/664 710/709/660 698/697/649
f 714/713/664 698/697/649 715/714/665
f 687/686/638 714/713/664 715/714/665
f 687/686/638 715/714/665 681/680/632
f 716/715/666 717/716/667 718/717/668
f 716/715/666 718/717/668 719/718/669
f 717/716/667 720/719/670 721/720/582
f 717/716/667 721/720/582 718/717/668
f 720/719/670 670/669/622 673/672/583
f 720/719/670 673/672/583 721/720/582
f 722/721/671 723/722/672 724/723/673
f 722/721/671 724/723/673 725/724/674
f 681/680/632 715/714/665 726/725/675
f 681/680/632 726/725/675 682/681/633
f 715/714/665 698/697/649 701/700/652
f 715/714/665 701/700/652 726/725/675
f 726/725/675 701/700/652 634/633/591
f 726/725/675 634/633/591 651/650/607
f 682/681/633 726/725/675 651/650/607
f 682/681/633 651/650/607 650/649/606
f 662/661/617 722/721/671 725/724/674
f 662/661/617 725/724/674 663/662/601
f 692/691/643 666/665/619 669/668/581
f 692/691/643 669/668/581 693/692/644
f 727/726/676 696/695/647 697/696/648
f 727/726/676 697/696/648 728/727/677
f 41/41/40 727/726/676 728/727/677
f 41/41/40 728/727/677 42/42/41
f 704/703/654 729/728/678 730/729/679
f 704/703/654 730/729/679 705/704/655
f 729/728/678 688/687/639 689/688/640
f 729/728/678 689/688/640 730/729/679
f 730/729/679 689/688/640 518/517/490
f 730/729/679 518/517/490 517/516/489
f 705/704/655 730/729/679 517/516/489
f 705/704/655 517/516/489 516/515/488
f 667/666/620 716/715/666 719/718/669
f 667/666/620 719/718/669 668/667/621
f 671/670/623 661/660/616 664/663/600
f 671/670/623 664/663/600 672/671/624
f 723/722/672 731/730/680 732/731/681
f 723/722/672 732/731/681 724/723/673
f 731/730/680 690/689/641 691/690/642
f 731/730/680 691/690/642 732/731/681
f 733/732/682 77/76/76 76/75/75
f 733/732/682 76/75/75 734/733/683
f 675/674/626 74/73/73 564/563/526
f 675/674/626 564/563/526 563/562/525
f 74/73/73 73/72/72 735/734/684
f 74/73/73 735/734/684 564/563/526
f 626/625/583 736/735/624 52/52/51
f 626/625/583 52/52/51 57/57/56
f 737/736/685 623/622/580 47/47/46
f 737/736/685 47/47/46 46/46/45
f 738/737/686 739/738/668 54/54/53
f 738/737/686 54/54/53 50/50/49
f 740/739/673 741/740/681 58/58/57
f 740/739/673 58/58/57 59/59/58
f 739/738/668 625/624/582 56/56/55
f 739/738/668 56/56/55 54/54/53
f 741/740/681 742/741/687 55/55/54
f 741/740/681 55/55/54 58/58/57
f 743/742/615 737/736/685 46/46/45
f 743/742/615 46/46/45 51/51/50
f 645/644/601 744/743/688 60/60/59
f 645/644/601 60/60/59 61/61/60
f 742/741/687 743/742/615 51/51/50
f 742/741/687 51/51/50 55/55/54
f 624/623/581 745/744/689 49/49/48
f 624/623/581 49/49/48 62/62/61
f 745/744/689 738/737/686 50/50/49
f 745/744/689 50/50/49 49/49/48
f 744/743/688 740/739/673 59/59/58
f 744/743/688 59/59/58 60/60/59
f 736/735/624 644/643/600 53/53/52
f 736/735/624 53/53/52 52/52/51
f 746/745/690 747/746/691 690/689/641
f 746/745/690 690/689/641 731/730/680
f 748/747/692 746/745/690 731/730/680
f 748/747/692 731/730/680 723/722/672
f 711/710/661 749/748/693 661/660/616
f 711/710/661 661/660/616 671/670/623
f 696/695/647 727/726/676 716/715/666
f 696/695/647 716/715/666 667/666/620
f 643/642/599 694/693/645 666/665/619
f 643/642/599 666/665/619 692/691/643
f 750/749/694 751/750/695 722/721/671
f 750/749/694 722/721/671 662/661/617
f 751/750/695 748/747/692 723/722/672
f 751/750/695 723/722/672 722/721/671
f 708/707/658 712/711/662 670/669/622
f 708/707/658 670/669/622 720/719/670
f 41/41/40 708/707/658 720/719/670
f 41/41/40 720/719/670 717/716/667
f 727/726/676 41/41/40 717/716/667
f 727/726/676 717/716/667 716/715/666
f 640/639/596 643/642/599 692/691/643
f 640/639/596 692/691/643 658/657/613
f 747/746/691 752/751/696 657/656/612
f 747/746/691 657/656/612 690/689/641
f 712/711/662 711/710/661 671/670/623
f 712/711/662 671/670/623 670/669/622
f 694/693/645 696/695/647 667/666/620
f 694/693/645 667/666/620 666/665/619
f 749/748/693 750/749/694 662/661/617
f 749/748/693 662/661/617 661/660/616
f 752/751/696 640/639/596 658/657/613
f 752/751/696 658/657/613 657/656/612
f 686/685/637 621/620/578 749/748/693
f 686/685/637 749/748/693 711/710/661
f 665/664/618 748/747/692 751/750/695
f 665/664/618 751/750/695 622/621/579
f 641/640/597 76/75/75 75/74/74
f 641/640/597 75/74/74 642/641/598
f 655/654/610 746/745/690 748/747/692
f 655/654/610 748/747/692 665/664/618
f 728/727/677 753/752/697 38/38/37
f 728/727/677 38/38/37 42/42/41
f 697/696/648 754/753/639 753/752/697
f 697/696/648 753/752/697 728/727/677
f 43/43/42 40/40/39 710/709/660
f 43/43/42 710/709/660 709/708/659
f 620/619/577 750/749/694 749/748/693
f 620/619/577 749/748/693 621/620/578
f 622/621/579 751/750/695 750/749/694
f 622/621/579 750/749/694 620/619/577
f 713/712/663 714/713/664 687/686/638
f 713/712/663 687/686/638 686/685/637
f 709/708/659 710/709/660 714/713/664
f 709/708/659 714/713/664 713/712/663
f 695/694/646 755/754/62 754/753/639
f 695/694/646 754/753/639 697/696/648
f 641/640/597 640/639/596 752/751/696
f 641/640/597 752/751/696 656/655/611
f 42/42/41 38/38/37 40/40/39
f 42/42/41 40/40/39 43/43/42
f 654/653/609 747/746/691 746/745/690
f 654/653/609 746/745/690 655/654/610
f 656/655/611 752/751/696 747/746/691
f 656/655/611 747/746/691 654/653/609
f 610/609/567 535/534/506 621/620/578
f 610/609/567 621/620/578 685/684/636
f 756/755/698 757/756/699 349/348/334
f 756/755/698 349/348/334 348/347/333
f 757/756/699 758/757/700 351/350/336
f 757/756/699 351/350/336 349/348/334
f 759/758/701 760/759/702 354/353/339
f 759/758/701 354/353/339 353/352/338
f 758/757/700 759/758/701 353/352/338
f 758/757/700 353/352/338 351/350/336
f 761/760/703 762/761/704 585/584/546
f 761/760/703 585/584/546 586/585/547
f 763/762/247 761/760/703 586/585/547
f 763/762/247 586/585/547 588/587/549
f 764/763/254 765/764/256 591/590/551
f 764/763/254 591/590/551 590/589/339
f 765/764/256 763/762/247 588/587/549
f 765/764/256 588/587/549 591/590/551
f 766/765/705 767/766/86 768/767/706
f 766/765/705 768/767/706 769/768/707
f 767/766/86 770/769/83 771/770/708
f 767/766/86 771/770/708 768/767/706
f 772/771/709 766/765/705 769/768/707
f 772/771/709 769/768/707 773/772/710
f 774/773/711 775/774/80 776/775/712
f 774/773/711 776/775/712 777/776/713
f 775/774/80 778/777/92 779/778/714
f 775/774/80 779/778/714 776/775/712
f 778/777/92 780/779/709 781/780/715
f 778/777/92 781/780/715 779/778/714
f 782/781/716 783/782/717 784/783/718
f 782/781/716 784/783/718 785/784/719
f 786/785/720 787/786/721 788/787/722
f 786/785/720 788/787/722 789/788/723
f 790/789/724 791/790/725 792/791/726
f 790/789/724 792/791/726 793/792/727
f 791/790/725 794/793/728 795/794/729
f 791/790/725 795/794/729 792/791/726
f 794/793/728 796/795/730 797/796/731
f 794/793/728 797/796/731 795/794/729
f 787/786/721 782/781/716 785/784/719
f 787/786/721 785/784/719 788/787/722
f 785/784/719 784/783/718 798/797/732
f 785/784/719 798/797/732 799/798/733
f 795/794/729 797/796/731 800/799/734
f 795/794/729 800/799/734 801/800/735
f 789/788/723 788/787/722 802/801/736
f 789/788/723 802/801/736 803/802/737
f 793/792/727 792/791/726 804/803/738
f 793/792/727 804/803/738 805/804/739
f 792/791/726 795/794/729 801/800/735
f 792/791/726 801/800/735 804/803/738
f 788/787/722 785/784/719 799/798/733
f 788/787/722 799/798/733 802/801/736
f 799/798/733 806/805/740 803/802/737
f 799/798/733 803/802/737 802/801/736
f 801/800/735 800/799/734 807/806/741
f 801/800/735 807/806/741 804/803/738
f 799/798/733 798/797/732 808/807/742
f 799/798/733 808/807/742 806/805/740
f 809/808/743 810/809/744 811/810/81
f 809/808/743 811/810/81 774/773/77
f 812/811/745 813/812/746 770/769/83
f 812/811/745 770/769/83 814/813/81
f 815/814/747 816/808/748 774/773/711
f 815/814/747 774/773/711 777/776/713
f 813/812/746 817/815/749 771/770/708
f 813/812/746 771/770/708 770/769/83
f 818/816/750 819/814/751 777/776/713
f 818/816/750 777/776/713 786/785/720
f 820/817/752 821/818/753 797/796/731
f 820/817/752 797/796/731 796/795/730
f 822/819/754 823/820/755 807/806/741
f 822/819/754 807/806/741 800/799/734
f 824/821/756 825/822/757 803/802/737
f 824/821/756 803/802/737 806/805/740
f 821/818/753 822/819/754 800/799/734
f 821/818/753 800/799/734 797/796/731
f 825/822/757 826/823/758 789/788/723
f 825/822/757 789/788/723 803/802/737
f 817/815/749 820/817/752 796/795/730
f 817/815/749 796/795/730 771/770/708
f 826/823/758 827/816/759 786/785/720
f 826/823/758 786/785/720 789/788/723
f 776/775/712 779/778/714 782/781/716
f 776/775/712 782/781/716 787/786/721
f 768/767/706 771/770/708 796/795/730
f 768/767/706 796/795/730 794/793/728
f 769/768/707 768/767/706 794/793/728
f 769/768/707 794/793/728 791/790/725
f 773/772/710 769/768/707 791/790/725
f 773/772/710 791/790/725 790/789/724
f 777/776/713 776/775/712 787/786/721
f 777/776/713 787/786/721 786/785/720
f 779/778/714 781/780/715 783/782/717
f 779/778/714 783/782/717 782/781/716
f 828/824/760 489/488/466 326/325/311
f 828/824/760 326/325/311 323/322/308
f 829/825/761 828/824/760 323/322/308
f 829/825/761 323/322/308 322/321/307
f 830/5/762 68/4/67 69/68/68
f 830/5/762 69/68/68 436/435/415
f 67/67/66 831/826/763 16/16/16
f 67/67/66 16/16/16 15/15/15
f 832/827/764 833/828/761 559/558/307
f 832/827/764 559/558/307 562/561/524
f 735/734/684 832/827/764 562/561/524
f 735/734/684 562/561/524 564/563/526
f 834/829/765 835/830/766 329/328/314
f 834/829/765 329/328/314 11/11/11
f 836/831/767 733/732/682 734/733/683
f 836/831/767 734/733/683 565/564/527
f 72/71/71 74/73/73 675/674/626
f 72/71/71 675/674/626 71/70/70
f 830/5/762 436/435/415 16/16/16
f 830/5/762 16/16/16 831/826/763
f 565/564/527 557/556/520 837/832/768
f 565/564/527 837/832/768 836/831/767
f 11/11/11 329/328/314 328/327/313
f 11/11/11 328/327/313 9/9/9
f 321/320/306 320/319/305 838/833/769
f 321/320/306 838/833/769 839/834/770
f 565/564/527 734/733/683 656/655/611
f 565/564/527 656/655/611 566/565/528
f 734/733/683 76/75/75 641/640/597
f 734/733/683 641/640/597 656/655/611
f 320/319/305 329/328/314 835/830/766
f 320/319/305 835/830/766 838/833/769
f 11/11/11 10/10/10 507/506/480
f 11/11/11 507/506/480 834/829/765
f 557/556/520 556/555/519 840/835/771
f 557/556/520 840/835/771 837/832/768
f 841/836/772 642/641/598 75/74/74
f 642/641/598 841/836/772 695/694/646
f 695/694/646 841/836/772 755/754/62
