# Blender 5.1.0
# www.blender.org
mtllib Untitled.mtl
g Hero_Lamp_Mesh
v -0.006874 0.030829 0.395440
v -0.006874 -0.091369 0.376086
v -0.000000 0.030829 0.398287
v 0.000000 -0.092248 0.378793
v -0.009721 -0.089244 0.369548
v -0.006874 0.030829 0.395440
v -0.009721 0.030829 0.388566
v -0.006874 -0.091369 0.376086
v -0.006874 0.030829 0.381692
v -0.009721 -0.089244 0.369548
v -0.009721 0.030829 0.388566
v -0.006874 -0.087120 0.363011
v 0.000000 -0.086240 0.360303
v -0.006874 0.030829 0.381692
v 0.000000 0.030829 0.378845
v -0.006874 -0.087120 0.363011
v 0.006874 0.030829 0.381692
v 0.000000 -0.086240 0.360303
v 0.000000 0.030829 0.378845
v 0.006874 -0.087120 0.363011
v 0.009721 0.030829 0.388566
v 0.009721 -0.089244 0.369548
v 0.006874 0.030829 0.381692
v 0.006874 -0.087120 0.363011
v 0.006874 0.030829 0.395440
v 0.009721 -0.089244 0.369548
v 0.009721 0.030829 0.388566
v 0.006874 -0.091369 0.376086
v -0.000000 0.030829 0.398287
v 0.006874 -0.091369 0.376086
v 0.006874 0.030829 0.395440
v 0.000000 -0.092248 0.378793
v -0.006874 -0.201605 0.319918
v 0.000000 -0.203278 0.322221
v -0.009721 -0.197564 0.314356
v -0.006874 -0.201605 0.319918
v -0.009721 -0.197564 0.314356
v -0.006874 -0.193524 0.308795
v 0.000000 -0.191850 0.306492
v -0.006874 -0.193524 0.308795
v 0.000000 -0.191850 0.306492
v 0.006874 -0.193524 0.308795
v 0.009721 -0.197564 0.314356
v 0.006874 -0.193524 0.308795
v 0.009721 -0.197564 0.314356
v 0.006874 -0.201605 0.319918
v 0.006874 -0.201605 0.319918
v 0.000000 -0.203278 0.322221
v 0.000000 -0.291392 0.234107
v -0.006874 -0.289088 0.232434
v -0.009721 -0.283527 0.228393
v -0.006874 -0.289088 0.232434
v -0.006874 -0.277966 0.224353
v -0.009721 -0.283527 0.228393
v 0.000000 -0.275663 0.222679
v -0.006874 -0.277966 0.224353
v 0.006874 -0.277966 0.224353
v 0.000000 -0.275663 0.222679
v 0.009721 -0.283527 0.228393
v 0.006874 -0.277966 0.224353
v 0.006874 -0.289088 0.232434
v 0.009721 -0.283527 0.228393
v 0.006874 -0.289088 0.232434
v 0.000000 -0.291392 0.234107
v 0.000000 -0.347964 0.123077
v -0.006874 -0.345256 0.122198
v -0.006874 -0.345256 0.122198
v -0.009721 -0.338719 0.120074
v -0.009721 -0.338719 0.120074
v -0.006874 -0.332182 0.117949
v -0.006874 -0.332182 0.117949
v 0.000000 -0.329474 0.117070
v 0.006874 -0.332182 0.117949
v 0.000000 -0.329474 0.117070
v 0.006874 -0.332182 0.117949
v 0.009721 -0.338719 0.120074
v 0.009721 -0.338719 0.120074
v 0.006874 -0.345256 0.122198
v 0.006874 -0.345256 0.122198
v 0.000000 -0.347964 0.123077
v 0.000000 -0.291392 -0.234107
v 0.000000 -0.347964 -0.123077
v -0.006874 -0.289088 -0.232434
v -0.006874 -0.345256 -0.122198
v -0.009721 -0.283527 -0.228393
v -0.006874 -0.345256 -0.122198
v -0.009721 -0.338719 -0.120073
v -0.006874 -0.289088 -0.232434
v -0.006874 -0.332182 -0.117949
v -0.009721 -0.283527 -0.228393
v -0.009721 -0.338719 -0.120073
v -0.006874 -0.277966 -0.224353
v 0.000000 -0.329474 -0.117069
v 0.000000 -0.275663 -0.222679
v -0.006874 -0.332182 -0.117949
v -0.006874 -0.277966 -0.224353
v 0.006874 -0.332182 -0.117949
v 0.000000 -0.275663 -0.222679
v 0.000000 -0.329474 -0.117069
v 0.006874 -0.277966 -0.224353
v 0.009721 -0.338719 -0.120073
v 0.009721 -0.283527 -0.228393
v 0.006874 -0.332182 -0.117949
v 0.006874 -0.277966 -0.224353
v 0.006874 -0.345256 -0.122198
v 0.009721 -0.283527 -0.228393
v 0.009721 -0.338719 -0.120073
v 0.006874 -0.289088 -0.232434
v 0.006874 -0.289088 -0.232434
v 0.000000 -0.347964 -0.123077
v 0.000000 -0.291392 -0.234107
v 0.006874 -0.345256 -0.122198
v 0.000000 -0.203278 -0.322221
v -0.006874 -0.201605 -0.319917
v -0.009721 -0.197564 -0.314356
v -0.006874 -0.201605 -0.319917
v -0.006874 -0.193524 -0.308795
v -0.009721 -0.197564 -0.314356
v -0.006874 -0.193524 -0.308795
v 0.000000 -0.191850 -0.306492
v 0.000000 -0.191850 -0.306492
v 0.006874 -0.193524 -0.308795
v 0.009721 -0.197564 -0.314356
v 0.006874 -0.193524 -0.308795
v 0.006874 -0.201605 -0.319917
v 0.009721 -0.197564 -0.314356
v 0.006874 -0.201605 -0.319917
v 0.000000 -0.203278 -0.322221
v 0.000000 -0.092248 -0.378793
v -0.006874 -0.091368 -0.376086
v -0.006874 -0.091368 -0.376086
v -0.009721 -0.089244 -0.369548
v -0.006874 -0.087120 -0.363011
v -0.009721 -0.089244 -0.369548
v -0.006874 -0.087120 -0.363011
v 0.000000 -0.086240 -0.360303
v 0.000000 -0.086240 -0.360303
v 0.006874 -0.087120 -0.363011
v 0.006874 -0.087120 -0.363011
v 0.009721 -0.089244 -0.369548
v 0.006874 -0.091368 -0.376086
v 0.009721 -0.089244 -0.369548
v 0.006874 -0.091368 -0.376086
v 0.000000 -0.092248 -0.378793
v -0.000000 0.030829 -0.398287
v -0.006874 0.030829 -0.395440
v -0.006874 0.030829 -0.395440
v -0.009721 0.030829 -0.388566
v -0.006874 0.030829 -0.381692
v -0.009721 0.030829 -0.388566
v -0.006874 0.030829 -0.381692
v 0.000000 0.030829 -0.378845
v 0.000000 0.030829 -0.378845
v 0.006874 0.030829 -0.381692
v 0.006874 0.030829 -0.381692
v 0.009721 0.030829 -0.388566
v 0.009721 0.030829 -0.388566
v 0.006874 0.030829 -0.395440
v 0.006874 0.030829 -0.395440
v -0.000000 0.030829 -0.398287
v -0.000000 0.153907 -0.378793
v -0.006874 0.153027 -0.376086
v -0.006874 0.153027 -0.376086
v -0.009721 0.150903 -0.369548
v -0.009721 0.150903 -0.369548
v -0.006874 0.148778 -0.363011
v -0.006874 0.148778 -0.363011
v -0.000000 0.147899 -0.360303
v -0.000000 0.147899 -0.360303
v 0.006874 0.148778 -0.363011
v 0.009721 0.150903 -0.369548
v 0.006874 0.148778 -0.363011
v 0.006874 0.153027 -0.376086
v 0.009721 0.150903 -0.369548
v 0.006874 0.153027 -0.376086
v -0.000000 0.153907 -0.378793
v -0.000000 0.264936 -0.322221
v -0.006874 0.263263 -0.319918
v -0.006874 0.263263 -0.319918
v -0.009721 0.259222 -0.314356
v -0.009721 0.259222 -0.314356
v -0.006874 0.255182 -0.308795
v -0.006874 0.255182 -0.308795
v -0.000000 0.253509 -0.306492
v -0.000000 0.253509 -0.306492
v 0.006874 0.255182 -0.308795
v 0.009721 0.259222 -0.314356
v 0.006874 0.255182 -0.308795
v 0.009721 0.259222 -0.314356
v 0.006874 0.263263 -0.319918
v 0.006874 0.263263 -0.319918
v -0.000000 0.264936 -0.322221
v -0.000000 0.353050 -0.234107
v -0.006874 0.350747 -0.232434
v -0.006874 0.350747 -0.232434
v -0.009721 0.345186 -0.228393
v -0.006874 0.339625 -0.224353
v -0.009721 0.345186 -0.228393
v -0.006874 0.339625 -0.224353
v -0.000000 0.337321 -0.222679
v -0.000000 0.337321 -0.222679
v 0.006874 0.339625 -0.224353
v 0.006874 0.339625 -0.224353
v 0.009721 0.345186 -0.228393
v 0.006874 0.350747 -0.232434
v 0.009721 0.345186 -0.228393
v 0.006874 0.350747 -0.232434
v -0.000000 0.353050 -0.234107
v -0.000000 0.409623 -0.123077
v -0.006874 0.406915 -0.122198
v -0.006874 0.406915 -0.122198
v -0.009721 0.400377 -0.120073
v -0.006874 0.393840 -0.117949
v -0.009721 0.400377 -0.120073
v -0.006874 0.393840 -0.117949
v -0.000000 0.391132 -0.117069
v 0.006874 0.393840 -0.117949
v -0.000000 0.391132 -0.117069
v 0.006874 0.393840 -0.117949
v 0.009721 0.400377 -0.120073
v 0.006874 0.406915 -0.122198
v 0.009721 0.400377 -0.120073
v 0.006874 0.406915 -0.122198
v -0.000000 0.409623 -0.123077
v -0.000000 0.353050 0.234107
v -0.000000 0.409622 0.123078
v -0.006874 0.350746 0.232434
v -0.006874 0.406915 0.122198
v -0.006874 0.350746 0.232434
v -0.006874 0.406915 0.122198
v -0.009721 0.345185 0.228393
v -0.009721 0.400377 0.120074
v -0.009721 0.345185 0.228393
v -0.006874 0.393840 0.117949
v -0.006874 0.339624 0.224353
v -0.009721 0.400377 0.120074
v -0.000000 0.391132 0.117070
v -0.000000 0.337321 0.222680
v -0.006874 0.393840 0.117949
v -0.006874 0.339624 0.224353
v 0.006874 0.393840 0.117949
v -0.000000 0.337321 0.222680
v -0.000000 0.391132 0.117070
v 0.006874 0.339624 0.224353
v 0.006874 0.339624 0.224353
v 0.006874 0.393840 0.117949
v 0.009721 0.345185 0.228393
v 0.009721 0.400377 0.120074
v 0.009721 0.345185 0.228393
v 0.006874 0.406915 0.122198
v 0.006874 0.350746 0.232434
v 0.009721 0.400377 0.120074
v 0.006874 0.350746 0.232434
v -0.000000 0.409622 0.123078
v -0.000000 0.353050 0.234107
v 0.006874 0.406915 0.122198
v -0.000000 0.264936 0.322221
v -0.006874 0.263262 0.319918
v -0.006874 0.263262 0.319918
v -0.009721 0.259222 0.314357
v -0.009721 0.259222 0.314357
v -0.006874 0.255182 0.308796
v -0.006874 0.255182 0.308796
v -0.000000 0.253508 0.306492
v 0.006874 0.255182 0.308796
v -0.000000 0.253508 0.306492
v 0.009721 0.259222 0.314357
v 0.006874 0.255182 0.308796
v 0.009721 0.259222 0.314357
v 0.006874 0.263262 0.319918
v -0.000000 0.264936 0.322221
v 0.006874 0.263262 0.319918
v -0.000000 0.153906 0.378793
v -0.006874 0.153026 0.376086
v -0.006874 0.153026 0.376086
v -0.009721 0.150902 0.369548
v -0.006874 0.148778 0.363011
v -0.009721 0.150902 0.369548
v -0.006874 0.148778 0.363011
v -0.000000 0.147898 0.360303
v 0.006874 0.148778 0.363011
v -0.000000 0.147898 0.360303
v 0.006874 0.148778 0.363011
v 0.009721 0.150902 0.369548
v 0.006874 0.153026 0.376086
v 0.009721 0.150902 0.369548
v -0.000000 0.153906 0.378793
v 0.006874 0.153026 0.376086
v 0.376086 0.037703 0.122198
v 0.398287 0.030829 -0.000000
v 0.395440 0.037703 -0.000000
v 0.378793 0.030829 0.123077
v 0.376086 0.037703 0.122198
v 0.395440 0.037703 -0.000000
v 0.369548 0.040550 0.120073
v 0.388566 0.040550 -0.000000
v 0.369548 0.040550 0.120073
v 0.381692 0.037703 -0.000000
v 0.363011 0.037703 0.117949
v 0.388566 0.040550 -0.000000
v 0.378845 0.030829 -0.000000
v 0.360303 0.030829 0.117069
v 0.381692 0.037703 -0.000000
v 0.363011 0.037703 0.117949
v 0.381692 0.023955 -0.000000
v 0.360303 0.030829 0.117069
v 0.378845 0.030829 -0.000000
v 0.363011 0.023955 0.117949
v 0.388566 0.021108 -0.000000
v 0.369548 0.021108 0.120073
v 0.381692 0.023955 -0.000000
v 0.363011 0.023955 0.117949
v 0.395440 0.023955 -0.000000
v 0.369548 0.021108 0.120073
v 0.388566 0.021108 -0.000000
v 0.376086 0.023955 0.122198
v 0.398287 0.030829 -0.000000
v 0.376086 0.023955 0.122198
v 0.395440 0.023955 -0.000000
v 0.378793 0.030829 0.123077
v 0.319918 0.037703 0.232434
v 0.322221 0.030829 0.234107
v 0.319918 0.037703 0.232434
v 0.314357 0.040550 0.228393
v 0.314357 0.040550 0.228393
v 0.308796 0.037703 0.224353
v 0.306492 0.030829 0.222679
v 0.308796 0.037703 0.224353
v 0.306492 0.030829 0.222679
v 0.308796 0.023955 0.224353
v 0.314357 0.021108 0.228393
v 0.308796 0.023955 0.224353
v 0.314357 0.021108 0.228393
v 0.319918 0.023955 0.232434
v 0.319918 0.023955 0.232434
v 0.322221 0.030829 0.234107
v 0.232434 0.037703 0.319917
v 0.234107 0.030829 0.322221
v 0.228393 0.040550 0.314356
v 0.232434 0.037703 0.319917
v 0.224353 0.037703 0.308795
v 0.228393 0.040550 0.314356
v 0.222680 0.030829 0.306492
v 0.224353 0.037703 0.308795
v 0.222680 0.030829 0.306492
v 0.224353 0.023955 0.308795
v 0.228393 0.021108 0.314356
v 0.224353 0.023955 0.308795
v 0.232434 0.023955 0.319917
v 0.228393 0.021108 0.314356
v 0.232434 0.023955 0.319917
v 0.234107 0.030829 0.322221
v 0.123077 0.030829 0.378793
v 0.122198 0.037703 0.376086
v 0.122198 0.037703 0.376086
v 0.120074 0.040550 0.369548
v 0.117949 0.037703 0.363011
v 0.120074 0.040550 0.369548
v 0.117949 0.037703 0.363011
v 0.117070 0.030829 0.360303
v 0.117949 0.023955 0.363011
v 0.117070 0.030829 0.360303
v 0.117949 0.023955 0.363011
v 0.120074 0.021108 0.369548
v 0.120074 0.021108 0.369548
v 0.122198 0.023955 0.376086
v 0.123077 0.030829 0.378793
v 0.122198 0.023955 0.376086
v 0.000000 0.030829 0.398287
v 0.000000 0.037703 0.395440
v 0.000000 0.037703 0.395440
v 0.000000 0.040550 0.388566
v 0.000000 0.037703 0.381692
v 0.000000 0.040550 0.388566
v 0.000000 0.037703 0.381692
v 0.000000 0.030829 0.378845
v 0.000000 0.023955 0.381692
v 0.000000 0.030829 0.378845
v 0.000000 0.023955 0.381692
v 0.000000 0.021108 0.388566
v 0.000000 0.023955 0.395440
v 0.000000 0.021108 0.388566
v 0.000000 0.030829 0.398287
v 0.000000 0.023955 0.395440
v -0.122198 0.037703 0.376086
v 0.000000 0.030829 0.398287
v 0.000000 0.037703 0.395440
v -0.123077 0.030829 0.378793
v 0.000000 0.040550 0.388566
v -0.120073 0.040550 0.369548
v 0.000000 0.037703 0.395440
v -0.122198 0.037703 0.376086
v 0.000000 0.037703 0.381692
v -0.120073 0.040550 0.369548
v 0.000000 0.040550 0.388566
v -0.117949 0.037703 0.363011
v 0.000000 0.030829 0.378845
v -0.117070 0.030829 0.360303
v 0.000000 0.037703 0.381692
v -0.117949 0.037703 0.363011
v 0.000000 0.023955 0.381692
v -0.117070 0.030829 0.360303
v 0.000000 0.030829 0.378845
v -0.117949 0.023955 0.363011
v 0.000000 0.021108 0.388566
v -0.120073 0.021108 0.369548
v 0.000000 0.023955 0.381692
v -0.117949 0.023955 0.363011
v 0.000000 0.023955 0.395440
v -0.120073 0.021108 0.369548
v 0.000000 0.021108 0.388566
v -0.122198 0.023955 0.376086
v 0.000000 0.030829 0.398287
v -0.122198 0.023955 0.376086
v 0.000000 0.023955 0.395440
v -0.123077 0.030829 0.378793
v -0.232434 0.037703 0.319918
v -0.234107 0.030829 0.322221
v -0.232434 0.037703 0.319918
v -0.228393 0.040550 0.314356
v -0.228393 0.040550 0.314356
v -0.224353 0.037703 0.308795
v -0.222679 0.030829 0.306492
v -0.224353 0.037703 0.308795
v -0.222679 0.030829 0.306492
v -0.224353 0.023955 0.308795
v -0.228393 0.021108 0.314356
v -0.224353 0.023955 0.308795
v -0.228393 0.021108 0.314356
v -0.232434 0.023955 0.319918
v -0.232434 0.023955 0.319918
v -0.234107 0.030829 0.322221
v -0.319918 0.037703 0.232434
v -0.322221 0.030829 0.234107
v -0.319918 0.037703 0.232434
v -0.314356 0.040550 0.228393
v -0.314356 0.040550 0.228393
v -0.308795 0.037703 0.224353
v -0.308795 0.037703 0.224353
v -0.306492 0.030829 0.222679
v -0.308795 0.023955 0.224353
v -0.306492 0.030829 0.222679
v -0.314356 0.021108 0.228393
v -0.308795 0.023955 0.224353
v -0.319918 0.023955 0.232434
v -0.314356 0.021108 0.228393
v -0.319918 0.023955 0.232434
v -0.322221 0.030829 0.234107
v -0.378793 0.030829 0.123077
v -0.376086 0.037703 0.122198
v -0.376086 0.037703 0.122198
v -0.369548 0.040550 0.120073
v -0.363011 0.037703 0.117949
v -0.369548 0.040550 0.120073
v -0.363011 0.037703 0.117949
v -0.360303 0.030829 0.117070
v -0.363011 0.023955 0.117949
v -0.360303 0.030829 0.117070
v -0.363011 0.023955 0.117949
v -0.369548 0.021108 0.120073
v -0.376086 0.023955 0.122198
v -0.369548 0.021108 0.120073
v -0.378793 0.030829 0.123077
v -0.376086 0.023955 0.122198
v -0.398287 0.030829 -0.000000
v -0.395440 0.037703 -0.000000
v -0.395440 0.037703 -0.000000
v -0.388566 0.040550 -0.000000
v -0.381692 0.037703 -0.000000
v -0.388566 0.040550 -0.000000
v -0.381692 0.037703 -0.000000
v -0.378845 0.030829 -0.000000
v -0.381692 0.023955 -0.000000
v -0.378845 0.030829 -0.000000
v -0.381692 0.023955 -0.000000
v -0.388566 0.021108 -0.000000
v -0.388566 0.021108 -0.000000
v -0.395440 0.023955 -0.000000
v -0.398287 0.030829 -0.000000
v -0.395440 0.023955 -0.000000
v -0.376086 0.037703 -0.122198
v -0.378793 0.030829 -0.123077
v -0.376086 0.037703 -0.122198
v -0.369548 0.040550 -0.120073
v -0.369548 0.040550 -0.120073
v -0.363011 0.037703 -0.117949
v -0.360303 0.030829 -0.117070
v -0.363011 0.037703 -0.117949
v -0.360303 0.030829 -0.117070
v -0.363011 0.023955 -0.117949
v -0.369548 0.021108 -0.120073
v -0.363011 0.023955 -0.117949
v -0.376086 0.023955 -0.122198
v -0.369548 0.021108 -0.120073
v -0.376086 0.023955 -0.122198
v -0.378793 0.030829 -0.123077
v -0.319918 0.037703 -0.232434
v -0.322221 0.030829 -0.234107
v -0.314357 0.040550 -0.228393
v -0.319918 0.037703 -0.232434
v -0.314357 0.040550 -0.228393
v -0.308796 0.037703 -0.224353
v -0.306492 0.030829 -0.222679
v -0.308796 0.037703 -0.224353
v -0.306492 0.030829 -0.222679
v -0.308796 0.023955 -0.224353
v -0.314357 0.021108 -0.228393
v -0.308796 0.023955 -0.224353
v -0.314357 0.021108 -0.228393
v -0.319918 0.023955 -0.232434
v -0.319918 0.023955 -0.232434
v -0.322221 0.030829 -0.234107
v -0.232434 0.037703 -0.319917
v -0.234107 0.030829 -0.322221
v -0.232434 0.037703 -0.319917
v -0.228393 0.040550 -0.314356
v -0.224353 0.037703 -0.308795
v -0.228393 0.040550 -0.314356
v -0.222679 0.030829 -0.306492
v -0.224353 0.037703 -0.308795
v -0.222679 0.030829 -0.306492
v -0.224353 0.023955 -0.308795
v -0.224353 0.023955 -0.308795
v -0.228393 0.021108 -0.314356
v -0.232434 0.023955 -0.319917
v -0.228393 0.021108 -0.314356
v -0.232434 0.023955 -0.319917
v -0.234107 0.030829 -0.322221
v -0.123077 0.030829 -0.378793
v -0.122198 0.037703 -0.376086
v -0.122198 0.037703 -0.376086
v -0.120073 0.040550 -0.369548
v -0.120073 0.040550 -0.369548
v -0.117949 0.037703 -0.363011
v -0.117949 0.037703 -0.363011
v -0.117069 0.030829 -0.360303
v -0.117949 0.023955 -0.363011
v -0.117069 0.030829 -0.360303
v -0.117949 0.023955 -0.363011
v -0.120073 0.021108 -0.369548
v -0.122198 0.023955 -0.376086
v -0.120073 0.021108 -0.369548
v -0.123077 0.030829 -0.378793
v -0.122198 0.023955 -0.376086
v 0.000000 0.030829 -0.398287
v 0.000000 0.037703 -0.395440
v 0.000000 0.037703 -0.395440
v 0.000000 0.040550 -0.388566
v 0.000000 0.040550 -0.388566
v 0.000000 0.037703 -0.381692
v 0.000000 0.037703 -0.381692
v 0.000000 0.030829 -0.378845
v 0.000000 0.023955 -0.381692
v 0.000000 0.030829 -0.378845
v 0.000000 0.021108 -0.388566
v 0.000000 0.023955 -0.381692
v 0.000000 0.021108 -0.388566
v 0.000000 0.023955 -0.395440
v 0.000000 0.030829 -0.398287
v 0.000000 0.023955 -0.395440
v 0.122198 0.037703 -0.376085
v 0.000000 0.030829 -0.398287
v 0.000000 0.037703 -0.395440
v 0.123078 0.030829 -0.378793
v 0.000000 0.040550 -0.388566
v 0.122198 0.037703 -0.376085
v 0.000000 0.037703 -0.395440
v 0.120074 0.040550 -0.369548
v 0.000000 0.037703 -0.381692
v 0.120074 0.040550 -0.369548
v 0.000000 0.040550 -0.388566
v 0.117950 0.037703 -0.363011
v 0.000000 0.030829 -0.378845
v 0.117070 0.030829 -0.360303
v 0.000000 0.037703 -0.381692
v 0.117950 0.037703 -0.363011
v 0.000000 0.023955 -0.381692
v 0.117070 0.030829 -0.360303
v 0.000000 0.030829 -0.378845
v 0.117950 0.023955 -0.363011
v 0.120074 0.021108 -0.369548
v 0.000000 0.023955 -0.381692
v 0.000000 0.021108 -0.388566
v 0.117950 0.023955 -0.363011
v 0.122198 0.023955 -0.376085
v 0.000000 0.021108 -0.388566
v 0.000000 0.023955 -0.395440
v 0.120074 0.021108 -0.369548
v 0.000000 0.030829 -0.398287
v 0.122198 0.023955 -0.376085
v 0.000000 0.023955 -0.395440
v 0.123078 0.030829 -0.378793
v 0.232434 0.037703 -0.319917
v 0.234107 0.030829 -0.322221
v 0.232434 0.037703 -0.319917
v 0.228394 0.040550 -0.314356
v 0.224353 0.037703 -0.308795
v 0.228394 0.040550 -0.314356
v 0.222680 0.030829 -0.306492
v 0.224353 0.037703 -0.308795
v 0.222680 0.030829 -0.306492
v 0.224353 0.023955 -0.308795
v 0.224353 0.023955 -0.308795
v 0.228394 0.021108 -0.314356
v 0.228394 0.021108 -0.314356
v 0.232434 0.023955 -0.319917
v 0.232434 0.023955 -0.319917
v 0.234107 0.030829 -0.322221
v 0.322221 0.030829 -0.234107
v 0.319918 0.037703 -0.232433
v 0.314357 0.040550 -0.228393
v 0.319918 0.037703 -0.232433
v 0.314357 0.040550 -0.228393
v 0.308796 0.037703 -0.224353
v 0.308796 0.037703 -0.224353
v 0.306492 0.030829 -0.222679
v 0.308796 0.023955 -0.224353
v 0.306492 0.030829 -0.222679
v 0.314357 0.021108 -0.228393
v 0.308796 0.023955 -0.224353
v 0.314357 0.021108 -0.228393
v 0.319918 0.023955 -0.232433
v 0.322221 0.030829 -0.234107
v 0.319918 0.023955 -0.232433
v 0.378794 0.030829 -0.123077
v 0.376086 0.037703 -0.122197
v 0.376086 0.037703 -0.122197
v 0.369548 0.040550 -0.120073
v 0.363011 0.037703 -0.117949
v 0.369548 0.040550 -0.120073
v 0.363011 0.037703 -0.117949
v 0.360303 0.030829 -0.117069
v 0.363011 0.023955 -0.117949
v 0.360303 0.030829 -0.117069
v 0.363011 0.023955 -0.117949
v 0.369548 0.021108 -0.120073
v 0.376086 0.023955 -0.122197
v 0.369548 0.021108 -0.120073
v 0.378794 0.030829 -0.123077
v 0.376086 0.023955 -0.122197
v 0.376086 -0.091368 0.006874
v 0.398287 0.030829 -0.000000
v 0.395440 0.030829 0.006874
v 0.378793 -0.092248 -0.000000
v 0.369548 -0.089244 0.009721
v 0.395440 0.030829 0.006874
v 0.388566 0.030829 0.009721
v 0.376086 -0.091368 0.006874
v 0.381692 0.030829 0.006874
v 0.369548 -0.089244 0.009721
v 0.388566 0.030829 0.009721
v 0.363011 -0.087120 0.006874
v 0.378845 0.030829 -0.000000
v 0.360303 -0.086240 -0.000000
v 0.381692 0.030829 0.006874
v 0.363011 -0.087120 0.006874
v 0.381692 0.030829 -0.006874
v 0.360303 -0.086240 -0.000000
v 0.378845 0.030829 -0.000000
v 0.363011 -0.087120 -0.006874
v 0.388566 0.030829 -0.009721
v 0.369548 -0.089244 -0.009721
v 0.381692 0.030829 -0.006874
v 0.363011 -0.087120 -0.006874
v 0.395440 0.030829 -0.006874
v 0.369548 -0.089244 -0.009721
v 0.388566 0.030829 -0.009721
v 0.376086 -0.091368 -0.006874
v 0.398287 0.030829 -0.000000
v 0.376086 -0.091368 -0.006874
v 0.395440 0.030829 -0.006874
v 0.378793 -0.092248 -0.000000
v 0.319918 -0.201605 0.006874
v 0.322221 -0.203278 0.000000
v 0.314357 -0.197564 0.009721
v 0.319918 -0.201605 0.006874
v 0.314357 -0.197564 0.009721
v 0.308796 -0.193524 0.006874
v 0.306492 -0.191850 0.000000
v 0.308796 -0.193524 0.006874
v 0.306492 -0.191850 0.000000
v 0.308796 -0.193524 -0.006874
v 0.314357 -0.197564 -0.009721
v 0.308796 -0.193524 -0.006874
v 0.314357 -0.197564 -0.009721
v 0.319918 -0.201605 -0.006874
v 0.319918 -0.201605 -0.006874
v 0.322221 -0.203278 0.000000
v 0.232434 -0.289088 0.006874
v 0.234107 -0.291392 0.000000
v 0.228393 -0.283527 0.009721
v 0.232434 -0.289088 0.006874
v 0.224353 -0.277966 0.006874
v 0.228393 -0.283527 0.009721
v 0.224353 -0.277966 0.006874
v 0.222680 -0.275663 0.000000
v 0.222680 -0.275663 0.000000
v 0.224353 -0.277966 -0.006874
v 0.228393 -0.283527 -0.009721
v 0.224353 -0.277966 -0.006874
v 0.232434 -0.289088 -0.006874
v 0.228393 -0.283527 -0.009721
v 0.232434 -0.289088 -0.006874
v 0.234107 -0.291392 0.000000
v 0.123077 -0.347964 0.000000
v 0.122198 -0.345256 0.006874
v 0.122198 -0.345256 0.006874
v 0.120074 -0.338719 0.009721
v 0.120074 -0.338719 0.009721
v 0.117949 -0.332182 0.006874
v 0.117949 -0.332182 0.006874
v 0.117070 -0.329474 0.000000
v 0.117949 -0.332182 -0.006874
v 0.117070 -0.329474 0.000000
v 0.117949 -0.332182 -0.006874
v 0.120074 -0.338719 -0.009721
v 0.120074 -0.338719 -0.009721
v 0.122198 -0.345256 -0.006874
v 0.123077 -0.347964 0.000000
v 0.122198 -0.345256 -0.006874
v -0.122198 -0.345256 0.006874
v -0.232434 -0.289088 0.006874
v -0.123077 -0.347964 0.000000
v -0.234107 -0.291392 0.000000
v -0.228393 -0.283527 0.009721
v -0.122198 -0.345256 0.006874
v -0.120073 -0.338719 0.009721
v -0.232434 -0.289088 0.006874
v -0.117949 -0.332182 0.006874
v -0.228393 -0.283527 0.009721
v -0.120073 -0.338719 0.009721
v -0.224353 -0.277966 0.006874
v -0.117070 -0.329474 0.000000
v -0.222679 -0.275663 0.000000
v -0.117949 -0.332182 0.006874
v -0.224353 -0.277966 0.006874
v -0.117949 -0.332182 -0.006874
v -0.222679 -0.275663 0.000000
v -0.117070 -0.329474 0.000000
v -0.224353 -0.277966 -0.006874
v -0.120073 -0.338719 -0.009721
v -0.228393 -0.283527 -0.009721
v -0.117949 -0.332182 -0.006874
v -0.224353 -0.277966 -0.006874
v -0.122198 -0.345256 -0.006874
v -0.228393 -0.283527 -0.009721
v -0.120073 -0.338719 -0.009721
v -0.232434 -0.289088 -0.006874
v -0.123077 -0.347964 0.000000
v -0.232434 -0.289088 -0.006874
v -0.122198 -0.345256 -0.006874
v -0.234107 -0.291392 0.000000
v -0.319918 -0.201605 0.006874
v -0.322221 -0.203278 0.000000
v -0.314356 -0.197564 0.009721
v -0.319918 -0.201605 0.006874
v -0.308795 -0.193524 0.006874
v -0.314356 -0.197564 0.009721
v -0.308795 -0.193524 0.006874
v -0.306492 -0.191850 0.000000
v -0.306492 -0.191850 0.000000
v -0.308795 -0.193524 -0.006874
v -0.314356 -0.197564 -0.009721
v -0.308795 -0.193524 -0.006874
v -0.319918 -0.201605 -0.006874
v -0.314356 -0.197564 -0.009721
v -0.319918 -0.201605 -0.006874
v -0.322221 -0.203278 0.000000
v -0.378793 -0.092248 0.000000
v -0.376086 -0.091369 0.006874
v -0.376086 -0.091369 0.006874
v -0.369548 -0.089244 0.009721
v -0.363011 -0.087120 0.006874
v -0.369548 -0.089244 0.009721
v -0.363011 -0.087120 0.006874
v -0.360303 -0.086240 0.000000
v -0.360303 -0.086240 0.000000
v -0.363011 -0.087120 -0.006874
v -0.363011 -0.087120 -0.006874
v -0.369548 -0.089244 -0.009721
v -0.376086 -0.091369 -0.006874
v -0.369548 -0.089244 -0.009721
v -0.376086 -0.091369 -0.006874
v -0.378793 -0.092248 0.000000
v -0.398287 0.030829 0.000000
v -0.395440 0.030829 0.006874
v -0.395440 0.030829 0.006874
v -0.388566 0.030829 0.009721
v -0.381692 0.030829 0.006874
v -0.388566 0.030829 0.009721
v -0.381692 0.030829 0.006874
v -0.378845 0.030829 0.000000
v -0.378845 0.030829 0.000000
v -0.381692 0.030829 -0.006874
v -0.381692 0.030829 -0.006874
v -0.388566 0.030829 -0.009721
v -0.388566 0.030829 -0.009721
v -0.395440 0.030829 -0.006874
v -0.395440 0.030829 -0.006874
v -0.398287 0.030829 0.000000
v -0.378793 0.153907 -0.000000
v -0.376086 0.153027 0.006874
v -0.376086 0.153027 0.006874
v -0.369548 0.150903 0.009721
v -0.369548 0.150903 0.009721
v -0.363011 0.148778 0.006874
v -0.363011 0.148778 0.006874
v -0.360303 0.147899 -0.000000
v -0.360303 0.147899 -0.000000
v -0.363011 0.148778 -0.006874
v -0.369548 0.150903 -0.009721
v -0.363011 0.148778 -0.006874
v -0.376086 0.153027 -0.006874
v -0.369548 0.150903 -0.009721
v -0.376086 0.153027 -0.006874
v -0.378793 0.153907 -0.000000
v -0.322221 0.264936 -0.000000
v -0.319918 0.263263 0.006874
v -0.319918 0.263263 0.006874
v -0.314357 0.259222 0.009721
v -0.314357 0.259222 0.009721
v -0.308796 0.255182 0.006874
v -0.308796 0.255182 0.006874
v -0.306492 0.253509 -0.000000
v -0.306492 0.253509 -0.000000
v -0.308796 0.255182 -0.006874
v -0.314357 0.259222 -0.009721
v -0.308796 0.255182 -0.006874
v -0.314357 0.259222 -0.009721
v -0.319918 0.263263 -0.006874
v -0.319918 0.263263 -0.006874
v -0.322221 0.264936 -0.000000
v -0.234107 0.353050 -0.000000
v -0.232434 0.350747 0.006874
v -0.232434 0.350747 0.006874
v -0.228393 0.345186 0.009721
v -0.224353 0.339624 0.006874
v -0.228393 0.345186 0.009721
v -0.224353 0.339624 0.006874
v -0.222679 0.337321 -0.000000
v -0.222679 0.337321 -0.000000
v -0.224353 0.339624 -0.006874
v -0.224353 0.339624 -0.006874
v -0.228393 0.345186 -0.009721
v -0.232434 0.350747 -0.006874
v -0.228393 0.345186 -0.009721
v -0.232434 0.350747 -0.006874
v -0.234107 0.353050 -0.000000
v -0.123077 0.409623 -0.000000
v -0.122198 0.406915 0.006874
v -0.122198 0.406915 0.006874
v -0.120073 0.400377 0.009721
v -0.117949 0.393840 0.006874
v -0.120073 0.400377 0.009721
v -0.117949 0.393840 0.006874
v -0.117069 0.391132 -0.000000
v -0.117949 0.393840 -0.006874
v -0.117069 0.391132 -0.000000
v -0.117949 0.393840 -0.006874
v -0.120073 0.400377 -0.009721
v -0.122198 0.406915 -0.006874
v -0.120073 0.400377 -0.009721
v -0.123077 0.409623 -0.000000
v -0.122198 0.406915 -0.006874
v 0.232434 0.350746 0.006874
v 0.123078 0.409622 -0.000000
v 0.122198 0.406915 0.006874
v 0.234107 0.353050 -0.000000
v 0.232434 0.350746 0.006874
v 0.122198 0.406915 0.006874
v 0.228394 0.345185 0.009721
v 0.120074 0.400377 0.009721
v 0.228394 0.345185 0.009721
v 0.120074 0.400377 0.009721
v 0.224353 0.339624 0.006874
v 0.117950 0.393840 0.006874
v 0.222680 0.337321 -0.000000
v 0.117950 0.393840 0.006874
v 0.117070 0.391132 -0.000000
v 0.224353 0.339624 0.006874
v 0.117950 0.393840 -0.006874
v 0.222680 0.337321 -0.000000
v 0.117070 0.391132 -0.000000
v 0.224353 0.339624 -0.006874
v 0.224353 0.339624 -0.006874
v 0.120074 0.400377 -0.009721
v 0.228394 0.345185 -0.009721
v 0.117950 0.393840 -0.006874
v 0.228394 0.345185 -0.009721
v 0.122198 0.406915 -0.006874
v 0.232434 0.350746 -0.006874
v 0.120074 0.400377 -0.009721
v 0.123078 0.409622 -0.000000
v 0.232434 0.350746 -0.006874
v 0.122198 0.406915 -0.006874
v 0.234107 0.353050 -0.000000
v 0.322221 0.264936 -0.000000
v 0.319918 0.263263 0.006874
v 0.319918 0.263263 0.006874
v 0.314357 0.259222 0.009721
v 0.314357 0.259222 0.009721
v 0.308796 0.255182 0.006874
v 0.308796 0.255182 0.006874
v 0.306492 0.253508 -0.000000
v 0.308796 0.255182 -0.006874
v 0.306492 0.253508 -0.000000
v 0.314357 0.259222 -0.009721
v 0.308796 0.255182 -0.006874
v 0.314357 0.259222 -0.009721
v 0.319918 0.263263 -0.006874
v 0.322221 0.264936 -0.000000
v 0.319918 0.263263 -0.006874
v 0.378794 0.153906 -0.000000
v 0.376086 0.153026 0.006874
v 0.376086 0.153026 0.006874
v 0.369548 0.150902 0.009721
v 0.363011 0.148778 0.006874
v 0.369548 0.150902 0.009721
v 0.363011 0.148778 0.006874
v 0.360303 0.147898 -0.000000
v 0.363011 0.148778 -0.006874
v 0.360303 0.147898 -0.000000
v 0.363011 0.148778 -0.006874
v 0.369548 0.150902 -0.009721
v 0.376086 0.153026 -0.006874
v 0.369548 0.150902 -0.009721
v 0.378794 0.153906 -0.000000
v 0.376086 0.153026 -0.006874
v 0.000000 -0.463833 0.000000
v -0.051596 -0.463833 0.018780
v -0.054908 -0.463833 0.000000
v -0.042062 -0.463833 0.035294
v -0.027454 -0.463833 0.047551
v -0.009535 -0.463833 0.054073
v 0.009535 -0.463833 0.054073
v 0.027454 -0.463833 0.047551
v 0.042062 -0.463833 0.035294
v 0.051596 -0.463833 0.018780
v 0.054908 -0.463833 0.000000
v 0.051596 -0.463833 -0.018779
v 0.042062 -0.463833 -0.035294
v 0.027454 -0.463833 -0.047551
v 0.009535 -0.463833 -0.054073
v -0.009535 -0.463833 -0.054073
v -0.027454 -0.463833 -0.047551
v -0.042062 -0.463833 -0.035294
v -0.051596 -0.463833 -0.018779
v -0.109815 -0.463833 0.000000
v -0.103192 -0.463833 0.037559
v -0.084123 -0.463833 0.070588
v -0.054908 -0.463833 0.095103
v -0.019069 -0.463833 0.108147
v 0.019069 -0.463833 0.108147
v 0.054908 -0.463833 0.095103
v 0.084123 -0.463833 0.070588
v 0.103192 -0.463833 0.037559
v 0.109815 -0.463833 0.000000
v 0.103192 -0.463833 -0.037559
v 0.084123 -0.463833 -0.070588
v 0.054908 -0.463833 -0.095103
v 0.019069 -0.463833 -0.108147
v -0.019069 -0.463833 -0.108147
v -0.054907 -0.463833 -0.095103
v -0.084123 -0.463833 -0.070588
v -0.103192 -0.463833 -0.037559
v -0.164723 -0.463833 0.000000
v -0.154789 -0.463833 0.056338
v -0.126185 -0.463833 0.105882
v -0.082361 -0.463833 0.142654
v -0.028604 -0.463833 0.162220
v 0.028604 -0.463833 0.162220
v 0.082361 -0.463833 0.142654
v 0.126185 -0.463833 0.105882
v 0.154789 -0.463833 0.056338
v 0.164723 -0.463833 0.000000
v 0.154789 -0.463833 -0.056338
v 0.126185 -0.463833 -0.105882
v 0.082361 -0.463833 -0.142654
v 0.028604 -0.463833 -0.162220
v -0.028604 -0.463833 -0.162220
v -0.082361 -0.463833 -0.142654
v -0.126185 -0.463833 -0.105882
v -0.154789 -0.463833 -0.056338
v -0.164723 -0.261156 0.000000
v -0.164723 -0.463833 0.000000
v -0.154789 -0.261156 0.056338
v -0.154789 -0.463833 0.056338
v -0.126185 -0.261156 0.105882
v -0.126185 -0.463833 0.105882
v -0.082361 -0.261156 0.142654
v -0.082361 -0.463833 0.142654
v -0.028604 -0.261156 0.162220
v -0.028604 -0.463833 0.162220
v 0.028604 -0.261156 0.162220
v 0.028604 -0.463833 0.162220
v 0.082361 -0.261156 0.142654
v 0.082361 -0.463833 0.142654
v 0.126185 -0.261156 0.105882
v 0.126185 -0.463833 0.105882
v 0.154789 -0.261156 0.056338
v 0.154789 -0.463833 0.056338
v 0.164723 -0.261156 0.000000
v 0.164723 -0.463833 0.000000
v 0.154789 -0.261156 -0.056338
v 0.154789 -0.463833 -0.056338
v 0.126185 -0.261156 -0.105882
v 0.126185 -0.463833 -0.105882
v 0.082361 -0.261156 -0.142654
v 0.082361 -0.463833 -0.142654
v 0.028604 -0.261156 -0.162220
v 0.028604 -0.463833 -0.162220
v -0.028604 -0.261156 -0.162220
v -0.028604 -0.463833 -0.162220
v -0.082361 -0.261156 -0.142654
v -0.082361 -0.463833 -0.142654
v -0.126185 -0.261156 -0.105882
v -0.126185 -0.463833 -0.105882
v -0.154789 -0.261156 -0.056339
v -0.154789 -0.463833 -0.056338
v -0.164723 -0.261156 0.000000
v -0.164723 -0.463833 0.000000
v -0.109815 -0.232225 0.000000
v -0.154789 -0.261156 0.056338
v -0.103192 -0.232225 0.037559
v -0.164723 -0.261156 0.000000
v -0.126185 -0.261156 0.105882
v -0.084123 -0.232225 0.070588
v -0.054908 -0.232225 0.095103
v -0.082361 -0.261156 0.142654
v -0.028604 -0.261156 0.162220
v -0.019069 -0.232225 0.108147
v 0.028604 -0.261156 0.162220
v 0.019069 -0.232225 0.108147
v 0.054908 -0.232225 0.095103
v 0.082361 -0.261156 0.142654
v 0.126185 -0.261156 0.105882
v 0.084123 -0.232225 0.070588
v 0.154789 -0.261156 0.056338
v 0.103192 -0.232225 0.037559
v 0.109815 -0.232225 0.000000
v 0.164723 -0.261156 0.000000
v 0.154789 -0.261156 -0.056338
v 0.103192 -0.232225 -0.037559
v 0.126185 -0.261156 -0.105882
v 0.084123 -0.232225 -0.070588
v 0.054908 -0.232225 -0.095103
v 0.082361 -0.261156 -0.142654
v 0.028604 -0.261156 -0.162220
v 0.019069 -0.232225 -0.108147
v -0.028604 -0.261156 -0.162220
v -0.019069 -0.232225 -0.108147
v -0.054907 -0.232225 -0.095103
v -0.082361 -0.261156 -0.142654
v -0.126185 -0.261156 -0.105882
v -0.084123 -0.232225 -0.070588
v -0.154789 -0.261156 -0.056339
v -0.103192 -0.232225 -0.037559
v -0.054444 -0.211576 0.000000
v -0.051160 -0.211576 0.018621
v -0.041706 -0.211576 0.034996
v -0.027222 -0.211576 0.047150
v -0.009454 -0.211576 0.053617
v 0.009454 -0.211576 0.053617
v 0.027222 -0.211576 0.047150
v 0.041706 -0.211576 0.034996
v 0.051160 -0.211576 0.018621
v 0.054444 -0.211576 0.000000
v 0.051160 -0.211576 -0.018621
v 0.041706 -0.211576 -0.034996
v 0.027222 -0.211576 -0.047150
v 0.009454 -0.211576 -0.053617
v -0.009454 -0.211576 -0.053617
v -0.027222 -0.211576 -0.047150
v -0.041706 -0.211576 -0.034996
v -0.051160 -0.211576 -0.018621
v 0.000000 -0.115044 0.000000
v -0.032225 -0.071599 0.000000
v -0.030281 -0.071599 0.011022
v -0.024686 -0.071599 0.020714
v -0.016112 -0.071599 0.027908
v -0.005596 -0.071599 0.031735
v 0.005596 -0.071599 0.031735
v 0.016112 -0.071599 0.027908
v 0.024686 -0.071599 0.020714
v 0.030281 -0.071599 0.011022
v 0.032225 -0.071599 0.000000
v 0.030281 -0.071599 -0.011022
v 0.024686 -0.071599 -0.020714
v 0.016112 -0.071599 -0.027908
v 0.005596 -0.071599 -0.031735
v -0.005596 -0.071599 -0.031735
v -0.016112 -0.071599 -0.027908
v -0.024686 -0.071599 -0.020714
v -0.030281 -0.071599 -0.011022
v -0.051596 -0.167598 0.018779
v -0.071041 -0.121433 0.025857
v -0.075600 -0.121433 0.000000
v -0.054908 -0.167598 0.000000
v -0.042062 -0.167598 0.035294
v -0.057913 -0.121433 0.048595
v -0.037800 -0.121433 0.065472
v -0.027454 -0.167598 0.047551
v -0.013128 -0.121433 0.074451
v -0.009535 -0.167598 0.054073
v 0.013128 -0.121433 0.074451
v -0.009535 -0.167598 0.054073
v 0.009535 -0.167598 0.054073
v -0.013128 -0.121433 0.074451
v 0.027454 -0.167598 0.047551
v 0.037800 -0.121433 0.065472
v 0.042062 -0.167598 0.035294
v 0.057913 -0.121433 0.048595
v 0.071041 -0.121433 0.025857
v 0.051596 -0.167598 0.018779
v 0.075600 -0.121433 0.000000
v 0.054908 -0.167598 0.000000
v 0.051596 -0.167598 -0.018779
v 0.071041 -0.121433 -0.025857
v 0.042062 -0.167598 -0.035294
v 0.057913 -0.121433 -0.048595
v 0.037800 -0.121433 -0.065472
v 0.027454 -0.167598 -0.047551
v 0.013128 -0.121433 -0.074451
v 0.009535 -0.167598 -0.054073
v -0.013128 -0.121433 -0.074451
v -0.009535 -0.167598 -0.054073
v -0.027454 -0.167598 -0.047551
v -0.037800 -0.121433 -0.065472
v -0.042062 -0.167598 -0.035294
v -0.057913 -0.121433 -0.048595
v -0.071041 -0.121433 -0.025857
v -0.051596 -0.167598 -0.018779
v -0.051160 -0.211576 0.018621
v -0.054444 -0.211576 0.000000
v -0.041706 -0.211576 0.034996
v -0.027222 -0.211576 0.047150
v -0.009454 -0.211576 0.053617
v -0.009454 -0.211576 0.053617
v 0.009454 -0.211576 0.053617
v 0.027222 -0.211576 0.047150
v 0.041706 -0.211576 0.034996
v 0.051160 -0.211576 0.018621
v 0.054444 -0.211576 0.000000
v 0.051160 -0.211576 -0.018621
v 0.041706 -0.211576 -0.034996
v 0.027222 -0.211576 -0.047150
v 0.009454 -0.211576 -0.053617
v -0.009454 -0.211576 -0.053617
v -0.027222 -0.211576 -0.047150
v -0.041706 -0.211576 -0.034996
v -0.051160 -0.211576 -0.018621
v -0.035564 -0.114243 0.012944
v -0.073958 -0.114243 0.000000
v -0.069498 -0.114243 0.025295
v -0.037846 -0.114243 0.000000
v -0.056655 -0.114243 0.047539
v -0.028992 -0.114243 0.024327
v -0.018923 -0.114243 0.032776
v -0.036979 -0.114243 0.064050
v -0.012843 -0.114243 0.072835
v -0.006572 -0.114243 0.037271
v 0.012843 -0.114243 0.072835
v 0.006572 -0.114243 0.037271
v 0.018923 -0.114243 0.032776
v 0.036979 -0.114243 0.064050
v 0.056655 -0.114243 0.047539
v 0.028992 -0.114243 0.024327
v 0.069498 -0.114243 0.025295
v 0.035564 -0.114243 0.012944
v 0.037846 -0.114243 0.000000
v 0.073958 -0.114243 0.000000
v 0.035564 -0.114243 -0.012944
v 0.069498 -0.114243 -0.025295
v 0.056655 -0.114243 -0.047539
v 0.028992 -0.114243 -0.024327
v 0.018923 -0.114243 -0.032776
v 0.036979 -0.114243 -0.064050
v 0.006572 -0.114243 -0.037271
v 0.012843 -0.114243 -0.072835
v -0.012843 -0.114243 -0.072835
v -0.006572 -0.114243 -0.037271
v -0.018923 -0.114243 -0.032776
v -0.036979 -0.114243 -0.064050
v -0.028992 -0.114243 -0.024327
v -0.056655 -0.114243 -0.047539
v -0.035564 -0.114243 -0.012944
v -0.069498 -0.114243 -0.025295
v -0.035564 -0.114243 0.012944
v -0.041046 -0.082937 0.014939
v -0.043680 -0.082937 0.000000
v -0.037846 -0.114243 0.000000
v -0.028992 -0.114243 0.024327
v -0.033461 -0.082937 0.028077
v -0.021840 -0.082937 0.037828
v -0.018923 -0.114243 0.032776
v -0.007585 -0.082937 0.043016
v -0.018923 -0.114243 0.032776
v -0.006572 -0.114243 0.037271
v -0.021840 -0.082937 0.037828
v 0.007585 -0.082937 0.043016
v 0.006572 -0.114243 0.037271
v 0.018923 -0.114243 0.032776
v 0.021840 -0.082937 0.037828
v 0.028992 -0.114243 0.024327
v 0.033461 -0.082937 0.028077
v 0.041046 -0.082937 0.014939
v 0.035564 -0.114243 0.012944
v 0.043680 -0.082937 0.000000
v 0.037846 -0.114243 0.000000
v 0.035564 -0.114243 -0.012944
v 0.041046 -0.082937 -0.014939
v 0.028992 -0.114243 -0.024327
v 0.033461 -0.082937 -0.028077
v 0.021840 -0.082937 -0.037828
v 0.018923 -0.114243 -0.032776
v 0.007585 -0.082937 -0.043016
v 0.006572 -0.114243 -0.037271
v -0.006572 -0.114243 -0.037271
v -0.007585 -0.082937 -0.043016
v -0.018923 -0.114243 -0.032776
v -0.021840 -0.082937 -0.037828
v -0.028992 -0.114243 -0.024327
v -0.033461 -0.082937 -0.028077
v -0.041046 -0.082937 -0.014939
v -0.035564 -0.114243 -0.012944
v -0.075941 -0.115146 0.000000
v -0.071361 -0.115146 0.025973
v -0.058174 -0.115147 0.048814
v -0.037970 -0.115147 0.065767
v -0.013187 -0.115147 0.074787
v 0.013187 -0.115147 0.074787
v 0.037970 -0.115147 0.065767
v 0.058174 -0.115147 0.048814
v 0.071361 -0.115146 0.025973
v 0.075941 -0.115146 0.000000
v 0.071361 -0.115146 -0.025973
v 0.058174 -0.115146 -0.048814
v 0.037970 -0.115146 -0.065767
v 0.013187 -0.115146 -0.074787
v -0.013187 -0.115146 -0.074787
v -0.037970 -0.115146 -0.065767
v -0.058174 -0.115146 -0.048814
v -0.071361 -0.115146 -0.025973
v -0.076724 -0.117543 0.000000
v -0.071361 -0.115146 0.025973
v -0.075941 -0.115146 0.000000
v -0.072097 -0.117543 0.026241
v -0.075600 -0.121433 0.000000
v -0.071041 -0.121433 0.025857
v -0.076724 -0.117543 0.000000
v -0.072097 -0.117543 0.026241
v -0.058174 -0.115147 0.048814
v -0.058774 -0.117543 0.049317
v -0.057913 -0.121433 0.048595
v -0.058774 -0.117543 0.049317
v -0.038362 -0.117543 0.066445
v -0.037970 -0.115147 0.065767
v -0.038362 -0.117543 0.066445
v -0.037800 -0.121433 0.065472
v -0.013323 -0.117543 0.075559
v -0.013187 -0.115147 0.074787
v -0.013323 -0.117543 0.075559
v -0.013128 -0.121433 0.074451
v 0.013187 -0.115147 0.074787
v 0.013323 -0.117543 0.075559
v 0.013323 -0.117543 0.075559
v 0.013128 -0.121433 0.074451
v 0.037970 -0.115147 0.065767
v 0.038362 -0.117543 0.066445
v 0.037800 -0.121433 0.065472
v 0.038362 -0.117543 0.066445
v 0.058174 -0.115147 0.048814
v 0.058774 -0.117543 0.049317
v 0.057913 -0.121433 0.048595
v 0.058774 -0.117543 0.049317
v 0.072097 -0.117543 0.026241
v 0.071361 -0.115146 0.025973
v 0.072097 -0.117543 0.026241
v 0.071041 -0.121433 0.025857
v 0.076724 -0.117543 0.000000
v 0.075941 -0.115146 0.000000
v 0.076724 -0.117543 0.000000
v 0.075600 -0.121433 0.000000
v 0.071361 -0.115146 -0.025973
v 0.072097 -0.117543 -0.026241
v 0.071041 -0.121433 -0.025857
v 0.072097 -0.117543 -0.026241
v 0.058174 -0.115146 -0.048814
v 0.058774 -0.117543 -0.049317
v 0.057913 -0.121433 -0.048595
v 0.058774 -0.117543 -0.049317
v 0.038362 -0.117543 -0.066445
v 0.037970 -0.115146 -0.065767
v 0.038362 -0.117543 -0.066445
v 0.037800 -0.121433 -0.065472
v 0.013323 -0.117543 -0.075559
v 0.013187 -0.115146 -0.074787
v 0.013323 -0.117543 -0.075559
v 0.013128 -0.121433 -0.074451
v -0.013323 -0.117543 -0.075559
v -0.013187 -0.115146 -0.074787
v -0.013128 -0.121433 -0.074451
v -0.013323 -0.117543 -0.075559
v -0.037970 -0.115146 -0.065767
v -0.038362 -0.117543 -0.066445
v -0.037800 -0.121433 -0.065472
v -0.038362 -0.117543 -0.066445
v -0.058174 -0.115146 -0.048814
v -0.058774 -0.117543 -0.049318
v -0.057913 -0.121433 -0.048595
v -0.058774 -0.117543 -0.049318
v -0.072097 -0.117543 -0.026241
v -0.071361 -0.115146 -0.025973
v -0.072097 -0.117543 -0.026241
v -0.071041 -0.121433 -0.025857
v 0.000000 0.313433 -0.000000
v -0.080206 0.302799 0.029192
v -0.085353 0.302799 -0.000000
v -0.065384 0.302799 0.054864
v -0.042676 0.302799 0.073918
v -0.014821 0.302799 0.084056
v 0.014821 0.302799 0.084056
v 0.042676 0.302799 0.073918
v 0.065384 0.302799 0.054864
v 0.080206 0.302799 0.029192
v 0.085353 0.302799 -0.000000
v 0.080206 0.302799 -0.029192
v 0.085353 0.302799 -0.000000
v 0.065384 0.302799 -0.054864
v 0.042676 0.302799 -0.073918
v 0.014821 0.302799 -0.084056
v -0.014821 0.302799 -0.084056
v -0.042676 0.302799 -0.073918
v -0.065384 0.302799 -0.054864
v -0.080205 0.302799 -0.029193
v -0.170706 0.269398 -0.000000
v -0.160411 0.269398 0.058385
v -0.130768 0.269398 0.109728
v -0.085353 0.269397 0.147836
v -0.029643 0.269397 0.168112
v 0.029643 0.269397 0.168112
v 0.085353 0.269397 0.147836
v 0.130768 0.269398 0.109728
v 0.160411 0.269398 0.058385
v 0.170706 0.269398 -0.000000
v 0.170706 0.269398 -0.000000
v 0.160411 0.269398 -0.058385
v 0.130768 0.269398 -0.109728
v 0.085353 0.269398 -0.147836
v 0.029643 0.269398 -0.168112
v -0.029643 0.269398 -0.168112
v -0.085353 0.269398 -0.147836
v -0.130768 0.269398 -0.109728
v -0.160411 0.269398 -0.058385
v -0.170706 0.452322 -0.000000
v -0.170706 0.269398 -0.000000
v -0.160411 0.452322 0.058385
v -0.160411 0.269398 0.058385
v -0.130768 0.452322 0.109728
v -0.130768 0.269398 0.109728
v -0.085353 0.452322 0.147836
v -0.085353 0.269397 0.147836
v -0.029643 0.452322 0.168112
v -0.029643 0.269397 0.168112
v 0.029643 0.452322 0.168112
v 0.029643 0.269397 0.168112
v 0.085353 0.452322 0.147835
v 0.085353 0.269397 0.147836
v 0.130768 0.452322 0.109728
v 0.130768 0.269398 0.109728
v 0.160411 0.452322 0.058385
v 0.160411 0.269398 0.058385
v 0.170706 0.452322 -0.000000
v 0.170706 0.269398 -0.000000
v 0.170706 0.452322 -0.000000
v 0.170706 0.269398 -0.000000
v 0.160411 0.452322 -0.058385
v 0.160411 0.269398 -0.058385
v 0.130768 0.452322 -0.109728
v 0.130768 0.269398 -0.109728
v 0.085353 0.452322 -0.147836
v 0.085353 0.269398 -0.147836
v 0.029643 0.452322 -0.168112
v 0.029643 0.269398 -0.168112
v -0.029643 0.452322 -0.168112
v -0.029643 0.269398 -0.168112
v -0.085353 0.452322 -0.147836
v -0.085353 0.269398 -0.147836
v -0.130768 0.452322 -0.109728
v -0.130768 0.269398 -0.109728
v -0.160411 0.452322 -0.058385
v -0.160411 0.269398 -0.058385
v -0.043680 -0.082937 0.000000
v -0.038261 -0.078229 0.013926
v -0.040716 -0.078229 0.000000
v -0.041046 -0.082937 0.014939
v -0.031190 -0.078229 0.026172
v -0.033461 -0.082937 0.028077
v -0.021840 -0.082937 0.037828
v -0.020358 -0.078229 0.035261
v -0.007585 -0.082937 0.043016
v -0.007070 -0.078229 0.040097
v 0.007585 -0.082937 0.043016
v 0.007070 -0.078229 0.040097
v 0.020358 -0.078229 0.035261
v 0.021840 -0.082937 0.037828
v 0.031190 -0.078229 0.026172
v 0.033461 -0.082937 0.028077
v 0.041046 -0.082937 0.014939
v 0.038261 -0.078229 0.013926
v 0.043680 -0.082937 0.000000
v 0.040716 -0.078229 0.000000
v 0.038261 -0.078229 -0.013926
v 0.041046 -0.082937 -0.014939
v 0.031190 -0.078229 -0.026172
v 0.033461 -0.082937 -0.028077
v 0.021840 -0.082937 -0.037828
v 0.020358 -0.078229 -0.035261
v 0.007585 -0.082937 -0.043016
v 0.007070 -0.078229 -0.040097
v -0.007585 -0.082937 -0.043016
v -0.007070 -0.078229 -0.040097
v -0.020358 -0.078229 -0.035261
v -0.021840 -0.082937 -0.037828
v -0.031190 -0.078229 -0.026172
v -0.033461 -0.082937 -0.028077
v -0.041046 -0.082937 -0.014939
v -0.038261 -0.078229 -0.013926
v -0.030281 -0.071599 0.011022
v -0.032225 -0.071599 0.000000
v -0.024686 -0.071599 0.020714
v -0.016112 -0.071599 0.027908
v -0.005596 -0.071599 0.031735
v 0.005596 -0.071599 0.031735
v 0.016112 -0.071599 0.027908
v 0.024686 -0.071599 0.020714
v 0.030281 -0.071599 0.011022
v 0.032225 -0.071599 0.000000
v 0.030281 -0.071599 -0.011022
v 0.024686 -0.071599 -0.020714
v 0.016112 -0.071599 -0.027908
v 0.005596 -0.071599 -0.031735
v -0.005596 -0.071599 -0.031735
v -0.016112 -0.071599 -0.027908
v -0.024686 -0.071599 -0.020714
v -0.030281 -0.071599 -0.011022
v -0.116706 0.423411 0.042478
v -0.205124 0.422524 0.028131
v -0.124196 0.423411 -0.000000
v -0.202375 0.422524 0.043722
v -0.214258 0.415220 0.118131
v -0.209434 0.415220 0.126488
v -0.095140 0.423411 0.079832
v -0.139052 0.422524 0.153401
v -0.062098 0.423411 0.107557
v -0.126924 0.422524 0.163577
v -0.021566 0.423411 0.122309
v -0.088198 0.415220 0.228216
v -0.079131 0.415220 0.231517
v -0.007915 0.422524 0.206893
v 0.021566 0.423411 0.122309
v 0.007916 0.422524 0.206893
v -0.021566 0.423411 0.122309
v -0.007915 0.422524 0.206893
v 0.079131 0.415220 0.231516
v 0.088198 0.415220 0.228216
v 0.062098 0.423411 0.107557
v 0.126924 0.422524 0.163577
v 0.095140 0.423411 0.079832
v 0.139052 0.422524 0.153401
v 0.209434 0.415220 0.126488
v 0.116706 0.423411 0.042478
v 0.214258 0.415220 0.118131
v 0.202375 0.422524 0.043722
v 0.205124 0.422524 0.028131
v 0.124196 0.423411 -0.000000
v 0.116706 0.423411 -0.042478
v 0.241740 0.415220 -0.037726
v 0.240065 0.415220 -0.047229
v 0.183132 0.422524 -0.096591
v 0.095140 0.423411 -0.079832
v 0.175217 0.422524 -0.110301
v 0.160934 0.415220 -0.184287
v 0.062098 0.423411 -0.107557
v 0.153542 0.415220 -0.190490
v 0.078200 0.422524 -0.191708
v 0.021566 0.423411 -0.122309
v 0.063323 0.422524 -0.197123
v 0.004825 0.415220 -0.244619
v -0.004825 0.415220 -0.244619
v -0.021566 0.423411 -0.122309
v -0.063323 0.422524 -0.197123
v -0.062098 0.423411 -0.107557
v -0.078200 0.422524 -0.191708
v -0.095140 0.423411 -0.079832
v -0.160934 0.415220 -0.184288
v -0.153542 0.415220 -0.190490
v -0.175217 0.422524 -0.110302
v -0.183132 0.422524 -0.096592
v -0.116706 0.423411 -0.042478
v -0.240064 0.415220 -0.047229
v -0.241740 0.415220 -0.037726
v -0.159391 0.494438 0.058014
v -0.169621 0.494438 -0.000000
v -0.209925 0.441301 0.028790
v -0.207112 0.441301 0.044745
v -0.129937 0.494438 0.109030
v -0.209434 0.415220 0.126488
v -0.142306 0.441301 0.156992
v -0.214258 0.415220 0.118131
v -0.129895 0.441301 0.167406
v -0.084810 0.494438 0.146896
v -0.029454 0.494438 0.167044
v -0.079131 0.415220 0.231517
v -0.008101 0.441301 0.211735
v -0.088198 0.415220 0.228216
v -0.029454 0.494438 0.167044
v 0.008101 0.441301 0.211735
v 0.029454 0.494438 0.167044
v -0.008101 0.441301 0.211735
v 0.084810 0.494438 0.146896
v 0.088198 0.415220 0.228216
v 0.129895 0.441301 0.167406
v 0.079131 0.415220 0.231516
v 0.142307 0.441301 0.156992
v 0.129937 0.494438 0.109030
v 0.159391 0.494438 0.058014
v 0.214258 0.415220 0.118131
v 0.207112 0.441301 0.044745
v 0.209434 0.415220 0.126488
v 0.209925 0.441301 0.028790
v 0.169621 0.494438 -0.000000
v 0.159391 0.494438 -0.058014
v 0.240065 0.415220 -0.047229
v 0.187419 0.441301 -0.098852
v 0.241740 0.415220 -0.037726
v 0.129937 0.494438 -0.109030
v 0.179318 0.441301 -0.112883
v 0.153542 0.415220 -0.190490
v 0.084810 0.494438 -0.146896
v 0.160934 0.415220 -0.184287
v 0.080030 0.441301 -0.196196
v 0.064806 0.441301 -0.201737
v 0.029454 0.494438 -0.167044
v -0.029454 0.494438 -0.167044
v -0.004825 0.415220 -0.244619
v -0.064805 0.441301 -0.201737
v 0.004825 0.415220 -0.244619
v -0.084810 0.494438 -0.146896
v -0.080030 0.441301 -0.196196
v -0.129937 0.494438 -0.109030
v -0.160934 0.415220 -0.184288
v -0.179318 0.441301 -0.112883
v -0.153542 0.415220 -0.190490
v -0.187419 0.441301 -0.098852
v -0.159391 0.494438 -0.058014
v -0.241740 0.415220 -0.037726
v -0.240064 0.415220 -0.047229
v -0.127106 0.529157 0.046263
v -0.135264 0.529157 -0.000000
v -0.169621 0.494438 -0.000000
v -0.159391 0.494438 0.058014
v -0.129937 0.494438 0.109030
v -0.103618 0.529157 0.086946
v -0.067632 0.529157 0.117142
v -0.084810 0.494438 0.146896
v -0.029454 0.494438 0.167044
v -0.023488 0.529157 0.133209
v -0.023488 0.529157 0.133209
v 0.029454 0.494438 0.167044
v 0.023488 0.529157 0.133209
v -0.029454 0.494438 0.167044
v 0.067632 0.529157 0.117142
v 0.084810 0.494438 0.146896
v 0.129937 0.494438 0.109030
v 0.103618 0.529157 0.086946
v 0.159391 0.494438 0.058014
v 0.127106 0.529157 0.046263
v 0.169621 0.494438 -0.000000
v 0.135264 0.529157 -0.000000
v 0.127106 0.529157 -0.046263
v 0.159391 0.494438 -0.058014
v 0.103618 0.529157 -0.086946
v 0.129937 0.494438 -0.109030
v 0.084810 0.494438 -0.146896
v 0.067632 0.529157 -0.117142
v 0.029454 0.494438 -0.167044
v 0.023488 0.529157 -0.133209
v -0.029454 0.494438 -0.167044
v -0.023488 0.529157 -0.133209
v -0.067632 0.529157 -0.117142
v -0.084810 0.494438 -0.146896
v -0.129937 0.494438 -0.109030
v -0.103618 0.529157 -0.086946
v -0.159391 0.494438 -0.058014
v -0.127106 0.529157 -0.046263
v -0.115598 0.525384 0.042074
v -0.124196 0.512005 -0.000000
v -0.123017 0.525384 -0.000000
v -0.116706 0.512005 0.042478
v -0.094237 0.525384 0.079074
v -0.095140 0.512005 0.079832
v -0.061508 0.525384 0.106536
v -0.062098 0.512005 0.107557
v -0.021362 0.525384 0.121148
v -0.021566 0.512005 0.122309
v -0.021362 0.525384 0.121148
v 0.021362 0.525384 0.121148
v 0.021566 0.512005 0.122309
v -0.021566 0.512005 0.122309
v 0.061509 0.525384 0.106536
v 0.062098 0.512005 0.107557
v 0.094237 0.525384 0.079074
v 0.095140 0.512005 0.079832
v 0.115598 0.525384 0.042074
v 0.116706 0.512005 0.042478
v 0.123017 0.525384 -0.000000
v 0.124196 0.512005 -0.000000
v 0.115598 0.525384 -0.042074
v 0.116706 0.512005 -0.042478
v 0.094237 0.525384 -0.079074
v 0.095140 0.512005 -0.079832
v 0.061509 0.525384 -0.106536
v 0.062098 0.512005 -0.107557
v 0.021362 0.525384 -0.121148
v 0.021566 0.512005 -0.122309
v -0.021362 0.525384 -0.121148
v -0.021566 0.512005 -0.122309
v -0.061508 0.525384 -0.106536
v -0.062098 0.512005 -0.107557
v -0.094236 0.525384 -0.079074
v -0.095140 0.512005 -0.079832
v -0.115598 0.525384 -0.042074
v -0.116706 0.512005 -0.042478
v 0.000000 0.539787 -0.000000
v -0.124196 0.512005 -0.000000
v -0.116706 0.512005 0.042478
v -0.095140 0.512005 0.079832
v -0.062098 0.512005 0.107557
v -0.021566 0.512005 0.122309
v -0.021566 0.512005 0.122309
v 0.021566 0.512005 0.122309
v 0.062098 0.512005 0.107557
v 0.095140 0.512005 0.079832
v 0.116706 0.512005 0.042478
v 0.124196 0.512005 -0.000000
v 0.116706 0.512005 -0.042478
v 0.095140 0.512005 -0.079832
v 0.062098 0.512005 -0.107557
v 0.021566 0.512005 -0.122309
v -0.021566 0.512005 -0.122309
v -0.062098 0.512005 -0.107557
v -0.095140 0.512005 -0.079832
v -0.116706 0.512005 -0.042478
v -0.205124 0.422524 0.028131
v -0.209925 0.441301 0.028790
v -0.241740 0.415220 -0.037726
v -0.202375 0.422524 0.043722
v -0.214258 0.415220 0.118131
v -0.207112 0.441301 0.044745
v -0.139052 0.422524 0.153401
v -0.142306 0.441301 0.156992
v -0.209434 0.415220 0.126488
v -0.126924 0.422524 0.163577
v -0.088198 0.415220 0.228216
v -0.129895 0.441301 0.167406
v -0.007915 0.422524 0.206893
v -0.008101 0.441301 0.211735
v -0.079131 0.415220 0.231517
v 0.007916 0.422524 0.206893
v 0.079131 0.415220 0.231516
v 0.008101 0.441301 0.211735
v 0.126924 0.422524 0.163577
v 0.129895 0.441301 0.167406
v 0.088198 0.415220 0.228216
v 0.139052 0.422524 0.153401
v 0.209434 0.415220 0.126488
v 0.142307 0.441301 0.156992
v 0.202375 0.422524 0.043722
v 0.207112 0.441301 0.044745
v 0.214258 0.415220 0.118131
v 0.205124 0.422524 0.028131
v 0.241740 0.415220 -0.037726
v 0.209925 0.441301 0.028790
v 0.183132 0.422524 -0.096591
v 0.187419 0.441301 -0.098852
v 0.240065 0.415220 -0.047229
v 0.175217 0.422524 -0.110301
v 0.160934 0.415220 -0.184287
v 0.179318 0.441301 -0.112883
v 0.078200 0.422524 -0.191708
v 0.080030 0.441301 -0.196196
v 0.153542 0.415220 -0.190490
v 0.063323 0.422524 -0.197123
v 0.004825 0.415220 -0.244619
v 0.064806 0.441301 -0.201737
v -0.063323 0.422524 -0.197123
v -0.064805 0.441301 -0.201737
v -0.004825 0.415220 -0.244619
v -0.078200 0.422524 -0.191708
v -0.153542 0.415220 -0.190490
v -0.080030 0.441301 -0.196196
v -0.175217 0.422524 -0.110302
v -0.179318 0.441301 -0.112883
v -0.160934 0.415220 -0.184288
v -0.183132 0.422524 -0.096592
v -0.240064 0.415220 -0.047229
v -0.187419 0.441301 -0.098852
v -0.008101 0.441301 0.211735
v -0.007915 0.422524 0.206893
v -0.123017 0.525384 -0.000000
v -0.127106 0.529157 0.046263
v -0.115598 0.525384 0.042074
v -0.135264 0.529157 -0.000000
v -0.103618 0.529157 0.086946
v -0.094237 0.525384 0.079074
v -0.061508 0.525384 0.106536
v -0.067632 0.529157 0.117142
v -0.021362 0.525384 0.121148
v -0.023488 0.529157 0.133209
v 0.021362 0.525384 0.121148
v -0.023488 0.529157 0.133209
v 0.023488 0.529157 0.133209
v -0.021362 0.525384 0.121148
v 0.061509 0.525384 0.106536
v 0.067632 0.529157 0.117142
v 0.094237 0.525384 0.079074
v 0.103618 0.529157 0.086946
v 0.115598 0.525384 0.042074
v 0.127106 0.529157 0.046263
v 0.123017 0.525384 -0.000000
v 0.135264 0.529157 -0.000000
v 0.115598 0.525384 -0.042074
v 0.127106 0.529157 -0.046263
v 0.094237 0.525384 -0.079074
v 0.103618 0.529157 -0.086946
v 0.061509 0.525384 -0.106536
v 0.067632 0.529157 -0.117142
v 0.023488 0.529157 -0.133209
v 0.021362 0.525384 -0.121148
v -0.023488 0.529157 -0.133209
v -0.021362 0.525384 -0.121148
v -0.067632 0.529157 -0.117142
v -0.061508 0.525384 -0.106536
v -0.103618 0.529157 -0.086946
v -0.094236 0.525384 -0.079074
v -0.115598 0.525384 -0.042074
v -0.127106 0.529157 -0.046263
v -0.011271 0.964796 0.004000
v -0.105388 0.945845 -0.000000
v -0.011271 0.963725 -0.000000
v -0.105771 0.946846 0.004000
v -0.106818 0.949581 0.006929
v -0.011271 0.964796 0.004000
v -0.011271 0.967725 0.006929
v -0.105771 0.946846 0.004000
v -0.108248 0.953317 0.008001
v -0.011271 0.971725 0.008001
v -0.109679 0.957053 0.006929
v -0.011271 0.975725 0.006929
v -0.110726 0.959788 0.004000
v -0.011271 0.978653 0.004000
v -0.011271 0.979724 -0.000000
v -0.111109 0.960789 -0.000000
v -0.011271 0.978653 -0.004001
v -0.110726 0.959788 -0.004001
v -0.011271 0.975725 -0.006929
v -0.109679 0.957053 -0.006929
v -0.011271 0.971725 -0.008001
v -0.108248 0.953317 -0.008001
v -0.011271 0.967725 -0.006929
v -0.106818 0.949581 -0.006929
v -0.011271 0.964796 -0.004001
v -0.105771 0.946846 -0.004001
v -0.186112 0.897437 -0.000000
v -0.186815 0.898246 0.004000
v -0.186815 0.898246 0.004000
v -0.188734 0.900458 0.006929
v -0.191356 0.903480 0.008001
v -0.193978 0.906501 0.006929
v -0.195898 0.908713 0.004000
v -0.196600 0.909523 -0.000000
v -0.195898 0.908713 -0.004001
v -0.193978 0.906501 -0.006929
v -0.191356 0.903480 -0.008001
v -0.188734 0.900458 -0.006929
v -0.186815 0.898246 -0.004001
v -0.246349 0.824859 0.004000
v -0.245412 0.824338 -0.000000
v -0.246349 0.824859 0.004000
v -0.248909 0.826281 0.006929
v -0.252407 0.828224 0.008001
v -0.255904 0.830166 0.006929
v -0.258464 0.831588 0.004000
v -0.259401 0.832109 -0.000000
v -0.258464 0.831588 -0.004001
v -0.255904 0.830166 -0.006929
v -0.252407 0.828224 -0.008001
v -0.248909 0.826281 -0.006929
v -0.246349 0.824859 -0.004001
v -0.271242 0.780197 0.004000
v -0.270245 0.779853 -0.000000
v -0.271242 0.780197 0.004000
v -0.273969 0.781139 0.006929
v -0.277693 0.782425 0.008001
v -0.281417 0.783710 0.006929
v -0.284143 0.784652 0.004000
v -0.285141 0.784996 -0.000000
v -0.284143 0.784652 -0.004001
v -0.281417 0.783710 -0.006929
v -0.277693 0.782425 -0.008001
v -0.273969 0.781139 -0.006929
v -0.271242 0.780197 -0.004001
v -0.277193 0.735536 0.004000
v -0.268824 0.688292 0.004000
v -0.276134 0.735367 -0.000000
v -0.267769 0.688310 -0.000000
v -0.280085 0.735996 0.006929
v -0.271708 0.688245 0.006929
v -0.277193 0.735536 0.004000
v -0.268824 0.688292 0.004000
v -0.284036 0.736625 0.008001
v -0.275647 0.688179 0.008001
v -0.287987 0.737255 0.006929
v -0.279587 0.688114 0.006929
v -0.290879 0.737715 0.004000
v -0.282470 0.688066 0.004000
v -0.291937 0.737884 -0.000000
v -0.283526 0.688049 -0.000000
v -0.290879 0.737715 -0.004001
v -0.282470 0.688066 -0.004001
v -0.287987 0.737255 -0.006929
v -0.279587 0.688114 -0.006929
v -0.284036 0.736625 -0.008001
v -0.275647 0.688179 -0.008001
v -0.280085 0.735996 -0.006929
v -0.271708 0.688245 -0.006929
v -0.277193 0.735535 -0.004001
v -0.268824 0.688292 -0.004001
v -0.238100 0.641049 0.004000
v -0.199869 0.553349 -0.000000
v -0.237047 0.641253 -0.000000
v -0.200788 0.552797 0.004000
v -0.203300 0.551291 0.006929
v -0.238100 0.641049 0.004000
v -0.240975 0.640493 0.006929
v -0.200788 0.552797 0.004000
v -0.206731 0.549234 0.008001
v -0.244903 0.639733 0.008001
v -0.210162 0.547176 0.006929
v -0.248831 0.638973 0.006929
v -0.212673 0.545670 0.004000
v -0.251706 0.638417 0.004000
v -0.252758 0.638213 -0.000000
v -0.213593 0.545119 -0.000000
v -0.251706 0.638417 -0.004001
v -0.212673 0.545670 -0.004001
v -0.248831 0.638973 -0.006929
v -0.210162 0.547176 -0.006929
v -0.244903 0.639733 -0.008001
v -0.206731 0.549234 -0.008001
v -0.240975 0.640493 -0.006929
v -0.203300 0.551291 -0.006929
v -0.238100 0.641049 -0.004001
v -0.200788 0.552797 -0.004001
v -0.179228 0.482257 -0.000000
v -0.179904 0.481424 0.004000
v -0.179904 0.481424 0.004000
v -0.181749 0.479150 0.006929
v -0.184269 0.476043 0.008001
v -0.186789 0.472936 0.006929
v -0.188634 0.470662 0.004000
v -0.189310 0.469829 -0.000000
v -0.188634 0.470662 -0.004001
v -0.186789 0.472936 -0.006929
v -0.184269 0.476043 -0.008001
v -0.181749 0.479150 -0.006929
v -0.179904 0.481424 -0.004001
v 0.082845 0.945845 -0.000000
v -0.011271 0.964796 0.004000
v 0.083228 0.946846 0.004000
v 0.084275 0.949581 0.006929
v 0.083228 0.946846 0.004000
v 0.085706 0.953317 0.008001
v 0.087136 0.957053 0.006929
v 0.088183 0.959788 0.004000
v 0.088566 0.960790 -0.000000
v 0.088183 0.959788 -0.004001
v 0.087136 0.957053 -0.006929
v 0.085706 0.953317 -0.008001
v 0.084275 0.949581 -0.006929
v 0.083228 0.946846 -0.004001
v 0.163569 0.897437 -0.000000
v 0.164272 0.898247 0.004000
v 0.166191 0.900458 0.006929
v 0.164272 0.898247 0.004000
v 0.168813 0.903480 0.008001
v 0.171435 0.906502 0.006929
v 0.173355 0.908713 0.004000
v 0.174057 0.909523 -0.000000
v 0.173355 0.908713 -0.004001
v 0.171435 0.906502 -0.006929
v 0.168813 0.903480 -0.008001
v 0.166191 0.900458 -0.006929
v 0.164272 0.898247 -0.004001
v 0.223806 0.824859 0.004001
v 0.222869 0.824339 -0.000000
v 0.226366 0.826281 0.006929
v 0.223806 0.824859 0.004001
v 0.229864 0.828224 0.008001
v 0.233361 0.830166 0.006929
v 0.235921 0.831588 0.004001
v 0.236858 0.832109 -0.000000
v 0.235921 0.831588 -0.004001
v 0.233361 0.830166 -0.006929
v 0.229864 0.828224 -0.008001
v 0.226366 0.826281 -0.006929
v 0.223806 0.824859 -0.004001
v 0.248700 0.780197 0.004001
v 0.247702 0.779853 -0.000000
v 0.248700 0.780197 0.004001
v 0.251426 0.781139 0.006929
v 0.255150 0.782425 0.008001
v 0.258874 0.783711 0.006929
v 0.261600 0.784652 0.004001
v 0.262598 0.784996 -0.000000
v 0.261600 0.784652 -0.004001
v 0.258874 0.783711 -0.006929
v 0.255150 0.782425 -0.008001
v 0.251426 0.781139 -0.006929
v 0.248700 0.780197 -0.004001
v 0.246282 0.688292 0.004001
v 0.254650 0.735536 0.004001
v 0.253592 0.735367 0.000000
v 0.245226 0.688310 -0.000000
v 0.249165 0.688245 0.006929
v 0.257542 0.735996 0.006929
v 0.254650 0.735536 0.004001
v 0.246282 0.688292 0.004001
v 0.253105 0.688179 0.008001
v 0.261493 0.736625 0.008001
v 0.257044 0.688114 0.006929
v 0.265444 0.737255 0.006929
v 0.259927 0.688066 0.004001
v 0.268336 0.737715 0.004001
v 0.260983 0.688049 0.000000
v 0.269395 0.737884 0.000000
v 0.268336 0.737715 -0.004001
v 0.259927 0.688066 -0.004001
v 0.265444 0.737255 -0.006929
v 0.257044 0.688114 -0.006929
v 0.253105 0.688179 -0.008001
v 0.261493 0.736625 -0.008001
v 0.249165 0.688245 -0.006929
v 0.257542 0.735996 -0.006929
v 0.254650 0.735536 -0.004001
v 0.246282 0.688292 -0.004001
v 0.215557 0.641049 0.004001
v 0.177326 0.553349 -0.000000
v 0.178245 0.552798 0.004001
v 0.214505 0.641253 -0.000000
v 0.180757 0.551291 0.006929
v 0.218432 0.640493 0.006929
v 0.215557 0.641049 0.004001
v 0.178245 0.552798 0.004001
v 0.184188 0.549234 0.008001
v 0.222360 0.639733 0.008001
v 0.187619 0.547176 0.006929
v 0.226288 0.638973 0.006929
v 0.190131 0.545670 0.004001
v 0.229163 0.638417 0.004001
v 0.230216 0.638213 -0.000000
v 0.191050 0.545119 -0.000000
v 0.190131 0.545670 -0.004001
v 0.229163 0.638417 -0.004001
v 0.226288 0.638973 -0.006929
v 0.187619 0.547176 -0.006929
v 0.222360 0.639733 -0.008001
v 0.184188 0.549234 -0.008001
v 0.218432 0.640493 -0.006929
v 0.180757 0.551291 -0.006929
v 0.215557 0.641049 -0.004001
v 0.178245 0.552798 -0.004001
v 0.156686 0.482257 -0.000000
v 0.157361 0.481424 0.004001
v 0.157361 0.481424 0.004001
v 0.159206 0.479150 0.006929
v 0.161726 0.476043 0.008001
v 0.164247 0.472936 0.006929
v 0.166092 0.470662 0.004001
v 0.166767 0.469829 -0.000000
v 0.166092 0.470662 -0.004001
v 0.164247 0.472936 -0.006929
v 0.161726 0.476043 -0.008001
v 0.159206 0.479150 -0.006929
v 0.157361 0.481424 -0.004001
v 0.000000 0.320000 -0.000000
v 0.000000 0.311374 0.073797
v 0.017019 0.311374 0.071808
v 0.000000 0.320000 -0.000000
v 0.033120 0.311374 0.065947
v 0.000000 0.320000 -0.000000
v 0.047436 0.311374 0.056532
v 0.000000 0.320000 -0.000000
v 0.059194 0.311374 0.044069
v 0.000000 0.320000 -0.000000
v 0.067762 0.311374 0.029229
v 0.000000 0.320000 -0.000000
v 0.072676 0.311374 0.012815
v 0.000000 0.320000 -0.000000
v 0.073672 0.311374 -0.004291
v 0.000000 0.320000 -0.000000
v 0.070697 0.311374 -0.021165
v 0.000000 0.320000 -0.000000
v 0.063910 0.311374 -0.036899
v 0.000000 0.320000 -0.000000
v 0.053678 0.311374 -0.050643
v 0.000000 0.320000 -0.000000
v 0.040552 0.311374 -0.061657
v 0.000000 0.320000 -0.000000
v 0.025240 0.311374 -0.069347
v 0.000000 0.320000 -0.000000
v 0.008567 0.311374 -0.073298
v 0.000000 0.320000 -0.000000
v -0.008567 0.311374 -0.073298
v 0.000000 0.320000 -0.000000
v -0.025240 0.311374 -0.069347
v 0.000000 0.320000 -0.000000
v -0.040552 0.311374 -0.061657
v 0.000000 0.320000 -0.000000
v -0.053678 0.311374 -0.050643
v 0.000000 0.320000 -0.000000
v -0.063910 0.311374 -0.036899
v 0.000000 0.320000 -0.000000
v -0.070697 0.311374 -0.021165
v 0.000000 0.320000 -0.000000
v -0.073672 0.311374 -0.004291
v 0.000000 0.320000 -0.000000
v -0.072676 0.311374 0.012815
v 0.000000 0.320000 -0.000000
v -0.067762 0.311374 0.029229
v 0.000000 0.320000 -0.000000
v -0.059194 0.311374 0.044068
v 0.000000 0.320000 -0.000000
v -0.047436 0.311374 0.056532
v 0.000000 0.320000 -0.000000
v -0.033120 0.311374 0.065947
v 0.000000 0.320000 -0.000000
v -0.017019 0.311374 0.071808
v 0.000000 0.320000 -0.000000
v 0.000000 0.311374 0.073797
v 0.033120 0.285962 0.139745
v 0.000000 0.285962 0.143616
v 0.064455 0.285962 0.128340
v 0.092314 0.285962 0.110016
v 0.115198 0.285962 0.085761
v 0.131870 0.285962 0.056883
v 0.141434 0.285962 0.024939
v 0.143373 0.285962 -0.008351
v 0.137582 0.285962 -0.041190
v 0.124375 0.285962 -0.071808
v 0.104462 0.285962 -0.098555
v 0.078918 0.285962 -0.119989
v 0.049119 0.285962 -0.134955
v 0.016673 0.285962 -0.142645
v -0.016673 0.285962 -0.142645
v -0.049119 0.285962 -0.134955
v -0.078918 0.285962 -0.119989
v -0.104462 0.285962 -0.098555
v -0.124375 0.285962 -0.071808
v -0.137582 0.285962 -0.041190
v -0.143373 0.285962 -0.008351
v -0.141434 0.285962 0.024938
v -0.131870 0.285962 0.056883
v -0.115198 0.285962 0.085761
v -0.092315 0.285962 0.110016
v -0.064455 0.285962 0.128340
v -0.033120 0.285962 0.139744
v 0.000000 0.285962 0.143616
v 0.000000 0.245134 0.205692
v 0.047436 0.245134 0.200148
v 0.092314 0.245134 0.183813
v 0.132216 0.245134 0.157569
v 0.164990 0.245134 0.122831
v 0.188870 0.245134 0.081470
v 0.202567 0.245134 0.035718
v 0.205344 0.245134 -0.011960
v 0.197051 0.245134 -0.058993
v 0.178135 0.245134 -0.102846
v 0.149615 0.245134 -0.141155
v 0.113030 0.245134 -0.171853
v 0.070351 0.245134 -0.193287
v 0.023879 0.245134 -0.204301
v -0.023879 0.245134 -0.204301
v -0.070351 0.245134 -0.193287
v -0.113030 0.245134 -0.171853
v -0.149615 0.245134 -0.141155
v -0.178134 0.245134 -0.102846
v -0.197051 0.245134 -0.058993
v -0.205344 0.245134 -0.011960
v -0.202567 0.245134 0.035718
v -0.188870 0.245134 0.081470
v -0.164991 0.245134 0.122830
v -0.132217 0.245134 0.157569
v -0.092315 0.245134 0.183813
v -0.047436 0.245134 0.200147
v 0.000000 0.245134 0.205692
v 0.000000 0.191091 0.256679
v 0.059194 0.191091 0.249761
v 0.115198 0.191091 0.229377
v 0.164990 0.191091 0.196628
v 0.205889 0.191091 0.153278
v 0.235687 0.191091 0.101665
v 0.252780 0.191091 0.044572
v 0.256245 0.191091 -0.014925
v 0.245896 0.191091 -0.073617
v 0.222291 0.191091 -0.128340
v 0.186702 0.191091 -0.176144
v 0.141048 0.191091 -0.214453
v 0.087790 0.191091 -0.241200
v 0.029799 0.191091 -0.254944
v -0.029799 0.191091 -0.254944
v -0.087789 0.191091 -0.241200
v -0.141048 0.191091 -0.214453
v -0.186702 0.191091 -0.176144
v -0.222291 0.191091 -0.128340
v -0.245896 0.191091 -0.073617
v -0.256245 0.191091 -0.014925
v -0.252780 0.191091 0.044571
v -0.235687 0.191091 0.101665
v -0.205889 0.191091 0.153278
v -0.164991 0.191091 0.196627
v -0.115198 0.191091 0.229377
v -0.059195 0.191091 0.249760
v 0.000000 0.191091 0.256679
v 0.000000 0.126745 0.293829
v 0.067762 0.126745 0.285909
v 0.131870 0.126745 0.262575
v 0.188870 0.126745 0.225086
v 0.235687 0.126745 0.175463
v 0.269799 0.126746 0.116380
v 0.289365 0.126746 0.051023
v 0.293332 0.126746 -0.017085
v 0.281485 0.126746 -0.084271
v 0.254464 0.126746 -0.146915
v 0.213724 0.126746 -0.201638
v 0.161462 0.126746 -0.245491
v 0.100495 0.126746 -0.276109
v 0.034112 0.126746 -0.291842
v -0.034111 0.126746 -0.291842
v -0.100495 0.126746 -0.276109
v -0.161462 0.126746 -0.245491
v -0.213723 0.126746 -0.201638
v -0.254463 0.126746 -0.146915
v -0.281485 0.126746 -0.084272
v -0.293332 0.126746 -0.017085
v -0.289365 0.126746 0.051022
v -0.269799 0.126746 0.116379
v -0.235688 0.126745 0.175462
v -0.188870 0.126745 0.225086
v -0.131871 0.126745 0.262575
v -0.067762 0.126745 0.285909
v 0.000000 0.126745 0.293829
v 0.000000 0.055567 0.315139
v 0.072676 0.055567 0.306644
v 0.141434 0.055567 0.281618
v 0.202567 0.055567 0.241410
v 0.252780 0.055567 0.188188
v 0.289365 0.055567 0.124820
v 0.310351 0.055567 0.054723
v 0.314605 0.055567 -0.018324
v 0.301899 0.055567 -0.090383
v 0.272918 0.055567 -0.157569
v 0.229223 0.055567 -0.216261
v 0.173171 0.055567 -0.263294
v 0.107784 0.055567 -0.296133
v 0.036585 0.055567 -0.313008
v -0.036585 0.055567 -0.313008
v -0.107784 0.055567 -0.296133
v -0.173171 0.055567 -0.263295
v -0.229223 0.055567 -0.216261
v -0.272918 0.055567 -0.157570
v -0.301899 0.055567 -0.090383
v -0.314605 0.055567 -0.018324
v -0.310351 0.055567 0.054723
v -0.289366 0.055567 0.124819
v -0.252780 0.055567 0.188187
v -0.202568 0.055567 0.241410
v -0.141435 0.055567 0.281618
v -0.072677 0.055567 0.306644
v 0.000000 0.055567 0.315139
v 0.000000 -0.018606 0.319459
v 0.073672 -0.018606 0.310848
v 0.143373 -0.018606 0.285479
v 0.205344 -0.018606 0.244720
v 0.256245 -0.018606 0.190767
v 0.293332 -0.018606 0.126531
v 0.314605 -0.018606 0.055473
v 0.318918 -0.018606 -0.018575
v 0.306038 -0.018606 -0.091622
v 0.276659 -0.018606 -0.159729
v 0.232366 -0.018606 -0.219226
v 0.175545 -0.018606 -0.266904
v 0.109261 -0.018606 -0.300193
v 0.037087 -0.018606 -0.317299
v -0.037087 -0.018606 -0.317299
v -0.109261 -0.018606 -0.300193
v -0.175545 -0.018606 -0.266904
v -0.232366 -0.018606 -0.219226
v -0.276659 -0.018606 -0.159730
v -0.306038 -0.018606 -0.091622
v -0.318918 -0.018606 -0.018575
v -0.314605 -0.018606 0.055473
v -0.293332 -0.018606 0.126531
v -0.256246 -0.018606 0.190767
v -0.205345 -0.018606 0.244719
v -0.143374 -0.018606 0.285478
v -0.073673 -0.018606 0.310847
v 0.000000 -0.018606 0.319459
v 0.070697 -0.091777 0.298293
v 0.000000 -0.091777 0.306557
v 0.137582 -0.091777 0.273949
v 0.197051 -0.091777 0.234836
v 0.245896 -0.091777 0.183063
v 0.281485 -0.091777 0.121421
v 0.301899 -0.091777 0.053233
v 0.306038 -0.091777 -0.017825
v 0.293678 -0.091777 -0.087921
v 0.265486 -0.091777 -0.153278
v 0.222981 -0.091777 -0.210372
v 0.168456 -0.091777 -0.256124
v 0.104849 -0.091777 -0.288069
v 0.035589 -0.091777 -0.304484
v -0.035589 -0.091777 -0.304484
v -0.104848 -0.091777 -0.288069
v -0.168455 -0.091777 -0.256124
v -0.222981 -0.091777 -0.210372
v -0.265486 -0.091777 -0.153279
v -0.293678 -0.091777 -0.087922
v -0.306038 -0.091777 -0.017825
v -0.301900 -0.091777 0.053232
v -0.281486 -0.091777 0.121420
v -0.245897 -0.091777 0.183062
v -0.197051 -0.091777 0.234836
v -0.137583 -0.091777 0.273949
v -0.070698 -0.091777 0.298293
v 0.000000 -0.091777 0.306557
v 0.063910 -0.160000 0.269658
v 0.000000 -0.160000 0.277128
v 0.124375 -0.160000 0.247651
v 0.178135 -0.160000 0.212292
v 0.222291 -0.160000 0.165489
v 0.254464 -0.160000 0.109765
v 0.272918 -0.160000 0.048123
v 0.276659 -0.160000 -0.016114
v 0.265486 -0.160000 -0.079481
v 0.240000 -0.160000 -0.138564
v 0.201576 -0.160000 -0.190177
v 0.152284 -0.160000 -0.231537
v 0.094783 -0.160000 -0.260415
v 0.032173 -0.160000 -0.275254
v -0.032173 -0.160000 -0.275254
v -0.094783 -0.160000 -0.260415
v -0.152284 -0.160000 -0.231537
v -0.201576 -0.160000 -0.190177
v -0.240000 -0.160000 -0.138564
v -0.265486 -0.160000 -0.079482
v -0.276659 -0.160000 -0.016114
v -0.272918 -0.160000 0.048122
v -0.254464 -0.160000 0.109764
v -0.222291 -0.160000 0.165489
v -0.178135 -0.160000 0.212292
v -0.124376 -0.160000 0.247650
v -0.063911 -0.160000 0.269658
v 0.000000 -0.160000 0.277128
v 0.053678 -0.219597 0.226486
v 0.000000 -0.219597 0.232760
v 0.104462 -0.219597 0.208002
v 0.149615 -0.219597 0.178304
v 0.186702 -0.219597 0.138994
v 0.213724 -0.219597 0.092191
v 0.229223 -0.219597 0.040418
v 0.232366 -0.219597 -0.013534
v 0.222981 -0.219597 -0.066756
v 0.201576 -0.219597 -0.116380
v 0.169303 -0.219597 -0.159729
v 0.127903 -0.219597 -0.194468
v 0.079608 -0.219597 -0.218722
v 0.027022 -0.219597 -0.231186
v -0.027022 -0.219597 -0.231186
v -0.079608 -0.219597 -0.218722
v -0.127903 -0.219597 -0.194468
v -0.169303 -0.219597 -0.159729
v -0.201576 -0.219597 -0.116380
v -0.222981 -0.219597 -0.066756
v -0.232366 -0.219597 -0.013534
v -0.229224 -0.219597 0.040418
v -0.213724 -0.219597 0.092191
v -0.186702 -0.219597 0.138994
v -0.149615 -0.219597 0.178304
v -0.104463 -0.219597 0.208001
v -0.053679 -0.219597 0.226485
v 0.000000 -0.219597 0.232760
v 0.040552 -0.267356 0.171103
v 0.000000 -0.267356 0.175843
v 0.078918 -0.267356 0.157139
v 0.113030 -0.267356 0.134703
v 0.141048 -0.267356 0.105006
v 0.161462 -0.267356 0.069648
v 0.173171 -0.267356 0.030535
v 0.175545 -0.267356 -0.010224
v 0.168456 -0.267356 -0.050432
v 0.152284 -0.267356 -0.087921
v 0.127903 -0.267356 -0.120671
v 0.096627 -0.267356 -0.146915
v 0.060142 -0.267356 -0.165238
v 0.020414 -0.267356 -0.174654
v -0.020414 -0.267356 -0.174654
v -0.060142 -0.267356 -0.165238
v -0.096627 -0.267356 -0.146915
v -0.127903 -0.267356 -0.120671
v -0.152284 -0.267356 -0.087922
v -0.168456 -0.267356 -0.050432
v -0.175545 -0.267356 -0.010225
v -0.173171 -0.267356 0.030535
v -0.161462 -0.267356 0.069648
v -0.141048 -0.267356 0.105006
v -0.113030 -0.267356 0.134703
v -0.078919 -0.267356 0.157139
v -0.040553 -0.267356 0.171103
v 0.000000 -0.267356 0.175843
v 0.025240 -0.300702 0.106496
v 0.000000 -0.300702 0.109446
v 0.049119 -0.300702 0.097805
v 0.070351 -0.300702 0.083841
v 0.087790 -0.300702 0.065357
v 0.100495 -0.300702 0.043350
v 0.107784 -0.300702 0.019005
v 0.109261 -0.300702 -0.006364
v 0.104849 -0.300702 -0.031390
v 0.094783 -0.300702 -0.054723
v 0.079608 -0.300702 -0.075107
v 0.060142 -0.300702 -0.091441
v 0.037433 -0.300702 -0.102846
v 0.012706 -0.300702 -0.108706
v -0.012706 -0.300702 -0.108706
v -0.037433 -0.300702 -0.102846
v -0.060142 -0.300702 -0.091441
v -0.079608 -0.300702 -0.075107
v -0.094783 -0.300702 -0.054723
v -0.104848 -0.300702 -0.031390
v -0.109261 -0.300702 -0.006364
v -0.107784 -0.300702 0.019005
v -0.100496 -0.300702 0.043349
v -0.087790 -0.300702 0.065357
v -0.070351 -0.300702 0.083841
v -0.049120 -0.300702 0.097805
v -0.025240 -0.300702 0.106496
v 0.000000 -0.300702 0.109446
v 0.000000 -0.320000 0.000000
v 0.000000 -0.320000 0.000000
v 0.000000 -0.320000 0.000000
v 0.000000 -0.320000 0.000000
v 0.000000 -0.320000 0.000000
v 0.000000 -0.320000 0.000000
v 0.000000 -0.320000 0.000000
v 0.000000 -0.320000 0.000000
v 0.000000 -0.320000 0.000000
v 0.000000 -0.320000 0.000000
v 0.000000 -0.320000 0.000000
v 0.000000 -0.320000 0.000000
v 0.000000 -0.320000 0.000000
v 0.000000 -0.320000 0.000000
v 0.000000 -0.320000 0.000000
v 0.000000 -0.320000 0.000000
v 0.000000 -0.320000 0.000000
v 0.000000 -0.320000 0.000000
v 0.000000 -0.320000 0.000000
v 0.000000 -0.320000 0.000000
v 0.000000 -0.320000 0.000000
v 0.000000 -0.320000 0.000000
v 0.000000 -0.320000 0.000000
v 0.000000 -0.320000 0.000000
v 0.000000 -0.320000 0.000000
v 0.000000 -0.320000 0.000000
v 0.000000 -0.320000 0.000000
vn -0.3827 -0.0000 0.9239
vn -0.3827 -0.2855 0.8787
vn -0.9239 -0.1183 0.3640
vn -0.9239 -0.0000 0.3827
vn -0.9239 -0.0000 -0.3827
vn -0.9239 0.1183 -0.3640
vn -0.3827 0.2855 -0.8787
vn -0.3827 -0.0000 -0.9239
vn 0.3827 -0.0000 -0.9239
vn 0.3827 0.2855 -0.8787
vn 0.9239 -0.0000 -0.3827
vn 0.9239 0.1183 -0.3640
vn 0.9239 -0.0000 0.3827
vn 0.9239 -0.1183 0.3640
vn 0.3827 -0.0000 0.9239
vn 0.3827 -0.2855 0.8787
vn -0.3827 -0.5430 0.7474
vn -0.9239 -0.2249 0.3096
vn -0.9239 0.2249 -0.3096
vn -0.3827 0.5430 -0.7474
vn 0.3827 0.5430 -0.7474
vn 0.9239 0.2249 -0.3096
vn 0.9239 -0.2249 0.3096
vn 0.3827 -0.5430 0.7474
vn -0.3827 -0.7474 0.5430
vn -0.9239 -0.3096 0.2249
vn -0.9239 0.3096 -0.2249
vn -0.3827 0.7474 -0.5430
vn 0.3827 0.7474 -0.5430
vn 0.9239 0.3096 -0.2249
vn 0.9239 -0.3096 0.2249
vn 0.3827 -0.7474 0.5430
vn -0.3787 -0.8247 0.4202
vn -0.9222 -0.3446 0.1756
vn -0.9222 0.3446 -0.1756
vn -0.3786 0.8247 -0.4202
vn 0.3786 0.8247 -0.4202
vn 0.9222 0.3446 -0.1756
vn 0.9222 -0.3446 0.1756
vn 0.3787 -0.8247 0.4202
vn -0.3827 -0.7474 -0.5430
vn -0.3786 -0.8247 -0.4202
vn -0.9239 -0.3096 -0.2249
vn -0.9222 -0.3446 -0.1756
vn -0.9222 0.3446 0.1756
vn -0.9239 0.3096 0.2249
vn -0.3786 0.8247 0.4202
vn -0.3827 0.7474 0.5430
vn 0.3786 0.8247 0.4202
vn 0.3827 0.7474 0.5430
vn 0.9222 0.3446 0.1756
vn 0.9239 0.3096 0.2249
vn 0.9222 -0.3446 -0.1756
vn 0.9239 -0.3096 -0.2249
vn 0.3827 -0.7474 -0.5430
vn 0.3787 -0.8247 -0.4202
vn -0.3827 -0.5430 -0.7474
vn -0.9239 -0.2249 -0.3096
vn -0.9239 0.2249 0.3096
vn -0.3827 0.5430 0.7474
vn 0.3827 0.5430 0.7474
vn 0.9239 0.2249 0.3096
vn 0.9239 -0.2249 -0.3096
vn 0.3827 -0.5430 -0.7474
vn -0.3827 -0.2855 -0.8787
vn -0.9239 -0.1183 -0.3640
vn -0.9239 0.1183 0.3640
vn -0.3827 0.2855 0.8787
vn 0.3827 0.2855 0.8787
vn 0.9239 0.1183 0.3640
vn 0.9239 -0.1183 -0.3640
vn 0.3827 -0.2855 -0.8787
vn -0.3787 0.8247 -0.4202
vn -0.3786 -0.8247 0.4202
vn 0.3786 -0.8247 0.4202
vn -0.3787 -0.8247 -0.4202
vn 0.8787 0.3827 0.2855
vn 0.9239 0.3827 -0.0000
vn 0.3640 0.9239 0.1183
vn 0.3827 0.9239 -0.0000
vn -0.3640 0.9239 -0.1183
vn -0.3827 0.9239 -0.0000
vn -0.9239 0.3827 -0.0000
vn -0.8787 0.3827 -0.2855
vn -0.9239 -0.3827 -0.0000
vn -0.8787 -0.3827 -0.2855
vn -0.3827 -0.9239 -0.0000
vn -0.3640 -0.9239 -0.1183
vn 0.3827 -0.9239 -0.0000
vn 0.3640 -0.9239 0.1183
vn 0.9239 -0.3827 -0.0000
vn 0.8787 -0.3827 0.2855
vn 0.7474 0.3827 0.5430
vn 0.3096 0.9239 0.2249
vn -0.3096 0.9239 -0.2249
vn -0.7474 0.3827 -0.5430
vn -0.7474 -0.3827 -0.5430
vn -0.3096 -0.9239 -0.2249
vn 0.3096 -0.9239 0.2249
vn 0.7474 -0.3827 0.5430
vn 0.5430 0.3827 0.7474
vn 0.2249 0.9239 0.3096
vn -0.2249 0.9239 -0.3096
vn -0.5430 0.3827 -0.7474
vn -0.5430 -0.3827 -0.7474
vn -0.2249 -0.9239 -0.3096
vn 0.2249 -0.9239 0.3096
vn 0.5430 -0.3827 0.7474
vn 0.2855 0.3827 0.8787
vn 0.1183 0.9239 0.3640
vn -0.1183 0.9239 -0.3640
vn -0.2855 0.3827 -0.8787
vn -0.2855 -0.3827 -0.8787
vn -0.1183 -0.9239 -0.3640
vn 0.1183 -0.9239 0.3640
vn 0.2855 -0.3827 0.8787
vn -0.0000 0.3827 0.9239
vn -0.0000 0.9239 0.3827
vn -0.0000 0.9239 -0.3827
vn -0.0000 0.3827 -0.9239
vn -0.0000 -0.3827 -0.9239
vn -0.0000 -0.9239 -0.3827
vn -0.0000 -0.9239 0.3827
vn -0.0000 -0.3827 0.9239
vn -0.2855 0.3827 0.8787
vn -0.1183 0.9239 0.3640
vn 0.1183 0.9239 -0.3640
vn 0.2855 0.3827 -0.8787
vn 0.2855 -0.3827 -0.8787
vn 0.1183 -0.9239 -0.3640
vn -0.1183 -0.9239 0.3640
vn -0.2855 -0.3827 0.8787
vn -0.5430 0.3827 0.7474
vn -0.2249 0.9239 0.3096
vn 0.2249 0.9239 -0.3096
vn 0.5430 0.3827 -0.7474
vn 0.5430 -0.3827 -0.7474
vn 0.2249 -0.9239 -0.3096
vn -0.2249 -0.9239 0.3096
vn -0.5430 -0.3827 0.7474
vn -0.7474 0.3827 0.5430
vn -0.3096 0.9239 0.2249
vn 0.3096 0.9239 -0.2249
vn 0.7474 0.3827 -0.5430
vn 0.7474 -0.3827 -0.5430
vn 0.3096 -0.9239 -0.2249
vn -0.3096 -0.9239 0.2249
vn -0.7474 -0.3827 0.5430
vn -0.8787 0.3827 0.2855
vn -0.3640 0.9239 0.1183
vn 0.3640 0.9239 -0.1183
vn 0.8787 0.3827 -0.2855
vn 0.8787 -0.3827 -0.2855
vn 0.3640 -0.9239 -0.1183
vn -0.3640 -0.9239 0.1183
vn -0.8787 -0.3827 0.2855
vn 0.8787 -0.2855 0.3827
vn 0.3640 -0.1183 0.9239
vn -0.3640 0.1183 0.9239
vn -0.8787 0.2855 0.3827
vn -0.8787 0.2855 -0.3827
vn -0.3640 0.1183 -0.9239
vn 0.3640 -0.1183 -0.9239
vn 0.8787 -0.2855 -0.3827
vn 0.7474 -0.5430 0.3827
vn 0.3096 -0.2249 0.9239
vn -0.3096 0.2249 0.9239
vn -0.7474 0.5430 0.3827
vn -0.7474 0.5430 -0.3827
vn -0.3096 0.2249 -0.9239
vn 0.3096 -0.2249 -0.9239
vn 0.7474 -0.5430 -0.3827
vn 0.5430 -0.7474 0.3827
vn 0.2249 -0.3096 0.9239
vn -0.2249 0.3096 0.9239
vn -0.5430 0.7474 0.3827
vn -0.5430 0.7474 -0.3827
vn -0.2249 0.3096 -0.9239
vn 0.2249 -0.3096 -0.9239
vn 0.5430 -0.7474 -0.3827
vn 0.4202 -0.8247 0.3786
vn 0.1756 -0.3446 0.9222
vn -0.1756 0.3446 0.9222
vn -0.4202 0.8247 0.3786
vn -0.4202 0.8247 -0.3786
vn -0.1756 0.3446 -0.9222
vn 0.1756 -0.3446 -0.9222
vn 0.4202 -0.8247 -0.3786
vn -0.4202 -0.8247 0.3787
vn -0.5430 -0.7474 0.3827
vn -0.2249 -0.3096 0.9239
vn -0.1756 -0.3446 0.9222
vn 0.1756 0.3446 0.9222
vn 0.2249 0.3096 0.9239
vn 0.4202 0.8247 0.3786
vn 0.5430 0.7474 0.3827
vn 0.4202 0.8247 -0.3786
vn 0.5430 0.7474 -0.3827
vn 0.1756 0.3446 -0.9222
vn 0.2249 0.3096 -0.9239
vn -0.1756 -0.3446 -0.9222
vn -0.2249 -0.3096 -0.9239
vn -0.4202 -0.8247 -0.3787
vn -0.5430 -0.7474 -0.3827
vn -0.7474 -0.5430 0.3827
vn -0.3096 -0.2249 0.9239
vn 0.3096 0.2249 0.9239
vn 0.7474 0.5430 0.3827
vn 0.7474 0.5430 -0.3827
vn 0.3096 0.2249 -0.9239
vn -0.3096 -0.2249 -0.9239
vn -0.7474 -0.5430 -0.3827
vn -0.8787 -0.2855 0.3827
vn -0.3640 -0.1183 0.9239
vn 0.3640 0.1183 0.9239
vn 0.8787 0.2855 0.3827
vn 0.8787 0.2855 -0.3827
vn 0.3640 0.1183 -0.9239
vn -0.3640 -0.1183 -0.9239
vn -0.8787 -0.2855 -0.3827
vn -0.4202 0.8247 0.3787
vn -0.4202 0.8247 -0.3787
vn -0.4202 -0.8247 0.3786
vn -0.4202 -0.8247 -0.3786
vn -0.0000 -1.0000 -0.0000
vn -1.0000 -0.0000 -0.0000
vn -0.9397 -0.0000 0.3420
vn -0.7660 -0.0000 0.6428
vn -0.5000 -0.0000 0.8660
vn -0.1736 -0.0000 0.9848
vn -0.1737 -0.0000 0.9848
vn 0.1737 -0.0000 0.9848
vn 0.1736 -0.0000 0.9848
vn 0.5000 -0.0000 0.8660
vn 0.7660 -0.0000 0.6428
vn 0.9397 -0.0000 0.3420
vn 1.0000 -0.0000 -0.0000
vn 0.9397 -0.0000 -0.3420
vn 0.7660 -0.0000 -0.6428
vn 0.5000 -0.0000 -0.8660
vn 0.1736 -0.0000 -0.9848
vn 0.1737 -0.0000 -0.9848
vn -0.1737 -0.0000 -0.9848
vn -0.1736 -0.0000 -0.9848
vn -0.5000 -0.0000 -0.8660
vn -0.7660 -0.0000 -0.6428
vn -0.9397 -0.0000 -0.3420
vn -0.4145 0.9100 -0.0000
vn -0.4380 0.8847 0.1594
vn -0.3895 0.9100 0.1418
vn -0.4662 0.8847 -0.0000
vn -0.3571 0.8847 0.2996
vn -0.3175 0.9100 0.2664
vn -0.2073 0.9100 0.3590
vn -0.2331 0.8847 0.4037
vn -0.0809 0.8847 0.4591
vn -0.0720 0.9100 0.4082
vn 0.0809 0.8847 0.4591
vn 0.0720 0.9100 0.4082
vn 0.2073 0.9100 0.3590
vn 0.2331 0.8847 0.4037
vn 0.3571 0.8847 0.2996
vn 0.3175 0.9100 0.2664
vn 0.4380 0.8847 0.1594
vn 0.3895 0.9100 0.1418
vn 0.4145 0.9100 -0.0000
vn 0.4662 0.8847 -0.0000
vn 0.4380 0.8847 -0.1594
vn 0.3895 0.9100 -0.1418
vn 0.3571 0.8847 -0.2996
vn 0.3175 0.9100 -0.2664
vn 0.2073 0.9100 -0.3590
vn 0.2331 0.8847 -0.4037
vn 0.0809 0.8847 -0.4591
vn 0.0720 0.9100 -0.4082
vn -0.0809 0.8847 -0.4591
vn -0.0720 0.9100 -0.4082
vn -0.2073 0.9100 -0.3590
vn -0.2331 0.8847 -0.4037
vn -0.3571 0.8847 -0.2996
vn -0.3175 0.9100 -0.2664
vn -0.4380 0.8847 -0.1594
vn -0.3895 0.9100 -0.1418
vn -0.3494 0.9370 -0.0000
vn -0.3283 0.9370 0.1195
vn -0.2677 0.9370 0.2246
vn -0.1747 0.9370 0.3026
vn -0.0607 0.9370 0.3441
vn 0.0607 0.9370 0.3441
vn 0.1747 0.9370 0.3026
vn 0.2677 0.9370 0.2246
vn 0.3283 0.9370 0.1195
vn 0.3494 0.9370 -0.0000
vn 0.3283 0.9370 -0.1195
vn 0.2677 0.9370 -0.2246
vn 0.1747 0.9370 -0.3026
vn 0.0607 0.9370 -0.3441
vn -0.0607 0.9370 -0.3441
vn -0.1747 0.9370 -0.3026
vn -0.2677 0.9370 -0.2246
vn -0.3283 0.9370 -0.1195
vn -0.0000 1.0000 -0.0000
vn 0.0551 0.9985 0.0001
vn 0.0518 0.9985 -0.0188
vn 0.0423 0.9985 -0.0354
vn 0.0276 0.9985 -0.0477
vn 0.0096 0.9985 -0.0543
vn -0.0095 0.9985 -0.0543
vn -0.0275 0.9985 -0.0478
vn -0.0422 0.9985 -0.0355
vn -0.0518 0.9985 -0.0189
vn -0.0551 0.9985 -0.0001
vn -0.0518 0.9985 0.0188
vn -0.0423 0.9985 0.0354
vn -0.0276 0.9985 0.0477
vn -0.0096 0.9985 0.0543
vn 0.0095 0.9985 0.0543
vn 0.0275 0.9985 0.0478
vn 0.0422 0.9985 0.0355
vn 0.0518 0.9985 0.0189
vn -0.9168 -0.2192 0.3337
vn -0.8831 -0.3417 0.3214
vn -0.9398 -0.3417 -0.0000
vn -0.9757 -0.2192 -0.0000
vn -0.7474 -0.2192 0.6272
vn -0.7199 -0.3417 0.6041
vn -0.4699 -0.3417 0.8139
vn -0.4878 -0.2192 0.8450
vn -0.1632 -0.3417 0.9255
vn -0.1695 -0.2192 0.9609
vn 0.1632 -0.3417 0.9255
vn -0.1694 -0.2192 0.9609
vn 0.1694 -0.2192 0.9609
vn -0.1631 -0.3417 0.9255
vn 0.4878 -0.2192 0.8450
vn 0.4699 -0.3417 0.8139
vn 0.7474 -0.2192 0.6272
vn 0.7199 -0.3417 0.6041
vn 0.8831 -0.3417 0.3214
vn 0.9168 -0.2192 0.3337
vn 0.9398 -0.3417 -0.0000
vn 0.9757 -0.2192 -0.0000
vn 0.9168 -0.2192 -0.3337
vn 0.8831 -0.3417 -0.3214
vn 0.7474 -0.2192 -0.6272
vn 0.7199 -0.3417 -0.6041
vn 0.4699 -0.3417 -0.8139
vn 0.4878 -0.2192 -0.8450
vn 0.1632 -0.3417 -0.9255
vn 0.1694 -0.2192 -0.9609
vn -0.1632 -0.3417 -0.9255
vn -0.1694 -0.2192 -0.9609
vn -0.4878 -0.2192 -0.8450
vn -0.4699 -0.3417 -0.8139
vn -0.7474 -0.2192 -0.6272
vn -0.7199 -0.3417 -0.6041
vn -0.8831 -0.3417 -0.3214
vn -0.9168 -0.2192 -0.3337
vn -0.9396 -0.0105 0.3420
vn -0.9999 -0.0105 -0.0000
vn -0.7660 -0.0105 0.6428
vn -0.5000 -0.0105 0.8660
vn -0.1737 -0.0106 0.9847
vn -0.1736 -0.0105 0.9848
vn 0.1736 -0.0105 0.9848
vn 0.5000 -0.0105 0.8660
vn 0.7660 -0.0105 0.6428
vn 0.9396 -0.0105 0.3420
vn 0.9999 -0.0105 -0.0000
vn 0.9396 -0.0105 -0.3420
vn 0.7660 -0.0105 -0.6428
vn 0.5000 -0.0105 -0.8660
vn 0.1736 -0.0105 -0.9848
vn -0.1736 -0.0105 -0.9848
vn -0.5000 -0.0105 -0.8660
vn -0.7660 -0.0105 -0.6428
vn -0.9396 -0.0105 -0.3420
vn -0.2344 0.9721 -0.0000
vn -0.2203 0.9721 0.0802
vn -0.1796 0.9721 0.1507
vn -0.1172 0.9721 0.2030
vn -0.0407 0.9721 0.2309
vn 0.0407 0.9721 0.2309
vn 0.1172 0.9721 0.2030
vn 0.1796 0.9721 0.1507
vn 0.2203 0.9721 0.0802
vn 0.2344 0.9721 -0.0000
vn 0.2203 0.9721 -0.0802
vn 0.1796 0.9721 -0.1507
vn 0.1172 0.9721 -0.2030
vn 0.0407 0.9721 -0.2309
vn -0.0407 0.9721 -0.2309
vn -0.1172 0.9721 -0.2030
vn -0.1796 0.9721 -0.1507
vn -0.2203 0.9721 -0.0802
vn -0.9238 -0.1832 0.3362
vn -0.9831 -0.1832 -0.0000
vn -0.7531 -0.1832 0.6319
vn -0.4916 -0.1832 0.8514
vn -0.1707 -0.1832 0.9681
vn -0.4915 -0.1832 0.8514
vn 0.1707 -0.1832 0.9681
vn 0.4915 -0.1832 0.8514
vn 0.7531 -0.1832 0.6319
vn 0.9238 -0.1832 0.3362
vn 0.9831 -0.1832 -0.0000
vn 0.9238 -0.1832 -0.3362
vn 0.7531 -0.1832 -0.6319
vn 0.4915 -0.1832 -0.8514
vn 0.1707 -0.1832 -0.9681
vn -0.1707 -0.1832 -0.9681
vn -0.4915 -0.1832 -0.8514
vn -0.7531 -0.1832 -0.6319
vn -0.9238 -0.1832 -0.3362
vn -0.4147 0.9100 -0.0000
vn -0.3896 0.9100 0.1418
vn -0.3176 0.9100 0.2665
vn -0.2073 0.9100 0.3591
vn -0.0720 0.9100 0.4084
vn 0.0720 0.9100 0.4084
vn 0.2073 0.9100 0.3591
vn 0.3176 0.9100 0.2665
vn 0.3896 0.9100 0.1418
vn 0.4146 0.9100 -0.0000
vn 0.3896 0.9100 -0.1418
vn 0.3176 0.9100 -0.2665
vn 0.2073 0.9100 -0.3591
vn 0.0720 0.9100 -0.4083
vn -0.0720 0.9100 -0.4084
vn -0.2073 0.9100 -0.3591
vn -0.3176 0.9100 -0.2665
vn -0.3896 0.9100 -0.1418
vn -0.9505 0.3107 -0.0000
vn -0.8932 0.3107 0.3251
vn -0.9607 -0.2777 -0.0000
vn -0.9027 -0.2777 0.3286
vn -0.7281 0.3107 0.6110
vn -0.7359 -0.2777 0.6175
vn -0.4752 0.3107 0.8232
vn -0.4803 -0.2777 0.8320
vn -0.1651 0.3107 0.9361
vn -0.1668 -0.2777 0.9461
vn 0.1651 0.3107 0.9361
vn 0.1668 -0.2777 0.9461
vn 0.4752 0.3107 0.8232
vn 0.4803 -0.2777 0.8320
vn 0.7281 0.3107 0.6110
vn 0.7359 -0.2777 0.6175
vn 0.8932 0.3107 0.3251
vn 0.9027 -0.2777 0.3286
vn 0.9505 0.3107 -0.0000
vn 0.9607 -0.2777 -0.0000
vn 0.8932 0.3107 -0.3251
vn 0.9027 -0.2777 -0.3286
vn 0.7281 0.3107 -0.6110
vn 0.7359 -0.2777 -0.6175
vn 0.4752 0.3107 -0.8232
vn 0.4803 -0.2777 -0.8320
vn 0.1651 0.3107 -0.9361
vn 0.1668 -0.2777 -0.9461
vn -0.1651 0.3107 -0.9361
vn -0.1668 -0.2777 -0.9461
vn -0.4752 0.3107 -0.8232
vn -0.4803 -0.2777 -0.8320
vn -0.7281 0.3107 -0.6110
vn -0.7359 -0.2777 -0.6175
vn -0.8932 0.3107 -0.3251
vn -0.9027 -0.2777 -0.3286
vn 0.2432 -0.9659 -0.0885
vn 0.2588 -0.9659 -0.0000
vn 0.1983 -0.9659 -0.1664
vn 0.1294 -0.9659 -0.2241
vn 0.0449 -0.9659 -0.2549
vn -0.0449 -0.9659 -0.2549
vn -0.1294 -0.9659 -0.2241
vn -0.1983 -0.9659 -0.1664
vn -0.2432 -0.9659 -0.0885
vn -0.2588 -0.9659 -0.0000
vn -0.2432 -0.9659 0.0885
vn -0.1983 -0.9659 0.1664
vn -0.1294 -0.9659 0.2241
vn -0.0449 -0.9659 0.2549
vn 0.0449 -0.9659 0.2549
vn 0.1294 -0.9659 0.2241
vn 0.1983 -0.9659 0.1664
vn 0.2432 -0.9659 0.0885
vn 0.3644 -0.9312 -0.0000
vn 0.3424 -0.9312 -0.1246
vn 0.2792 -0.9312 -0.2342
vn 0.1822 -0.9312 -0.3156
vn 0.0633 -0.9312 -0.3589
vn -0.0633 -0.9312 -0.3589
vn -0.1822 -0.9312 -0.3156
vn -0.2792 -0.9312 -0.2342
vn -0.3424 -0.9312 -0.1246
vn -0.3644 -0.9312 -0.0000
vn -0.3424 -0.9312 0.1246
vn -0.2792 -0.9312 0.2342
vn -0.1822 -0.9312 0.3156
vn -0.0633 -0.9312 0.3589
vn 0.0633 -0.9312 0.3589
vn 0.1822 -0.9312 0.3156
vn 0.2792 -0.9312 0.2342
vn 0.3424 -0.9312 0.1246
vn -0.8463 0.5327 -0.0000
vn -0.7050 0.6611 0.2566
vn -0.7503 0.6611 -0.0000
vn -0.7952 0.5327 0.2894
vn -0.5747 0.6611 0.4823
vn -0.6483 0.5327 0.5440
vn -0.4231 0.5327 0.7329
vn -0.3751 0.6611 0.6497
vn -0.1469 0.5327 0.8334
vn -0.1303 0.6611 0.7389
vn 0.1470 0.5327 0.8334
vn 0.1303 0.6611 0.7389
vn 0.3751 0.6611 0.6497
vn 0.4231 0.5327 0.7329
vn 0.5747 0.6611 0.4823
vn 0.6483 0.5327 0.5440
vn 0.7952 0.5327 0.2894
vn 0.7050 0.6611 0.2566
vn 0.8463 0.5327 -0.0000
vn 0.7503 0.6611 -0.0000
vn 0.7050 0.6611 -0.2566
vn 0.7952 0.5327 -0.2894
vn 0.5747 0.6611 -0.4823
vn 0.6483 0.5327 -0.5440
vn 0.4231 0.5327 -0.7329
vn 0.3751 0.6611 -0.6497
vn 0.1469 0.5327 -0.8334
vn 0.1303 0.6611 -0.7389
vn -0.1470 0.5327 -0.8334
vn -0.1303 0.6611 -0.7389
vn -0.3751 0.6611 -0.6497
vn -0.4231 0.5327 -0.7329
vn -0.5747 0.6611 -0.4823
vn -0.6483 0.5327 -0.5440
vn -0.7952 0.5327 -0.2894
vn -0.7050 0.6611 -0.2566
vn 0.0519 0.9985 -0.0188
vn 0.0552 0.9985 -0.0000
vn 0.0276 0.9985 -0.0478
vn -0.0095 0.9985 -0.0544
vn -0.0423 0.9985 -0.0355
vn -0.0552 0.9985 -0.0000
vn -0.0519 0.9985 0.0188
vn -0.0276 0.9985 0.0478
vn 0.0095 0.9985 0.0544
vn 0.0519 0.9985 0.0189
vn 0.0350 -0.9992 -0.0186
vn 0.0346 -0.9994 0.0043
vn 0.0392 -0.9992 0.0054
vn 0.0311 -0.9994 -0.0159
vn 0.0517 -0.9982 -0.0298
vn 0.0335 -0.9992 -0.0210
vn 0.0293 -0.9994 -0.0190
vn 0.0149 -0.9992 -0.0367
vn 0.0136 -0.9994 -0.0322
vn 0.0122 -0.9992 -0.0377
vn 0.0204 -0.9982 -0.0561
vn 0.0103 -0.9994 -0.0334
vn -0.0122 -0.9992 -0.0377
vn -0.0102 -0.9994 -0.0334
vn 0.0122 -0.9992 -0.0376
vn 0.0102 -0.9994 -0.0334
vn -0.0204 -0.9982 -0.0561
vn -0.0149 -0.9992 -0.0367
vn -0.0136 -0.9994 -0.0322
vn -0.0335 -0.9992 -0.0210
vn -0.0293 -0.9994 -0.0190
vn -0.0517 -0.9982 -0.0298
vn -0.0350 -0.9992 -0.0186
vn -0.0311 -0.9994 -0.0159
vn -0.0346 -0.9994 0.0043
vn -0.0392 -0.9992 0.0054
vn -0.0387 -0.9992 0.0083
vn -0.0588 -0.9982 0.0104
vn -0.0588 -0.9982 0.0103
vn -0.0340 -0.9994 0.0078
vn -0.0265 -0.9992 0.0294
vn -0.0238 -0.9994 0.0256
vn -0.0383 -0.9982 0.0457
vn -0.0243 -0.9992 0.0312
vn -0.0384 -0.9982 0.0457
vn -0.0210 -0.9994 0.0279
vn -0.0014 -0.9992 0.0395
vn -0.0018 -0.9994 0.0349
vn -0.0000 -0.9982 0.0597
vn 0.0015 -0.9992 0.0395
vn 0.0018 -0.9994 0.0349
vn 0.0243 -0.9992 0.0312
vn 0.0210 -0.9994 0.0279
vn 0.0265 -0.9992 0.0294
vn 0.0383 -0.9982 0.0457
vn 0.0384 -0.9982 0.0457
vn 0.0238 -0.9994 0.0256
vn 0.0340 -0.9994 0.0078
vn 0.0387 -0.9992 0.0083
vn 0.0588 -0.9982 0.0103
vn 0.0588 -0.9982 0.0104
vn -0.6879 0.6691 0.2814
vn -0.7426 0.6691 -0.0292
vn -0.7470 0.6648 0.0086
vn -0.7049 0.6648 0.2474
vn -0.5876 0.6691 0.4550
vn -0.6384 0.6757 0.3686
vn -0.5667 0.6648 0.4867
vn -0.3809 0.6648 0.6426
vn -0.3460 0.6691 0.6577
vn -0.1577 0.6691 0.7263
vn -0.2521 0.6757 0.6927
vn -0.1213 0.6648 0.7371
vn 0.1213 0.6648 0.7371
vn 0.1577 0.6691 0.7263
vn 0.3461 0.6691 0.6577
vn 0.2521 0.6757 0.6927
vn 0.3809 0.6648 0.6426
vn 0.5667 0.6648 0.4867
vn 0.5876 0.6691 0.4550
vn 0.6879 0.6691 0.2814
vn 0.6384 0.6757 0.3686
vn 0.7049 0.6648 0.2474
vn 0.7470 0.6648 0.0086
vn 0.7426 0.6691 -0.0292
vn 0.7078 0.6691 -0.2266
vn 0.7260 0.6757 -0.1280
vn 0.6990 0.6648 -0.2635
vn 0.5501 0.6691 -0.4997
vn 0.5777 0.6648 -0.4736
vn 0.4738 0.6757 -0.5647
vn 0.3966 0.6691 -0.6285
vn 0.3661 0.6648 -0.6512
vn 0.1382 0.6648 -0.7342
vn 0.1002 0.6691 -0.7364
vn -0.1002 0.6691 -0.7364
vn -0.0000 0.6757 -0.7371
vn -0.1382 0.6648 -0.7342
vn -0.0000 0.6757 -0.7372
vn -0.3966 0.6691 -0.6285
vn -0.3661 0.6648 -0.6512
vn -0.5501 0.6691 -0.4997
vn -0.4739 0.6757 -0.5647
vn -0.5777 0.6648 -0.4736
vn -0.4738 0.6757 -0.5647
vn -0.6990 0.6648 -0.2635
vn -0.7078 0.6691 -0.2266
vn -0.7260 0.6757 -0.1280
vn -0.6679 0.7034 0.2431
vn -0.7108 0.7034 -0.0000
vn -0.5445 0.7034 0.4569
vn -0.3554 0.7034 0.6156
vn -0.1235 0.7034 0.7000
vn -0.1234 0.7034 0.7000
vn 0.1234 0.7034 0.7000
vn 0.3554 0.7034 0.6156
vn 0.5445 0.7034 0.4569
vn 0.6679 0.7034 0.2431
vn 0.7108 0.7034 -0.0000
vn 0.6679 0.7034 -0.2431
vn 0.5445 0.7034 -0.4569
vn 0.3554 0.7034 -0.6156
vn 0.1234 0.7034 -0.7000
vn -0.1234 0.7034 -0.7000
vn -0.3554 0.7034 -0.6156
vn -0.5445 0.7034 -0.4569
vn -0.6679 0.7034 -0.2431
vn 0.9361 -0.0878 -0.3407
vn 0.9961 -0.0878 -0.0000
vn 0.7631 -0.0878 -0.6403
vn 0.4981 -0.0878 -0.8627
vn 0.1730 -0.0878 -0.9810
vn 0.1729 -0.0878 -0.9810
vn -0.1730 -0.0878 -0.9810
vn -0.4981 -0.0878 -0.8627
vn -0.7631 -0.0878 -0.6403
vn -0.9361 -0.0878 -0.3407
vn -0.9961 -0.0878 -0.0000
vn -0.9361 -0.0878 0.3407
vn -0.7631 -0.0878 0.6403
vn -0.4981 -0.0878 0.8627
vn -0.1730 -0.0878 0.9810
vn 0.1730 -0.0878 0.9810
vn 0.4981 -0.0878 0.8627
vn 0.7631 -0.0878 0.6403
vn 0.9361 -0.0878 0.3407
vn -0.2183 0.9759 -0.0000
vn -0.2051 0.9759 0.0747
vn -0.1672 0.9759 0.1403
vn -0.1092 0.9759 0.1891
vn -0.0379 0.9759 0.2150
vn 0.0379 0.9759 0.2150
vn 0.1092 0.9759 0.1891
vn 0.1672 0.9759 0.1403
vn 0.2051 0.9759 0.0747
vn 0.2183 0.9759 -0.0000
vn 0.2051 0.9759 -0.0747
vn 0.1672 0.9759 -0.1403
vn 0.1092 0.9759 -0.1891
vn 0.0379 0.9759 -0.2150
vn -0.0379 0.9759 -0.2150
vn -0.1092 0.9759 -0.1891
vn -0.1672 0.9759 -0.1403
vn -0.2051 0.9759 -0.0747
vn -0.9100 -0.2444 0.3348
vn -0.9147 -0.2452 0.3212
vn -0.8390 -0.2318 0.4922
vn -0.9697 -0.2444 -0.0034
vn -0.9568 -0.2318 -0.1756
vn -0.9694 -0.2452 0.0110
vn -0.4819 -0.2444 0.8415
vn -0.4943 -0.2452 0.8340
vn -0.3264 -0.2318 0.9164
vn -0.7450 -0.2444 0.6207
vn -0.8458 -0.2318 0.4805
vn -0.7355 -0.2452 0.6316
vn 0.1718 -0.2444 0.9543
vn 0.1575 -0.2452 0.9566
vn 0.3390 -0.2318 0.9118
vn -0.1717 -0.2444 0.9543
vn -0.3390 -0.2318 0.9118
vn -0.1575 -0.2452 0.9566
vn 0.7450 -0.2444 0.6207
vn 0.7355 -0.2452 0.6316
vn 0.8458 -0.2318 0.4805
vn 0.4819 -0.2444 0.8415
vn 0.3264 -0.2318 0.9164
vn 0.4943 -0.2452 0.8340
vn 0.9697 -0.2444 -0.0034
vn 0.9694 -0.2452 0.0110
vn 0.9568 -0.2318 -0.1756
vn 0.9100 -0.2444 0.3348
vn 0.8390 -0.2318 0.4922
vn 0.9147 -0.2452 0.3212
vn 0.7406 -0.2444 -0.6259
vn 0.7497 -0.2452 -0.6147
vn 0.6201 -0.2318 -0.7495
vn 0.9123 -0.2444 -0.3284
vn 0.9591 -0.2318 -0.1623
vn 0.9072 -0.2452 -0.3419
vn 0.1650 -0.2444 -0.9555
vn 0.1792 -0.2452 -0.9528
vn -0.0067 -0.2318 -0.9727
vn 0.4878 -0.2444 -0.8380
vn 0.6304 -0.2318 -0.7408
vn 0.4751 -0.2452 -0.8451
vn -0.4878 -0.2444 -0.8380
vn -0.4751 -0.2452 -0.8451
vn -0.6304 -0.2318 -0.7408
vn -0.1650 -0.2444 -0.9555
vn 0.0067 -0.2318 -0.9727
vn -0.1792 -0.2452 -0.9528
vn -0.9123 -0.2444 -0.3284
vn -0.9072 -0.2452 -0.3419
vn -0.9591 -0.2318 -0.1623
vn -0.7406 -0.2444 -0.6259
vn -0.6201 -0.2318 -0.7495
vn -0.7497 -0.2452 -0.6147
vn 0.1574 -0.2452 0.9566
vn 0.1717 -0.2460 0.9539
vn 0.2944 0.9557 -0.0000
vn 0.2767 0.9557 -0.1007
vn 0.2255 0.9557 -0.1893
vn 0.1472 0.9557 -0.2550
vn 0.0511 0.9557 -0.2900
vn -0.0511 0.9557 -0.2900
vn -0.1472 0.9557 -0.2550
vn -0.2255 0.9557 -0.1893
vn -0.2767 0.9557 -0.1007
vn -0.2944 0.9557 -0.0000
vn -0.2767 0.9557 0.1007
vn -0.2255 0.9557 0.1893
vn -0.1472 0.9557 0.2550
vn -0.0511 0.9557 0.2900
vn 0.0511 0.9557 0.2900
vn 0.1472 0.9557 0.2550
vn 0.2255 0.9557 0.1893
vn 0.2767 0.9557 0.1007
vn -0.0000 -0.8577 0.5141
vn 0.3559 -0.9345 -0.0000
vn 0.3055 -0.8023 0.5128
vn 0.1700 -0.4463 0.8786
vn -0.0000 -0.4762 0.8794
vn -0.0103 0.0271 0.9996
vn -0.0000 0.0309 0.9995
vn -0.1854 0.4870 0.8535
vn -0.0000 0.5225 0.8527
vn -0.3106 0.8158 0.4879
vn -0.0000 0.8732 0.4874
vn -0.3559 0.9345 -0.0000
vn -0.0000 0.8734 -0.4871
vn -0.3106 0.8158 -0.4879
vn -0.0000 0.5225 -0.8527
vn -0.1854 0.4870 -0.8535
vn -0.0000 0.0309 -0.9995
vn -0.0103 0.0271 -0.9996
vn -0.0000 -0.4759 -0.8795
vn 0.1700 -0.4463 -0.8786
vn -0.0000 -0.8577 -0.5142
vn 0.3056 -0.8024 -0.5127
vn 0.6554 -0.7553 -0.0000
vn 0.5627 -0.6484 0.5128
vn 0.5626 -0.6484 0.5129
vn 0.3132 -0.3609 0.8784
vn -0.0188 0.0217 0.9996
vn -0.3414 0.3935 0.8536
vn -0.5721 0.6592 0.4880
vn -0.6554 0.7553 -0.0000
vn -0.5721 0.6592 -0.4880
vn -0.3414 0.3935 -0.8536
vn -0.0188 0.0217 -0.9996
vn 0.3132 -0.3609 -0.8784
vn 0.5627 -0.6484 -0.5128
vn 0.7157 -0.4851 0.5025
vn 0.8274 -0.5616 -0.0000
vn 0.4086 -0.2754 0.8702
vn -0.0115 0.0091 0.9999
vn -0.4266 0.2875 0.8575
vn -0.7241 0.4853 0.4902
vn -0.8312 0.5560 -0.0000
vn -0.7241 0.4853 -0.4902
vn -0.4266 0.2875 -0.8575
vn -0.0115 0.0091 -0.9999
vn 0.4086 -0.2754 -0.8702
vn 0.7157 -0.4851 -0.5025
vn 0.8141 -0.2700 0.5141
vn 0.9491 -0.3149 -0.0000
vn 0.8141 -0.2700 0.5142
vn 0.4518 -0.1502 0.8794
vn -0.0290 0.0093 0.9995
vn -0.4948 0.1645 0.8533
vn -0.8281 0.2760 0.4880
vn -0.9485 0.3167 -0.0000
vn -0.8281 0.2760 -0.4880
vn -0.4948 0.1645 -0.8533
vn -0.0290 0.0093 -0.9995
vn 0.4518 -0.1502 -0.8794
vn 0.8141 -0.2700 -0.5141
vn 0.8628 0.0210 0.5051
vn 0.8070 0.3267 0.4919
vn 0.9996 0.0265 -0.0000
vn 0.9256 0.3785 -0.0000
vn 0.4861 0.0080 0.8739
vn 0.4621 0.1777 0.8689
vn -0.0262 -0.0047 0.9996
vn -0.0297 -0.0242 0.9993
vn -0.5239 -0.0103 0.8517
vn -0.5049 -0.2003 0.8396
vn -0.8748 -0.0093 0.4843
vn -0.8275 -0.3080 0.4694
vn -1.0000 -0.0082 -0.0000
vn -0.9393 -0.3431 -0.0000
vn -0.8749 -0.0093 -0.4842
vn -0.8275 -0.3080 -0.4694
vn -0.5240 -0.0101 -0.8516
vn -0.5049 -0.2003 -0.8396
vn -0.0262 -0.0047 -0.9996
vn -0.0297 -0.0242 -0.9993
vn 0.4861 0.0081 -0.8739
vn 0.4621 0.1777 -0.8689
vn 0.8628 0.0210 -0.5051
vn 0.8070 0.3267 -0.4919
vn 0.7785 0.4118 0.4737
vn 0.9417 0.3365 -0.0000
vn 0.8850 0.4655 -0.0000
vn 0.8277 0.2956 0.4770
vn 0.4965 0.1763 0.8500
vn 0.7784 0.4118 0.4738
vn 0.4693 0.2522 0.8463
vn 0.8277 0.2956 0.4771
vn 0.0105 0.0014 0.9999
vn 0.0130 0.0123 0.9998
vn -0.4812 -0.1769 0.8586
vn -0.4533 -0.2346 0.8599
vn -0.8212 -0.3022 0.4841
vn -0.7762 -0.4042 0.4838
vn -0.8871 -0.4615 -0.0000
vn -0.9382 -0.3461 -0.0000
vn -0.7762 -0.4042 -0.4838
vn -0.8212 -0.3022 -0.4841
vn -0.4533 -0.2346 -0.8599
vn -0.4812 -0.1769 -0.8586
vn 0.0130 0.0123 -0.9998
vn 0.0105 0.0014 -0.9999
vn 0.4693 0.2522 -0.8463
vn 0.4965 0.1763 -0.8500
vn 0.7784 0.4118 -0.4737
vn 0.8277 0.2956 -0.4770
vn 0.9600 0.2798 -0.0000
vn 0.8304 0.2439 0.5009
vn 0.8304 0.2439 0.5010
vn 0.4432 0.1324 0.8866
vn -0.1017 -0.0323 0.9943
vn -0.5789 -0.1832 0.7946
vn -0.8620 -0.2760 0.4252
vn -0.9520 -0.3061 -0.0000
vn -0.8620 -0.2760 -0.4252
vn -0.5789 -0.1832 -0.7946
vn -0.1017 -0.0323 -0.9943
vn 0.4432 0.1324 -0.8866
vn 0.8304 0.2439 -0.5009
vn -0.3559 -0.9345 -0.0000
vn -0.0000 -0.8578 0.5141
vn -0.3056 -0.8023 0.5128
vn -0.1700 -0.4463 0.8786
vn -0.3055 -0.8023 0.5128
vn 0.0103 0.0271 0.9996
vn 0.1854 0.4870 0.8535
vn 0.3106 0.8158 0.4879
vn 0.3559 0.9345 -0.0000
vn 0.3106 0.8158 -0.4879
vn 0.1854 0.4870 -0.8535
vn 0.0103 0.0271 -0.9996
vn -0.1700 -0.4463 -0.8786
vn -0.3055 -0.8022 -0.5129
vn -0.6554 -0.7553 -0.0000
vn -0.5627 -0.6484 0.5128
vn -0.3132 -0.3609 0.8784
vn -0.5627 -0.6484 0.5129
vn 0.0188 0.0217 0.9996
vn 0.3414 0.3935 0.8536
vn 0.5721 0.6593 0.4880
vn 0.6554 0.7553 -0.0000
vn 0.5721 0.6593 -0.4880
vn 0.3414 0.3935 -0.8536
vn 0.0188 0.0217 -0.9996
vn -0.3132 -0.3609 -0.8784
vn -0.5627 -0.6484 -0.5128
vn -0.7157 -0.4851 0.5024
vn -0.8274 -0.5616 -0.0000
vn -0.4086 -0.2754 0.8702
vn -0.7157 -0.4851 0.5025
vn 0.0115 0.0091 0.9999
vn 0.4267 0.2875 0.8575
vn 0.7241 0.4853 0.4902
vn 0.8312 0.5560 -0.0000
vn 0.7240 0.4853 -0.4902
vn 0.4267 0.2875 -0.8575
vn 0.0115 0.0091 -0.9999
vn -0.4086 -0.2754 -0.8702
vn -0.7157 -0.4851 -0.5025
vn -0.8141 -0.2700 0.5141
vn -0.9491 -0.3149 -0.0000
vn -0.8141 -0.2700 0.5142
vn -0.4518 -0.1502 0.8794
vn 0.0290 0.0093 0.9995
vn 0.4948 0.1645 0.8533
vn 0.8281 0.2760 0.4880
vn 0.9485 0.3167 -0.0000
vn 0.8281 0.2760 -0.4879
vn 0.4948 0.1645 -0.8533
vn 0.0290 0.0093 -0.9995
vn -0.4518 -0.1502 -0.8794
vn -0.8141 -0.2700 -0.5141
vn -0.8071 0.3267 0.4918
vn -0.8628 0.0210 0.5051
vn -0.9996 0.0265 -0.0000
vn -0.9256 0.3786 -0.0000
vn -0.4621 0.1777 0.8689
vn -0.4861 0.0080 0.8739
vn -0.8070 0.3267 0.4919
vn 0.0297 -0.0242 0.9993
vn 0.0259 -0.0047 0.9997
vn 0.5049 -0.2003 0.8396
vn 0.5239 -0.0103 0.8517
vn 0.8275 -0.3080 0.4694
vn 0.8748 -0.0094 0.4843
vn 0.9393 -0.3431 -0.0000
vn 1.0000 -0.0082 -0.0000
vn 0.8749 -0.0093 -0.4843
vn 0.8275 -0.3080 -0.4694
vn 0.5240 -0.0102 -0.8516
vn 0.5049 -0.2003 -0.8396
vn 0.0297 -0.0242 -0.9993
vn 0.0262 -0.0047 -0.9996
vn -0.4621 0.1777 -0.8689
vn -0.4860 0.0082 -0.8739
vn -0.8627 0.0212 -0.5052
vn -0.8070 0.3267 -0.4919
vn -0.7784 0.4118 0.4737
vn -0.9416 0.3368 -0.0000
vn -0.8277 0.2956 0.4770
vn -0.8849 0.4659 -0.0000
vn -0.4965 0.1763 0.8500
vn -0.4693 0.2522 0.8462
vn -0.7784 0.4118 0.4738
vn -0.8277 0.2956 0.4771
vn -0.0105 0.0014 0.9999
vn -0.0130 0.0123 0.9998
vn 0.4812 -0.1769 0.8586
vn 0.4533 -0.2346 0.8599
vn 0.8212 -0.3022 0.4840
vn 0.7762 -0.4042 0.4838
vn 0.8873 -0.4612 -0.0000
vn 0.9384 -0.3456 -0.0000
vn 0.8212 -0.3022 -0.4841
vn 0.7762 -0.4042 -0.4838
vn 0.4533 -0.2346 -0.8599
vn 0.4812 -0.1769 -0.8586
vn -0.0130 0.0123 -0.9998
vn -0.0105 0.0014 -0.9999
vn -0.4693 0.2522 -0.8462
vn -0.4965 0.1763 -0.8500
vn -0.7784 0.4118 -0.4737
vn -0.8277 0.2956 -0.4771
vn -0.9600 0.2798 -0.0000
vn -0.8305 0.2439 0.5009
vn -0.8304 0.2439 0.5010
vn -0.4432 0.1324 0.8866
vn 0.1017 -0.0323 0.9943
vn 0.5789 -0.1832 0.7946
vn 0.8620 -0.2760 0.4252
vn 0.9520 -0.3060 -0.0000
vn 0.8620 -0.2760 -0.4252
vn 0.5789 -0.1832 -0.7945
vn 0.1017 -0.0323 -0.9943
vn -0.4432 0.1324 -0.8866
vn -0.8304 0.2439 -0.5009
vn -0.0000 0.9711 0.2387
vn 0.0551 0.9711 0.2323
vn 0.1071 0.9711 0.2133
vn 0.1534 0.9711 0.1829
vn 0.1915 0.9711 0.1426
vn 0.2192 0.9711 0.0946
vn 0.2351 0.9711 0.0415
vn 0.2383 0.9711 -0.0139
vn 0.2287 0.9711 -0.0685
vn 0.2067 0.9711 -0.1194
vn 0.1736 0.9711 -0.1638
vn 0.1312 0.9711 -0.1994
vn 0.0816 0.9711 -0.2243
vn 0.0277 0.9711 -0.2371
vn -0.0277 0.9711 -0.2371
vn -0.0816 0.9711 -0.2243
vn -0.1312 0.9711 -0.1994
vn -0.1736 0.9711 -0.1638
vn -0.2067 0.9711 -0.1194
vn -0.2287 0.9711 -0.0685
vn -0.2383 0.9711 -0.0139
vn -0.2351 0.9711 0.0415
vn -0.2192 0.9711 0.0946
vn -0.1915 0.9711 0.1426
vn -0.1534 0.9711 0.1829
vn -0.1071 0.9711 0.2133
vn -0.0551 0.9711 0.2323
vn 0.1051 0.8902 0.4433
vn -0.0000 0.8902 0.4556
vn 0.2045 0.8902 0.4071
vn 0.2929 0.8902 0.3490
vn 0.3655 0.8902 0.2721
vn 0.4183 0.8902 0.1805
vn 0.4487 0.8902 0.0791
vn 0.4548 0.8902 -0.0265
vn 0.4365 0.8902 -0.1307
vn 0.3946 0.8902 -0.2278
vn 0.3314 0.8902 -0.3127
vn 0.2504 0.8902 -0.3807
vn 0.1558 0.8902 -0.4281
vn 0.0529 0.8902 -0.4525
vn -0.0529 0.8902 -0.4525
vn -0.1558 0.8902 -0.4281
vn -0.2504 0.8902 -0.3807
vn -0.3314 0.8902 -0.3127
vn -0.3946 0.8902 -0.2278
vn -0.4365 0.8902 -0.1307
vn -0.4548 0.8902 -0.0265
vn -0.4487 0.8902 0.0791
vn -0.4183 0.8902 0.1805
vn -0.3655 0.8902 0.2721
vn -0.2929 0.8902 0.3490
vn -0.2045 0.8902 0.4071
vn -0.1051 0.8902 0.4433
vn -0.0000 0.7618 0.6478
vn 0.1494 0.7618 0.6303
vn 0.2907 0.7618 0.5789
vn 0.4164 0.7618 0.4962
vn 0.5196 0.7618 0.3868
vn 0.5948 0.7618 0.2566
vn 0.6379 0.7618 0.1125
vn 0.6467 0.7618 -0.0377
vn 0.6206 0.7618 -0.1858
vn 0.5610 0.7618 -0.3239
vn 0.4712 0.7618 -0.4445
vn 0.3560 0.7618 -0.5412
vn 0.2216 0.7618 -0.6087
vn 0.0752 0.7618 -0.6434
vn -0.0752 0.7618 -0.6434
vn -0.2216 0.7618 -0.6087
vn -0.3560 0.7618 -0.5412
vn -0.4712 0.7618 -0.4445
vn -0.5610 0.7618 -0.3239
vn -0.6206 0.7618 -0.1858
vn -0.6467 0.7618 -0.0377
vn -0.6379 0.7618 0.1125
vn -0.5948 0.7618 0.2566
vn -0.5196 0.7618 0.3868
vn -0.4164 0.7618 0.4962
vn -0.2907 0.7618 0.5789
vn -0.1494 0.7618 0.6303
vn -0.0000 0.5931 0.8051
vn 0.1857 0.5931 0.7834
vn 0.3613 0.5931 0.7195
vn 0.5175 0.5931 0.6168
vn 0.6458 0.5931 0.4808
vn 0.7393 0.5931 0.3189
vn 0.7929 0.5931 0.1398
vn 0.8038 0.5931 -0.0468
vn 0.7713 0.5931 -0.2309
vn 0.6973 0.5931 -0.4026
vn 0.5856 0.5931 -0.5525
vn 0.4424 0.5931 -0.6727
vn 0.2754 0.5931 -0.7566
vn 0.0935 0.5931 -0.7997
vn -0.0935 0.5931 -0.7997
vn -0.2754 0.5931 -0.7566
vn -0.4424 0.5931 -0.6727
vn -0.5856 0.5931 -0.5525
vn -0.6973 0.5931 -0.4026
vn -0.7713 0.5931 -0.2309
vn -0.8038 0.5931 -0.0468
vn -0.7929 0.5931 0.1398
vn -0.7393 0.5931 0.3189
vn -0.6458 0.5931 0.4808
vn -0.5175 0.5931 0.6168
vn -0.3613 0.5931 0.7195
vn -0.1857 0.5931 0.7834
vn -0.0000 0.3930 0.9195
vn 0.2121 0.3930 0.8948
vn 0.4127 0.3930 0.8217
vn 0.5911 0.3930 0.7044
vn 0.7376 0.3930 0.5491
vn 0.8443 0.3930 0.3642
vn 0.9056 0.3930 0.1597
vn 0.9180 0.3930 -0.0535
vn 0.8809 0.3930 -0.2637
vn 0.7963 0.3930 -0.4598
vn 0.6689 0.3930 -0.6310
vn 0.5053 0.3930 -0.7683
vn 0.3145 0.3930 -0.8641
vn 0.1068 0.3930 -0.9133
vn -0.1068 0.3930 -0.9133
vn -0.3145 0.3930 -0.8641
vn -0.5053 0.3930 -0.7683
vn -0.6689 0.3930 -0.6310
vn -0.7963 0.3930 -0.4598
vn -0.8809 0.3930 -0.2637
vn -0.9180 0.3930 -0.0535
vn -0.9056 0.3930 0.1597
vn -0.8443 0.3930 0.3642
vn -0.7376 0.3930 0.5491
vn -0.5911 0.3930 0.7044
vn -0.4127 0.3930 0.8217
vn -0.2121 0.3930 0.8948
vn -0.0000 0.1722 0.9851
vn 0.2272 0.1722 0.9585
vn 0.4421 0.1722 0.8803
vn 0.6332 0.1722 0.7546
vn 0.7901 0.1722 0.5882
vn 0.9045 0.1722 0.3902
vn 0.9701 0.1722 0.1711
vn 0.9834 0.1722 -0.0573
vn 0.9437 0.1722 -0.2825
vn 0.8531 0.1722 -0.4925
vn 0.7165 0.1722 -0.6760
vn 0.5413 0.1722 -0.8230
vn 0.3369 0.1722 -0.9257
vn 0.1144 0.1722 -0.9784
vn -0.1144 0.1722 -0.9784
vn -0.3369 0.1722 -0.9257
vn -0.5413 0.1722 -0.8230
vn -0.7165 0.1722 -0.6760
vn -0.8531 0.1722 -0.4925
vn -0.9437 0.1722 -0.2825
vn -0.9834 0.1722 -0.0573
vn -0.9701 0.1722 0.1711
vn -0.9045 0.1722 0.3902
vn -0.7901 0.1722 0.5882
vn -0.6332 0.1722 0.7546
vn -0.4421 0.1722 0.8803
vn -0.2272 0.1722 0.9585
vn 0.0001 -0.0577 0.9983
vn 0.2302 -0.0577 0.9714
vn 0.4481 -0.0577 0.8921
vn 0.6417 -0.0577 0.7648
vn 0.8008 -0.0577 0.5962
vn 0.9167 -0.0577 0.3954
vn 0.9832 -0.0577 0.1734
vn 0.9966 -0.0577 -0.0580
vn 0.9564 -0.0577 -0.2863
vn 0.8646 -0.0577 -0.4992
vn 0.7262 -0.0577 -0.6851
vn 0.5486 -0.0577 -0.8341
vn 0.3415 -0.0577 -0.9381
vn 0.1159 -0.0577 -0.9916
vn -0.1159 -0.0577 -0.9916
vn -0.3415 -0.0577 -0.9381
vn -0.5486 -0.0577 -0.8341
vn -0.7262 -0.0577 -0.6851
vn -0.8646 -0.0577 -0.4992
vn -0.9564 -0.0577 -0.2863
vn -0.9966 -0.0577 -0.0580
vn -0.9832 -0.0577 0.1734
vn -0.9167 -0.0577 0.3954
vn -0.8008 -0.0577 0.5962
vn -0.6417 -0.0577 0.7648
vn -0.4481 -0.0577 0.8921
vn -0.2302 -0.0577 0.9714
vn -0.0001 -0.0577 0.9983
vn 0.2211 -0.2845 0.9328
vn -0.0000 -0.2845 0.9587
vn 0.4303 -0.2845 0.8567
vn 0.6162 -0.2845 0.7344
vn 0.7690 -0.2845 0.5725
vn 0.8803 -0.2845 0.3797
vn 0.9441 -0.2845 0.1665
vn 0.9571 -0.2845 -0.0557
vn 0.9184 -0.2845 -0.2750
vn 0.8302 -0.2845 -0.4793
vn 0.6973 -0.2845 -0.6579
vn 0.5268 -0.2845 -0.8010
vn 0.3279 -0.2845 -0.9009
vn 0.1113 -0.2845 -0.9522
vn -0.1113 -0.2845 -0.9522
vn -0.3279 -0.2845 -0.9009
vn -0.5268 -0.2845 -0.8010
vn -0.6973 -0.2845 -0.6579
vn -0.8302 -0.2845 -0.4793
vn -0.9184 -0.2845 -0.2750
vn -0.9571 -0.2845 -0.0557
vn -0.9441 -0.2845 0.1665
vn -0.8803 -0.2845 0.3797
vn -0.7690 -0.2845 0.5725
vn -0.6162 -0.2845 0.7344
vn -0.4303 -0.2845 0.8567
vn -0.2211 -0.2845 0.9328
vn 0.2002 -0.4963 0.8447
vn -0.0000 -0.4963 0.8681
vn 0.3896 -0.4963 0.7758
vn 0.5580 -0.4963 0.6650
vn 0.6964 -0.4963 0.5184
vn 0.7971 -0.4963 0.3439
vn 0.8550 -0.4963 0.1507
vn 0.8667 -0.4963 -0.0505
vn 0.8317 -0.4963 -0.2490
vn 0.7518 -0.4963 -0.4341
vn 0.6315 -0.4963 -0.5958
vn 0.4770 -0.4963 -0.7253
vn 0.2969 -0.4963 -0.8158
vn 0.1008 -0.4963 -0.8623
vn -0.1008 -0.4963 -0.8623
vn -0.2969 -0.4963 -0.8158
vn -0.4770 -0.4963 -0.7253
vn -0.6315 -0.4963 -0.5958
vn -0.7518 -0.4963 -0.4341
vn -0.8317 -0.4963 -0.2490
vn -0.8667 -0.4963 -0.0505
vn -0.8550 -0.4963 0.1507
vn -0.7971 -0.4963 0.3438
vn -0.6964 -0.4963 0.5184
vn -0.5580 -0.4963 0.6650
vn -0.3896 -0.4963 0.7758
vn -0.2002 -0.4963 0.8447
vn 0.1687 -0.6820 0.7117
vn -0.0000 -0.6820 0.7314
vn 0.3282 -0.6820 0.6536
vn 0.4701 -0.6820 0.5603
vn 0.5866 -0.6820 0.4367
vn 0.6716 -0.6820 0.2897
vn 0.7203 -0.6820 0.1270
vn 0.7301 -0.6820 -0.0425
vn 0.7006 -0.6820 -0.2098
vn 0.6334 -0.6820 -0.3657
vn 0.5320 -0.6820 -0.5019
vn 0.4019 -0.6820 -0.6111
vn 0.2501 -0.6820 -0.6873
vn 0.0849 -0.6820 -0.7264
vn -0.0849 -0.6820 -0.7264
vn -0.2501 -0.6820 -0.6873
vn -0.4019 -0.6820 -0.6111
vn -0.5320 -0.6820 -0.5019
vn -0.6334 -0.6820 -0.3657
vn -0.7006 -0.6820 -0.2098
vn -0.7301 -0.6820 -0.0425
vn -0.7203 -0.6820 0.1270
vn -0.6716 -0.6820 0.2897
vn -0.5866 -0.6820 0.4367
vn -0.4701 -0.6820 0.5603
vn -0.3282 -0.6820 0.6536
vn -0.1687 -0.6820 0.7117
vn 0.1281 -0.8315 0.5405
vn -0.0000 -0.8315 0.5555
vn 0.2493 -0.8315 0.4964
vn 0.3570 -0.8315 0.4255
vn 0.4455 -0.8315 0.3317
vn 0.5100 -0.8315 0.2200
vn 0.5470 -0.8315 0.0965
vn 0.5545 -0.8315 -0.0323
vn 0.5321 -0.8315 -0.1593
vn 0.4810 -0.8315 -0.2777
vn 0.4040 -0.8315 -0.3812
vn 0.3052 -0.8315 -0.4641
vn 0.1900 -0.8315 -0.5220
vn 0.0645 -0.8315 -0.5517
vn -0.0645 -0.8315 -0.5517
vn -0.1900 -0.8315 -0.5220
vn -0.3052 -0.8315 -0.4641
vn -0.4040 -0.8315 -0.3812
vn -0.4810 -0.8315 -0.2777
vn -0.5321 -0.8315 -0.1593
vn -0.5545 -0.8315 -0.0323
vn -0.5470 -0.8315 0.0965
vn -0.5100 -0.8315 0.2200
vn -0.4455 -0.8315 0.3317
vn -0.3570 -0.8315 0.4255
vn -0.2493 -0.8315 0.4964
vn -0.1281 -0.8315 0.5405
vn 0.0748 -0.9460 0.3154
vn -0.0000 -0.9460 0.3242
vn 0.1455 -0.9460 0.2897
vn 0.2084 -0.9460 0.2483
vn 0.2600 -0.9460 0.1936
vn 0.2976 -0.9460 0.1284
vn 0.3192 -0.9460 0.0563
vn 0.3236 -0.9460 -0.0188
vn 0.3105 -0.9460 -0.0930
vn 0.2807 -0.9460 -0.1621
vn 0.2358 -0.9460 -0.2224
vn 0.1781 -0.9460 -0.2708
vn 0.1109 -0.9460 -0.3046
vn 0.0376 -0.9460 -0.3220
vn -0.0376 -0.9460 -0.3220
vn -0.1109 -0.9460 -0.3046
vn -0.1781 -0.9460 -0.2708
vn -0.2358 -0.9460 -0.2224
vn -0.2807 -0.9460 -0.1621
vn -0.3105 -0.9460 -0.0930
vn -0.3236 -0.9460 -0.0188
vn -0.3192 -0.9460 0.0563
vn -0.2976 -0.9460 0.1284
vn -0.2600 -0.9460 0.1936
vn -0.2084 -0.9460 0.2483
vn -0.1455 -0.9460 0.2897
vn -0.0748 -0.9460 0.3154
vn -0.0000 -1.0000 0.0001
vn 0.0001 -1.0000 -0.0000
vn -0.0000 -1.0000 -0.0001
vn -0.0001 -1.0000 -0.0000
vt 0.725477 0.757785
vt 0.725580 0.817670
vt 0.729150 0.757424
vt 0.729254 0.817298
vt 0.721916 0.817603
vt 0.721815 0.757709
vt 0.718217 0.757797
vt 0.718316 0.817702
vt 0.714629 0.817734
vt 0.714532 0.757821
vt 0.740081 0.757054
vt 0.743872 0.816857
vt 0.743763 0.757032
vt 0.740188 0.816892
vt 0.736484 0.757141
vt 0.736590 0.816991
vt 0.732823 0.757064
vt 0.732927 0.816926
vt 0.725843 0.877712
vt 0.729534 0.877328
vt 0.722161 0.877654
vt 0.718544 0.877762
vt 0.714839 0.877801
vt 0.744222 0.876840
vt 0.740520 0.876888
vt 0.736905 0.876999
vt 0.733225 0.876944
vt 0.729967 0.937787
vt 0.726240 0.938182
vt 0.722523 0.938130
vt 0.718871 0.938245
vt 0.715131 0.938290
vt 0.741058 0.937317
vt 0.744797 0.937257
vt 0.737408 0.937438
vt 0.733692 0.937391
vt 0.730442 0.999001
vt 0.726716 0.999395
vt 0.722995 0.999341
vt 0.719293 0.999458
vt 0.715453 0.999500
vt 0.741750 0.998506
vt 0.745567 0.998428
vt 0.737978 0.998633
vt 0.734193 0.998590
vt 0.697533 0.937726
vt 0.698564 0.998856
vt 0.701251 0.937301
vt 0.702305 0.998409
vt 0.704963 0.937319
vt 0.706085 0.998415
vt 0.709851 0.998252
vt 0.708607 0.937169
vt 0.713661 0.998138
vt 0.712339 0.937080
vt 0.687434 0.999421
vt 0.682716 0.938346
vt 0.683598 0.999500
vt 0.686454 0.938272
vt 0.691130 0.999267
vt 0.690100 0.938128
vt 0.694846 0.999286
vt 0.693814 0.938150
vt 0.696694 0.877337
vt 0.700378 0.876934
vt 0.704055 0.876969
vt 0.707666 0.876840
vt 0.711362 0.876772
vt 0.682012 0.877887
vt 0.685715 0.877828
vt 0.689329 0.877701
vt 0.693008 0.877739
vt 0.696185 0.817357
vt 0.699856 0.816978
vt 0.703516 0.817036
vt 0.707111 0.816929
vt 0.710791 0.816886
vt 0.681566 0.817825
vt 0.685253 0.817785
vt 0.688851 0.817679
vt 0.692514 0.817737
vt 0.696054 0.757500
vt 0.699728 0.757144
vt 0.703388 0.757226
vt 0.706984 0.757143
vt 0.710665 0.757126
vt 0.681431 0.757881
vt 0.685119 0.757862
vt 0.688718 0.757777
vt 0.692380 0.757857
vt 0.696301 0.697502
vt 0.699992 0.697166
vt 0.703668 0.697271
vt 0.707281 0.697209
vt 0.710979 0.697216
vt 0.681613 0.697804
vt 0.685317 0.697803
vt 0.688931 0.697738
vt 0.692609 0.697839
vt 0.696872 0.637128
vt 0.700596 0.636807
vt 0.704302 0.636929
vt 0.707946 0.636885
vt 0.711674 0.636911
vt 0.682064 0.637369
vt 0.685797 0.637383
vt 0.689441 0.637333
vt 0.693148 0.637451
vt 0.697681 0.576137
vt 0.701451 0.575824
vt 0.705203 0.575961
vt 0.708892 0.575929
vt 0.712667 0.575970
vt 0.682690 0.576338
vt 0.686469 0.576362
vt 0.690158 0.576322
vt 0.693910 0.576453
vt 0.698732 0.514258
vt 0.702510 0.513956
vt 0.706270 0.514109
vt 0.710016 0.514087
vt 0.713898 0.514145
vt 0.687285 0.514464
vt 0.683423 0.514444
vt 0.691103 0.514434
vt 0.694929 0.514575
vt 0.729882 0.576187
vt 0.730462 0.514377
vt 0.726118 0.576529
vt 0.726666 0.514724
vt 0.722370 0.576425
vt 0.722843 0.514612
vt 0.719030 0.514672
vt 0.718686 0.576491
vt 0.715172 0.514682
vt 0.714912 0.576494
vt 0.741732 0.514119
vt 0.744850 0.575913
vt 0.745611 0.514147
vt 0.741079 0.575899
vt 0.737395 0.575957
vt 0.737991 0.514170
vt 0.734234 0.514046
vt 0.733646 0.575848
vt 0.729484 0.637115
vt 0.725766 0.637460
vt 0.722062 0.637364
vt 0.718422 0.637435
vt 0.714693 0.637443
vt 0.740547 0.636805
vt 0.744274 0.636809
vt 0.736907 0.636871
vt 0.733203 0.636771
vt 0.729230 0.697449
vt 0.725542 0.697801
vt 0.721867 0.697714
vt 0.718255 0.697793
vt 0.714555 0.697809
vt 0.740205 0.697111
vt 0.743902 0.697103
vt 0.736594 0.697187
vt 0.732919 0.697098
vt 0.011434 0.751729
vt 0.014969 0.692103
vt 0.011333 0.692460
vt 0.015071 0.751361
vt 0.007808 0.751664
vt 0.007709 0.692384
vt 0.004148 0.692472
vt 0.004246 0.751761
vt 0.000500 0.692495
vt 0.000596 0.751793
vt 0.025787 0.691736
vt 0.029539 0.750925
vt 0.029431 0.691714
vt 0.025892 0.750959
vt 0.022227 0.691822
vt 0.022331 0.751058
vt 0.018604 0.691746
vt 0.018707 0.750993
vt 0.011695 0.811154
vt 0.015348 0.810775
vt 0.008051 0.811097
vt 0.004471 0.811204
vt 0.000804 0.811243
vt 0.029886 0.810291
vt 0.026222 0.810339
vt 0.022643 0.810449
vt 0.019001 0.810394
vt 0.012088 0.871003
vt 0.015776 0.870613
vt 0.008409 0.870952
vt 0.004795 0.871066
vt 0.001093 0.871111
vt 0.030454 0.870088
vt 0.026754 0.870147
vt 0.023142 0.870267
vt 0.019464 0.870220
vt 0.016247 0.931197
vt 0.012559 0.931588
vt 0.008876 0.931534
vt 0.005212 0.931650
vt 0.001412 0.931691
vt 0.027439 0.930708
vt 0.031216 0.930631
vt 0.023706 0.930833
vt 0.019959 0.930791
vt 0.016862 0.994771
vt 0.012896 0.994552
vt 0.009050 0.993997
vt 0.005316 0.993452
vt 0.001461 0.993224
vt 0.028705 0.993187
vt 0.032506 0.992874
vt 0.024841 0.993834
vt 0.020877 0.994474
vt 0.054262 0.935577
vt 0.051833 0.999500
vt 0.055839 0.999161
vt 0.050559 0.936019
vt 0.059790 0.998481
vt 0.058003 0.935583
vt 0.063642 0.997795
vt 0.061730 0.935422
vt 0.067434 0.997443
vt 0.065501 0.935308
vt 0.040288 0.998302
vt 0.035746 0.936657
vt 0.036435 0.998114
vt 0.039542 0.936578
vt 0.044022 0.998807
vt 0.043200 0.936426
vt 0.047869 0.999322
vt 0.046879 0.936445
vt 0.053218 0.875094
vt 0.049538 0.875515
vt 0.056892 0.875112
vt 0.060499 0.874964
vt 0.064193 0.874876
vt 0.034873 0.876129
vt 0.038572 0.876055
vt 0.042181 0.875913
vt 0.045857 0.875934
vt 0.052354 0.815344
vt 0.048708 0.815743
vt 0.055994 0.815380
vt 0.059567 0.815252
vt 0.063226 0.815185
vt 0.037841 0.816230
vt 0.034176 0.816289
vt 0.041418 0.816104
vt 0.045059 0.816142
vt 0.048204 0.756378
vt 0.051837 0.756002
vt 0.055460 0.756059
vt 0.059018 0.755954
vt 0.062660 0.755911
vt 0.037384 0.756801
vt 0.033734 0.756841
vt 0.040945 0.756696
vt 0.044570 0.756753
vt 0.048074 0.697133
vt 0.051710 0.696781
vt 0.055333 0.696862
vt 0.058893 0.696779
vt 0.062536 0.696763
vt 0.037251 0.697491
vt 0.033601 0.697511
vt 0.040813 0.697407
vt 0.044438 0.697487
vt 0.051972 0.637417
vt 0.048319 0.637749
vt 0.055611 0.637520
vt 0.059187 0.637459
vt 0.062846 0.637466
vt 0.033781 0.638048
vt 0.037447 0.638047
vt 0.041024 0.637983
vt 0.044664 0.638083
vt 0.052570 0.577675
vt 0.048884 0.577993
vt 0.056238 0.577796
vt 0.059844 0.577752
vt 0.063535 0.577778
vt 0.034227 0.578231
vt 0.037922 0.578245
vt 0.041529 0.578196
vt 0.045198 0.578313
vt 0.053416 0.517316
vt 0.049684 0.517626
vt 0.057130 0.517452
vt 0.060781 0.517420
vt 0.064517 0.517461
vt 0.034847 0.517824
vt 0.038587 0.517848
vt 0.042239 0.517808
vt 0.045952 0.517939
vt 0.050724 0.456380
vt 0.054464 0.456081
vt 0.058186 0.456232
vt 0.061893 0.456211
vt 0.065736 0.456268
vt 0.039395 0.456584
vt 0.035572 0.456564
vt 0.043174 0.456554
vt 0.046961 0.456694
vt 0.051833 0.392054
vt 0.055838 0.392385
vt 0.059712 0.393052
vt 0.063473 0.393704
vt 0.067366 0.394040
vt 0.039808 0.393336
vt 0.035953 0.393551
vt 0.043735 0.392787
vt 0.047762 0.392247
vt 0.012510 0.451896
vt 0.016862 0.387283
vt 0.012797 0.387508
vt 0.016267 0.451553
vt 0.008778 0.388080
vt 0.008726 0.451785
vt 0.004859 0.388660
vt 0.004952 0.451845
vt 0.001011 0.388905
vt 0.001134 0.451854
vt 0.028504 0.388839
vt 0.031260 0.451325
vt 0.032396 0.389144
vt 0.027421 0.451297
vt 0.023718 0.451348
vt 0.024742 0.388217
vt 0.020000 0.451226
vt 0.020866 0.387582
vt 0.011967 0.513066
vt 0.015693 0.512727
vt 0.008258 0.512963
vt 0.004612 0.513028
vt 0.000877 0.513031
vt 0.030507 0.512456
vt 0.026775 0.512442
vt 0.023128 0.512500
vt 0.019418 0.512392
vt 0.015299 0.573029
vt 0.011619 0.573371
vt 0.007953 0.573276
vt 0.004350 0.573347
vt 0.000659 0.573355
vt 0.026248 0.572723
vt 0.029936 0.572726
vt 0.022645 0.572789
vt 0.018979 0.572689
vt 0.015048 0.632744
vt 0.011397 0.633092
vt 0.007760 0.633006
vt 0.004185 0.633085
vt 0.000523 0.633100
vt 0.025909 0.632409
vt 0.029568 0.632401
vt 0.022335 0.632485
vt 0.018698 0.632397
vt 0.758681 0.817670
vt 0.762251 0.757424
vt 0.758578 0.757785
vt 0.762355 0.817298
vt 0.755017 0.817603
vt 0.754916 0.757709
vt 0.751318 0.757798
vt 0.751417 0.817702
vt 0.747632 0.757821
vt 0.747730 0.817734
vt 0.773182 0.757054
vt 0.776973 0.816857
vt 0.776864 0.757032
vt 0.773289 0.816892
vt 0.769585 0.757141
vt 0.769691 0.816992
vt 0.765924 0.757064
vt 0.766028 0.816926
vt 0.758944 0.877712
vt 0.762635 0.877328
vt 0.755262 0.877654
vt 0.751644 0.877762
vt 0.747940 0.877801
vt 0.777323 0.876840
vt 0.773621 0.876888
vt 0.770006 0.876999
vt 0.766325 0.876944
vt 0.759341 0.938182
vt 0.763067 0.937788
vt 0.755624 0.938130
vt 0.751972 0.938245
vt 0.748231 0.938290
vt 0.777898 0.937257
vt 0.774159 0.937317
vt 0.770509 0.937438
vt 0.766793 0.937391
vt 0.763543 0.999000
vt 0.759817 0.999395
vt 0.756096 0.999341
vt 0.752394 0.999458
vt 0.748553 0.999500
vt 0.774851 0.998506
vt 0.778668 0.998429
vt 0.771079 0.998633
vt 0.767294 0.998590
vt 0.669205 0.998409
vt 0.668150 0.937301
vt 0.665463 0.998855
vt 0.664432 0.937726
vt 0.671862 0.937318
vt 0.672985 0.998415
vt 0.676750 0.998252
vt 0.675506 0.937169
vt 0.680560 0.998138
vt 0.679238 0.937080
vt 0.654333 0.999421
vt 0.649616 0.938346
vt 0.650497 0.999500
vt 0.653353 0.938272
vt 0.658029 0.999267
vt 0.657000 0.938128
vt 0.661746 0.999286
vt 0.660713 0.938150
vt 0.667278 0.876933
vt 0.663593 0.877337
vt 0.670954 0.876969
vt 0.674565 0.876840
vt 0.678262 0.876772
vt 0.648911 0.877887
vt 0.652614 0.877828
vt 0.656228 0.877701
vt 0.659907 0.877739
vt 0.663084 0.817357
vt 0.666755 0.816977
vt 0.670415 0.817036
vt 0.674010 0.816929
vt 0.677690 0.816886
vt 0.648465 0.817825
vt 0.652152 0.817785
vt 0.655750 0.817679
vt 0.659413 0.817737
vt 0.662954 0.757500
vt 0.666627 0.757144
vt 0.670287 0.757226
vt 0.673884 0.757143
vt 0.677565 0.757126
vt 0.648330 0.757881
vt 0.652018 0.757862
vt 0.655617 0.757777
vt 0.659279 0.757857
vt 0.663200 0.697502
vt 0.666892 0.697166
vt 0.670568 0.697271
vt 0.674180 0.697209
vt 0.677878 0.697216
vt 0.648512 0.697804
vt 0.652216 0.697803
vt 0.655831 0.697738
vt 0.659508 0.697840
vt 0.663771 0.637128
vt 0.667495 0.636806
vt 0.671201 0.636929
vt 0.674845 0.636885
vt 0.678574 0.636911
vt 0.648963 0.637369
vt 0.652697 0.637383
vt 0.656341 0.637333
vt 0.660048 0.637452
vt 0.664580 0.576137
vt 0.668351 0.575824
vt 0.672102 0.575961
vt 0.675791 0.575929
vt 0.679566 0.575970
vt 0.649590 0.576337
vt 0.653368 0.576361
vt 0.657057 0.576321
vt 0.660809 0.576453
vt 0.665631 0.514258
vt 0.669409 0.513956
vt 0.673169 0.514109
vt 0.676915 0.514087
vt 0.680798 0.514145
vt 0.654184 0.514464
vt 0.650322 0.514444
vt 0.658002 0.514434
vt 0.661828 0.514575
vt 0.759219 0.576530
vt 0.763563 0.514378
vt 0.759767 0.514724
vt 0.762983 0.576187
vt 0.755471 0.576425
vt 0.755944 0.514613
vt 0.751787 0.576491
vt 0.752131 0.514672
vt 0.748013 0.576494
vt 0.748273 0.514682
vt 0.774833 0.514119
vt 0.777951 0.575913
vt 0.778712 0.514147
vt 0.774180 0.575899
vt 0.771092 0.514170
vt 0.770495 0.575958
vt 0.767334 0.514047
vt 0.766747 0.575847
vt 0.762585 0.637115
vt 0.758867 0.637460
vt 0.755163 0.637364
vt 0.751522 0.637436
vt 0.747794 0.637444
vt 0.773648 0.636805
vt 0.777375 0.636809
vt 0.770008 0.636872
vt 0.766304 0.636772
vt 0.762331 0.697449
vt 0.758643 0.697801
vt 0.754968 0.697714
vt 0.751356 0.697794
vt 0.747656 0.697809
vt 0.773306 0.697111
vt 0.777003 0.697103
vt 0.769695 0.697187
vt 0.766020 0.697098
vt 0.872264 0.668056
vt 0.897971 0.677412
vt 0.899621 0.668056
vt 0.893220 0.685640
vt 0.885942 0.691747
vt 0.877014 0.694997
vt 0.867513 0.694997
vt 0.858585 0.691748
vt 0.851307 0.685641
vt 0.846556 0.677412
vt 0.844906 0.668056
vt 0.846556 0.658699
vt 0.851307 0.650470
vt 0.858585 0.644363
vt 0.867513 0.641114
vt 0.877014 0.641114
vt 0.885942 0.644364
vt 0.893220 0.650471
vt 0.897971 0.658699
vt 0.926978 0.668056
vt 0.923678 0.686769
vt 0.914177 0.703225
vt 0.899621 0.715439
vt 0.881765 0.721938
vt 0.862763 0.721938
vt 0.844907 0.715440
vt 0.830350 0.703226
vt 0.820849 0.686770
vt 0.817549 0.668056
vt 0.820848 0.649342
vt 0.830350 0.632885
vt 0.844906 0.620671
vt 0.862763 0.614172
vt 0.881765 0.614172
vt 0.899621 0.620672
vt 0.914178 0.632886
vt 0.923678 0.649343
vt 0.954334 0.668057
vt 0.949384 0.696126
vt 0.935133 0.720809
vt 0.913300 0.739130
vt 0.886516 0.748879
vt 0.858014 0.748880
vt 0.831229 0.739132
vt 0.809394 0.720812
vt 0.795141 0.696127
vt 0.790191 0.668057
vt 0.795140 0.639986
vt 0.809392 0.615300
vt 0.831228 0.596978
vt 0.858013 0.587229
vt 0.886516 0.587230
vt 0.913301 0.596980
vt 0.935135 0.615302
vt 0.949385 0.639987
vt 0.005229 0.118284
vt 0.005229 0.219267
vt 0.033732 0.118284
vt 0.033732 0.219267
vt 0.062235 0.118284
vt 0.062235 0.219267
vt 0.090739 0.118284
vt 0.090739 0.219267
vt 0.119242 0.118284
vt 0.119242 0.219267
vt 0.147745 0.118285
vt 0.147745 0.219267
vt 0.176248 0.118285
vt 0.176248 0.219267
vt 0.204752 0.118285
vt 0.204752 0.219267
vt 0.233255 0.118285
vt 0.233255 0.219267
vt 0.261758 0.118285
vt 0.261758 0.219266
vt 0.290261 0.118285
vt 0.290261 0.219266
vt 0.318764 0.118285
vt 0.318764 0.219266
vt 0.347267 0.118285
vt 0.347267 0.219267
vt 0.375770 0.118285
vt 0.375770 0.219267
vt 0.404273 0.118285
vt 0.404272 0.219267
vt 0.432776 0.118285
vt 0.432776 0.219267
vt 0.461279 0.118285
vt 0.461279 0.219267
vt 0.489782 0.118285
vt 0.489783 0.219267
vt 0.518285 0.118285
vt 0.518285 0.219267
vt 0.267701 0.261035
vt 0.244537 0.229098
vt 0.248905 0.260338
vt 0.274324 0.230154
vt 0.216226 0.238286
vt 0.231009 0.266123
vt 0.216171 0.277681
vt 0.192777 0.256578
vt 0.176985 0.281764
vt 0.206172 0.293611
vt 0.170733 0.310821
vt 0.202210 0.311997
vt 0.204760 0.330630
vt 0.174767 0.340273
vt 0.188616 0.366591
vt 0.213520 0.347270
vt 0.210642 0.386611
vt 0.227441 0.359911
vt 0.244849 0.367020
vt 0.238227 0.397900
vt 0.268013 0.398957
vt 0.263645 0.367717
vt 0.296324 0.389769
vt 0.281541 0.361931
vt 0.296380 0.350374
vt 0.319773 0.371476
vt 0.335564 0.346291
vt 0.306378 0.334444
vt 0.341817 0.317234
vt 0.310340 0.316058
vt 0.307790 0.297425
vt 0.337783 0.287782
vt 0.323934 0.261464
vt 0.299030 0.280785
vt 0.301908 0.241444
vt 0.285109 0.268143
vt 0.261775 0.289116
vt 0.252961 0.288751
vt 0.244546 0.291435
vt 0.237548 0.296844
vt 0.232810 0.304324
vt 0.230902 0.312972
vt 0.232054 0.321749
vt 0.236127 0.329596
vt 0.242628 0.335567
vt 0.250775 0.338939
vt 0.259589 0.339304
vt 0.268004 0.336619
vt 0.275002 0.331211
vt 0.279740 0.323731
vt 0.281648 0.315082
vt 0.280496 0.306306
vt 0.276424 0.298459
vt 0.269922 0.292488
vt 0.805990 0.548692
vt 0.808377 0.573918
vt 0.816860 0.571581
vt 0.824033 0.566483
vt 0.829030 0.559239
vt 0.831248 0.550723
vt 0.830419 0.541962
vt 0.826644 0.534013
vt 0.820377 0.527834
vt 0.812376 0.524171
vt 0.803604 0.523466
vt 0.795120 0.525804
vt 0.787947 0.530902
vt 0.782951 0.538146
vt 0.780733 0.546662
vt 0.781562 0.555423
vt 0.785337 0.563372
vt 0.791603 0.569550
vt 0.799605 0.573213
vt 0.146798 0.259156
vt 0.150345 0.233992
vt 0.138240 0.232823
vt 0.136665 0.258399
vt 0.156747 0.260568
vt 0.162263 0.236134
vt 0.173898 0.239301
vt 0.166355 0.262581
vt 0.185127 0.243615
vt 0.175385 0.265140
vt 0.009701 0.313148
vt 0.029323 0.332288
vt 0.033269 0.323610
vt 0.005229 0.325365
vt 0.038067 0.314858
vt 0.015444 0.301821
vt 0.043641 0.306280
vt 0.022182 0.291183
vt 0.029752 0.281216
vt 0.049897 0.298029
vt 0.038058 0.271931
vt 0.056745 0.290207
vt 0.064089 0.282893
vt 0.047035 0.263369
vt 0.071815 0.276157
vt 0.056638 0.255600
vt 0.066843 0.248734
vt 0.079777 0.270085
vt 0.077614 0.242838
vt 0.087826 0.264931
vt 0.089493 0.238215
vt 0.096842 0.262402
vt 0.106409 0.260349
vt 0.101575 0.235213
vt 0.116344 0.258984
vt 0.113784 0.233390
vt 0.126029 0.232615
vt 0.126474 0.258335
vt 0.144517 0.281289
vt 0.135674 0.280620
vt 0.153344 0.282458
vt 0.162149 0.284043
vt 0.171070 0.285882
vt 0.047576 0.342213
vt 0.051907 0.334501
vt 0.056584 0.326930
vt 0.061685 0.319583
vt 0.067236 0.312524
vt 0.073232 0.305795
vt 0.079647 0.299417
vt 0.086437 0.293385
vt 0.093535 0.287647
vt 0.096561 0.283464
vt 0.100713 0.283206
vt 0.109326 0.281822
vt 0.118045 0.280896
vt 0.126840 0.280487
vt 0.902544 0.827165
vt 0.912171 0.809149
vt 0.899607 0.809339
vt 0.908543 0.826945
vt 0.887999 0.813855
vt 0.896933 0.829542
vt 0.892388 0.833766
vt 0.878630 0.822008
vt 0.872515 0.832817
vt 0.889450 0.839327
vt 0.870321 0.845044
vt 0.888466 0.845571
vt 0.889554 0.851771
vt 0.872298 0.857305
vt 0.878249 0.868206
vt 0.892592 0.857197
vt 0.887563 0.876477
vt 0.897229 0.861189
vt 0.902908 0.863225
vt 0.899279 0.881022
vt 0.908906 0.863006
vt 0.911843 0.880832
vt 0.923451 0.876315
vt 0.914517 0.860629
vt 0.919062 0.856405
vt 0.932820 0.868163
vt 0.922000 0.850844
vt 0.938935 0.857354
vt 0.941129 0.845127
vt 0.922984 0.844600
vt 0.921896 0.838400
vt 0.939153 0.832866
vt 0.918858 0.832974
vt 0.933202 0.821965
vt 0.914222 0.828982
vt 0.923887 0.813694
vt 0.845070 0.872533
vt 0.860475 0.876331
vt 0.862049 0.868938
vt 0.846434 0.866128
vt 0.843301 0.878838
vt 0.858433 0.883608
vt 0.855933 0.890740
vt 0.841134 0.885018
vt 0.835005 0.770207
vt 0.818563 0.775768
vt 0.823001 0.780583
vt 0.829883 0.764649
vt 0.839764 0.776080
vt 0.827124 0.785672
vt 0.830915 0.791012
vt 0.844139 0.782243
vt 0.834359 0.796582
vt 0.848114 0.788672
vt 0.851671 0.795341
vt 0.837441 0.802360
vt 0.854798 0.802223
vt 0.840150 0.808323
vt 0.842474 0.814445
vt 0.857480 0.809289
vt 0.844405 0.820703
vt 0.859708 0.816511
vt 0.861471 0.823861
vt 0.845933 0.827071
vt 0.862764 0.831308
vt 0.847053 0.833523
vt 0.847761 0.840034
vt 0.863581 0.838822
vt 0.848053 0.846576
vt 0.863918 0.846372
vt 0.847929 0.853123
vt 0.863775 0.853929
vt 0.863151 0.861461
vt 0.847388 0.859649
vt 0.912392 0.807923
vt 0.899380 0.808266
vt 0.887443 0.812942
vt 0.877803 0.821332
vt 0.871510 0.832454
vt 0.869253 0.845034
vt 0.871287 0.857649
vt 0.877408 0.868867
vt 0.886975 0.877402
vt 0.899058 0.882247
vt 0.912070 0.881904
vt 0.924007 0.877229
vt 0.933646 0.868839
vt 0.939940 0.857718
vt 0.942197 0.845138
vt 0.940164 0.832522
vt 0.934043 0.821303
vt 0.924476 0.812768
vt 0.912647 0.806475
vt 0.899102 0.806983
vt 0.913065 0.804158
vt 0.898650 0.804864
vt 0.886771 0.811849
vt 0.885665 0.810032
vt 0.876808 0.820526
vt 0.875165 0.819183
vt 0.870304 0.832023
vt 0.868308 0.831302
vt 0.867972 0.845027
vt 0.865850 0.845007
vt 0.870077 0.858068
vt 0.868068 0.858754
vt 0.876404 0.869666
vt 0.874734 0.870983
vt 0.886276 0.878513
vt 0.885114 0.880341
vt 0.898804 0.883694
vt 0.898385 0.886012
vt 0.912347 0.883187
vt 0.912800 0.885307
vt 0.924679 0.878322
vt 0.925785 0.880138
vt 0.934641 0.869645
vt 0.936285 0.870988
vt 0.941146 0.858148
vt 0.943142 0.858869
vt 0.943478 0.845144
vt 0.945601 0.845164
vt 0.941373 0.832103
vt 0.943382 0.831417
vt 0.935047 0.820505
vt 0.936717 0.819188
vt 0.925174 0.811657
vt 0.926337 0.809829
vt 0.627968 0.102484
vt 0.618981 0.060702
vt 0.605479 0.066121
vt 0.633514 0.060123
vt 0.647396 0.064446
vt 0.659030 0.073170
vt 0.667075 0.085291
vt 0.670609 0.099420
vt 0.669221 0.113954
vt 0.663047 0.127256
vt 0.652727 0.137847
vt 0.634589 0.145138
vt 0.648752 0.140585
vt 0.619833 0.144738
vt 0.606123 0.139461
vt 0.595004 0.129928
vt 0.587737 0.117248
vt 0.585146 0.102887
vt 0.587518 0.088503
vt 0.594569 0.075758
vt 0.581853 0.027278
vt 0.609740 0.016216
vt 0.639701 0.015135
vt 0.668273 0.024140
vt 0.692165 0.042171
vt 0.708645 0.067119
vt 0.715863 0.096093
vt 0.713070 0.125765
vt 0.700706 0.152794
vt 0.680365 0.174242
vt 0.669310 0.182164
vt 0.640451 0.190895
vt 0.610306 0.189681
vt 0.582272 0.178566
vt 0.559549 0.158772
vt 0.544748 0.132551
vt 0.539570 0.102915
vt 0.544608 0.073278
vt 0.559269 0.047057
vt 0.271074 0.105778
vt 0.271074 0.014638
vt 0.241535 0.105778
vt 0.241536 0.014638
vt 0.211997 0.105777
vt 0.211997 0.014638
vt 0.182458 0.105777
vt 0.182459 0.014637
vt 0.152920 0.105777
vt 0.152921 0.014637
vt 0.123382 0.105776
vt 0.123383 0.014637
vt 0.093843 0.105776
vt 0.093845 0.014636
vt 0.064305 0.105775
vt 0.064306 0.014636
vt 0.034767 0.105775
vt 0.034768 0.014635
vt 0.005229 0.105775
vt 0.005230 0.014635
vt 0.536923 0.105776
vt 0.536922 0.014634
vt 0.507385 0.105777
vt 0.507383 0.014635
vt 0.477845 0.105777
vt 0.477844 0.014635
vt 0.448306 0.105777
vt 0.448305 0.014636
vt 0.418767 0.105778
vt 0.418766 0.014636
vt 0.389229 0.105778
vt 0.389227 0.014637
vt 0.359690 0.105778
vt 0.359689 0.014637
vt 0.330151 0.105778
vt 0.330150 0.014638
vt 0.300612 0.105778
vt 0.300612 0.014638
vt 0.012547 0.340490
vt 0.008372 0.347382
vt 0.013875 0.343073
vt 0.006223 0.345485
vt 0.004748 0.353367
vt 0.002075 0.352334
vt 0.000500 0.360197
vt 0.003377 0.360271
vt 0.001630 0.368163
vt 0.004379 0.367281
vt 0.005316 0.375329
vt 0.007625 0.373595
vt 0.012744 0.378489
vt 0.011141 0.380881
vt 0.019161 0.381388
vt 0.018459 0.384170
vt 0.026452 0.384771
vt 0.026146 0.381916
vt 0.034205 0.382517
vt 0.032866 0.379932
vt 0.038379 0.375592
vt 0.040532 0.377490
vt 0.042007 0.369628
vt 0.044669 0.370659
vt 0.046235 0.362827
vt 0.043369 0.362756
vt 0.045099 0.354888
vt 0.042358 0.355772
vt 0.041414 0.347739
vt 0.039108 0.349473
vt 0.033988 0.344580
vt 0.035593 0.342190
vt 0.027573 0.341670
vt 0.028281 0.338890
vt 0.020295 0.338267
vt 0.020591 0.341120
vt 0.012205 0.350819
vt 0.016194 0.347670
vt 0.009583 0.355258
vt 0.008620 0.360423
vt 0.009416 0.365693
vt 0.011874 0.370454
vt 0.015710 0.374155
vt 0.020482 0.376357
vt 0.025628 0.376781
vt 0.030514 0.375332
vt 0.034500 0.372136
vt 0.037218 0.367752
vt 0.038155 0.362619
vt 0.037338 0.357370
vt 0.034865 0.352618
vt 0.031018 0.348916
vt 0.026238 0.346701
vt 0.021086 0.346255
vt 0.880365 0.056219
vt 0.866733 0.013719
vt 0.858881 0.055682
vt 0.874619 0.013916
vt 0.910557 0.002457
vt 0.915023 0.004237
vt 0.900355 0.064111
vt 0.933455 0.037147
vt 0.916410 0.078398
vt 0.939347 0.042391
vt 0.926573 0.097334
vt 0.974184 0.056856
vt 0.976445 0.061100
vt 0.969258 0.098129
vt 0.929635 0.116331
vt 0.969905 0.102163
vt 0.925823 0.095181
vt 0.968506 0.094401
vt 0.988382 0.135046
vt 0.987541 0.139780
vt 0.925941 0.137501
vt 0.959030 0.164475
vt 0.915190 0.156109
vt 0.955084 0.171304
vt 0.947950 0.208342
vt 0.898696 0.169885
vt 0.944250 0.211413
vt 0.906534 0.211849
vt 0.899110 0.214514
vt 0.878470 0.177146
vt 0.856980 0.177009
vt 0.869741 0.238182
vt 0.864933 0.238136
vt 0.835858 0.214108
vt 0.836849 0.169488
vt 0.828469 0.211347
vt 0.790761 0.210444
vt 0.820532 0.155503
vt 0.787120 0.207304
vt 0.780445 0.170181
vt 0.810023 0.136758
vt 0.776587 0.163300
vt 0.748384 0.138254
vt 0.747632 0.133505
vt 0.806600 0.115542
vt 0.766516 0.100853
vt 0.810685 0.094444
vt 0.768016 0.093109
vt 0.821776 0.076037
vt 0.765158 0.051660
vt 0.762664 0.055771
vt 0.800665 0.038931
vt 0.806812 0.033988
vt 0.838524 0.062570
vt 0.826846 0.002027
vt 0.831405 0.000500
vt 0.763232 0.256099
vt 0.792074 0.265941
vt 0.793972 0.226978
vt 0.785564 0.223975
vt 0.732285 0.254503
vt 0.748387 0.196412
vt 0.712955 0.219796
vt 0.753439 0.196973
vt 0.704073 0.221725
vt 0.702013 0.261489
vt 0.674318 0.276615
vt 0.657230 0.218036
vt 0.640894 0.256642
vt 0.661833 0.215676
vt 0.656631 0.400607
vt 0.636036 0.431065
vt 0.669189 0.424106
vt 0.632739 0.424178
vt 0.687826 0.443762
vt 0.642484 0.470890
vt 0.679118 0.477479
vt 0.639617 0.467478
vt 0.685925 0.481624
vt 0.711251 0.457567
vt 0.738013 0.464531
vt 0.713458 0.512445
vt 0.748677 0.498381
vt 0.709140 0.511043
vt 0.756799 0.498293
vt 0.765724 0.463832
vt 0.792623 0.455421
vt 0.797228 0.510096
vt 0.820099 0.478942
vt 0.792737 0.511211
vt 0.816210 0.439874
vt 0.827075 0.474486
vt 0.868400 0.462892
vt 0.834936 0.418095
vt 0.865119 0.466278
vt 0.871380 0.423620
vt 0.875010 0.416005
vt 0.846950 0.391932
vt 0.851400 0.363001
vt 0.904494 0.383695
vt 0.885894 0.348127
vt 0.903482 0.388393
vt 0.847681 0.333898
vt 0.884926 0.339585
vt 0.835929 0.306480
vt 0.893001 0.295746
vt 0.857738 0.275018
vt 0.894659 0.300354
vt 0.852295 0.268153
vt 0.817021 0.283317
vt 0.835641 0.225889
vt 0.839559 0.228980
vt 0.758413 0.280733
vt 0.780848 0.288142
vt 0.734531 0.279775
vt 0.711078 0.285470
vt 0.689684 0.297728
vt 0.677272 0.392655
vt 0.687067 0.411332
vt 0.701632 0.426387
vt 0.719903 0.436912
vt 0.740593 0.442051
vt 0.762068 0.441301
vt 0.782732 0.434589
vt 0.800899 0.422360
vt 0.815150 0.405413
vt 0.824266 0.385043
vt 0.827452 0.362703
vt 0.824350 0.340172
vt 0.815059 0.319137
vt 0.800227 0.301325
vt 0.791517 0.697260
vt 0.787543 0.719331
vt 0.794173 0.718395
vt 0.784861 0.697994
vt 0.789507 0.676055
vt 0.782831 0.676585
vt 0.788143 0.654798
vt 0.781455 0.655125
vt 0.787428 0.633510
vt 0.780733 0.633632
vt 0.896355 0.995917
vt 0.885233 0.977791
vt 0.879482 0.981200
vt 0.890711 0.999500
vt 0.874669 0.959333
vt 0.868816 0.962566
vt 0.864671 0.940562
vt 0.858723 0.943615
vt 0.855248 0.921494
vt 0.849209 0.924365
vt 0.846408 0.902145
vt 0.840283 0.904832
vt 0.838155 0.882532
vt 0.831951 0.885033
vt 0.830499 0.862674
vt 0.824220 0.864987
vt 0.823447 0.842590
vt 0.817100 0.844711
vt 0.817005 0.822298
vt 0.810596 0.824226
vt 0.811181 0.801818
vt 0.804715 0.803551
vt 0.805981 0.781169
vt 0.799465 0.782705
vt 0.801409 0.760369
vt 0.794849 0.761707
vt 0.797472 0.739438
vt 0.790874 0.740576
vt 0.404316 0.293855
vt 0.398071 0.230754
vt 0.377353 0.236464
vt 0.359732 0.248766
vt 0.347232 0.266248
vt 0.341289 0.286900
vt 0.340965 0.296589
vt 0.345517 0.317592
vt 0.356823 0.335869
vt 0.373584 0.349319
vt 0.393875 0.356399
vt 0.415365 0.356294
vt 0.435586 0.349017
vt 0.452215 0.335404
vt 0.463342 0.317018
vt 0.467689 0.295972
vt 0.464756 0.274682
vt 0.454881 0.255595
vt 0.439197 0.240903
vt 0.419507 0.232293
vt 0.797114 0.217081
vt 0.789480 0.214284
vt 0.710342 0.209552
vt 0.702242 0.211247
vt 0.632645 0.250318
vt 0.627594 0.434515
vt 0.674580 0.485564
vt 0.680749 0.489391
vt 0.749115 0.507819
vt 0.756512 0.507800
vt 0.825567 0.486868
vt 0.831954 0.482862
vt 0.880382 0.427525
vt 0.883745 0.420617
vt 0.895784 0.346650
vt 0.894967 0.338863
vt 0.865494 0.268408
vt 0.860589 0.262115
vt 0.624687 0.427908
vt 0.777988 0.293959
vt 0.757250 0.287175
vt 0.735196 0.286355
vt 0.713572 0.291684
vt 0.694035 0.303011
vt 0.691716 0.407968
vt 0.682776 0.390862
vt 0.705184 0.421820
vt 0.722081 0.431493
vt 0.741200 0.436187
vt 0.761029 0.435440
vt 0.780095 0.429191
vt 0.796840 0.417852
vt 0.809959 0.402167
vt 0.818325 0.383332
vt 0.821212 0.362695
vt 0.818291 0.341897
vt 0.809659 0.322494
vt 0.795916 0.306084
vt 0.960107 0.664746
vt 0.963424 0.710964
vt 0.962090 0.664819
vt 0.961458 0.710964
vt 0.982917 0.711003
vt 0.983789 0.663383
vt 0.981805 0.663455
vt 0.984930 0.711005
vt 0.980976 0.711004
vt 0.979835 0.663525
vt 0.979040 0.711005
vt 0.977868 0.663593
vt 0.977089 0.711005
vt 0.975894 0.663661
vt 0.973917 0.663729
vt 0.975120 0.711004
vt 0.971938 0.663909
vt 0.973150 0.711006
vt 0.969965 0.664089
vt 0.971198 0.711003
vt 0.968002 0.664269
vt 0.969264 0.710993
vt 0.966040 0.664451
vt 0.967335 0.710981
vt 0.964068 0.664634
vt 0.965398 0.710970
vt 0.962171 0.756451
vt 0.960190 0.756346
vt 0.983648 0.757570
vt 0.981651 0.757472
vt 0.979689 0.757371
vt 0.977737 0.757270
vt 0.975782 0.757168
vt 0.973822 0.757067
vt 0.971869 0.756968
vt 0.969931 0.756866
vt 0.968005 0.756762
vt 0.966076 0.756658
vt 0.964130 0.756554
vt 0.956723 0.801788
vt 0.958700 0.801926
vt 0.980386 0.804000
vt 0.978359 0.803930
vt 0.976362 0.803901
vt 0.974362 0.803869
vt 0.972360 0.803793
vt 0.970362 0.803646
vt 0.968380 0.803420
vt 0.966425 0.803124
vt 0.964494 0.802785
vt 0.962573 0.802445
vt 0.960644 0.802148
vt 0.954053 0.826515
vt 0.956072 0.826775
vt 0.977242 0.829468
vt 0.975239 0.829187
vt 0.973295 0.828907
vt 0.971390 0.828636
vt 0.969498 0.828377
vt 0.967611 0.828131
vt 0.965726 0.827898
vt 0.963843 0.827677
vt 0.961953 0.827463
vt 0.960033 0.827248
vt 0.958067 0.827019
vt 0.950882 0.848437
vt 0.946865 0.872014
vt 0.952871 0.848841
vt 0.948877 0.872598
vt 0.972137 0.851488
vt 0.967935 0.875287
vt 0.974105 0.852065
vt 0.969865 0.876138
vt 0.970255 0.850839
vt 0.966193 0.874262
vt 0.968394 0.850208
vt 0.964490 0.873274
vt 0.966517 0.849683
vt 0.962705 0.872498
vt 0.964613 0.849305
vt 0.960820 0.872005
vt 0.962689 0.849093
vt 0.958884 0.871826
vt 0.960754 0.849029
vt 0.956950 0.871948
vt 0.958811 0.849068
vt 0.955024 0.872296
vt 0.956851 0.849116
vt 0.953051 0.872668
vt 0.954865 0.849063
vt 0.950985 0.872814
vt 0.940359 0.900647
vt 0.932196 0.949530
vt 0.942389 0.901258
vt 0.930048 0.949206
vt 0.953227 0.954425
vt 0.965532 0.905698
vt 0.963507 0.904880
vt 0.955389 0.954606
vt 0.951044 0.954355
vt 0.961569 0.903906
vt 0.948861 0.954288
vt 0.959607 0.902913
vt 0.946684 0.954115
vt 0.957548 0.902062
vt 0.955385 0.901477
vt 0.944532 0.953760
vt 0.953162 0.901206
vt 0.942425 0.953197
vt 0.950940 0.901220
vt 0.940372 0.952460
vt 0.948763 0.901399
vt 0.938359 0.951624
vt 0.946623 0.901566
vt 0.936348 0.950793
vt 0.944494 0.901554
vt 0.934299 0.950070
vt 0.924765 0.987601
vt 0.922594 0.987504
vt 0.946059 0.992566
vt 0.943904 0.992942
vt 0.941849 0.993665
vt 0.939803 0.994387
vt 0.937671 0.994771
vt 0.935514 0.994608
vt 0.933493 0.993850
vt 0.931726 0.992606
vt 0.930177 0.991093
vt 0.928621 0.989576
vt 0.926829 0.988332
vt 0.959861 0.617289
vt 0.960106 0.664748
vt 0.957844 0.617367
vt 0.979522 0.616509
vt 0.981510 0.616439
vt 0.977592 0.616576
vt 0.975659 0.616645
vt 0.973706 0.616716
vt 0.971730 0.616790
vt 0.969746 0.616863
vt 0.967775 0.616943
vt 0.965815 0.617027
vt 0.963855 0.617116
vt 0.961881 0.617204
vt 0.958554 0.570550
vt 0.956510 0.570593
vt 0.978356 0.570162
vt 0.980364 0.570133
vt 0.976385 0.570195
vt 0.974420 0.570231
vt 0.972446 0.570268
vt 0.970463 0.570304
vt 0.968480 0.570340
vt 0.966507 0.570379
vt 0.964541 0.570422
vt 0.962567 0.570465
vt 0.960570 0.570507
vt 0.955928 0.523514
vt 0.957984 0.523553
vt 0.978149 0.523331
vt 0.980181 0.523447
vt 0.976144 0.523177
vt 0.974131 0.523024
vt 0.972105 0.522915
vt 0.970070 0.522877
vt 0.968038 0.522921
vt 0.966020 0.523040
vt 0.964016 0.523206
vt 0.962016 0.523376
vt 0.960008 0.523503
vt 0.956065 0.497519
vt 0.958192 0.497536
vt 0.980011 0.497777
vt 0.977980 0.497778
vt 0.976000 0.497786
vt 0.974054 0.497792
vt 0.972115 0.497789
vt 0.970176 0.497773
vt 0.968234 0.497745
vt 0.966289 0.497706
vt 0.964332 0.497658
vt 0.962337 0.497609
vt 0.960284 0.497566
vt 0.957144 0.449250
vt 0.956411 0.474287
vt 0.958534 0.474241
vt 0.959326 0.449100
vt 0.979114 0.450560
vt 0.978507 0.475087
vt 0.980568 0.474871
vt 0.981219 0.450134
vt 0.977154 0.451204
vt 0.976514 0.475393
vt 0.975239 0.451823
vt 0.974538 0.475688
vt 0.973283 0.452216
vt 0.972560 0.475876
vt 0.971284 0.452305
vt 0.970576 0.475913
vt 0.968594 0.475780
vt 0.969297 0.452067
vt 0.966622 0.475495
vt 0.967372 0.451526
vt 0.965502 0.450754
vt 0.964653 0.475102
vt 0.963584 0.449947
vt 0.962663 0.474694
vt 0.960622 0.474382
vt 0.961518 0.449345
vt 0.957329 0.418630
vt 0.961600 0.367414
vt 0.959360 0.367182
vt 0.959530 0.418513
vt 0.983914 0.367955
vt 0.981607 0.420036
vt 0.983826 0.419714
vt 0.986120 0.368333
vt 0.981716 0.367460
vt 0.979436 0.420536
vt 0.979517 0.366962
vt 0.977234 0.421051
vt 0.977297 0.366573
vt 0.974967 0.421404
vt 0.972658 0.421465
vt 0.975052 0.366372
vt 0.972798 0.366389
vt 0.970362 0.421197
vt 0.968134 0.420642
vt 0.970552 0.366596
vt 0.965988 0.419932
vt 0.968320 0.366912
vt 0.963874 0.419241
vt 0.966089 0.367224
vt 0.961726 0.418731
vt 0.963848 0.367418
vt 0.964197 0.327333
vt 0.961998 0.326857
vt 0.986801 0.327982
vt 0.984748 0.327039
vt 0.982888 0.325775
vt 0.981035 0.324514
vt 0.979009 0.323568
vt 0.976812 0.323161
vt 0.974588 0.323386
vt 0.972490 0.324162
vt 0.970539 0.325266
vt 0.968581 0.326374
vt 0.966457 0.327145
vt 0.071430 0.446600
vt 0.071430 0.489131
vt 0.092696 0.489131
vt 0.092696 0.446600
vt 0.113961 0.489131
vt 0.113961 0.446600
vt 0.135226 0.489131
vt 0.135226 0.446600
vt 0.156492 0.489131
vt 0.156492 0.446600
vt 0.177757 0.489131
vt 0.177757 0.446600
vt 0.199023 0.489131
vt 0.199023 0.446600
vt 0.220288 0.489131
vt 0.220288 0.446600
vt 0.241553 0.489131
vt 0.241553 0.446600
vt 0.262819 0.489131
vt 0.262819 0.446600
vt 0.284084 0.489131
vt 0.284084 0.446600
vt 0.305349 0.489131
vt 0.305349 0.446600
vt 0.326615 0.489131
vt 0.326615 0.446600
vt 0.347880 0.489131
vt 0.347880 0.446600
vt 0.369145 0.489131
vt 0.369145 0.446600
vt 0.390411 0.489131
vt 0.390411 0.446600
vt 0.411676 0.489131
vt 0.411676 0.446600
vt 0.432941 0.489131
vt 0.432941 0.446600
vt 0.454207 0.489131
vt 0.454207 0.446600
vt 0.475472 0.489131
vt 0.475472 0.446600
vt 0.496738 0.489131
vt 0.496738 0.446600
vt 0.518003 0.489131
vt 0.518003 0.446600
vt 0.539268 0.489131
vt 0.539268 0.446600
vt 0.560534 0.489131
vt 0.560534 0.446600
vt 0.581799 0.489131
vt 0.581799 0.446600
vt 0.603064 0.489131
vt 0.603064 0.446600
vt 0.624330 0.489131
vt 0.624330 0.446600
vt 0.645595 0.489131
vt 0.092696 0.531662
vt 0.071430 0.531662
vt 0.113961 0.531662
vt 0.135226 0.531662
vt 0.156492 0.531662
vt 0.177757 0.531662
vt 0.199023 0.531662
vt 0.220288 0.531662
vt 0.241553 0.531662
vt 0.262819 0.531662
vt 0.284084 0.531662
vt 0.305349 0.531662
vt 0.326615 0.531662
vt 0.347880 0.531662
vt 0.369145 0.531662
vt 0.390411 0.531662
vt 0.411676 0.531662
vt 0.432941 0.531662
vt 0.454207 0.531662
vt 0.475472 0.531662
vt 0.496738 0.531662
vt 0.518003 0.531662
vt 0.539268 0.531662
vt 0.560534 0.531662
vt 0.581799 0.531662
vt 0.603064 0.531662
vt 0.624330 0.531662
vt 0.645595 0.531662
vt 0.071430 0.574193
vt 0.092696 0.574193
vt 0.113961 0.574193
vt 0.135226 0.574193
vt 0.156492 0.574193
vt 0.177757 0.574193
vt 0.199023 0.574193
vt 0.220288 0.574193
vt 0.241553 0.574193
vt 0.262819 0.574193
vt 0.284084 0.574193
vt 0.305349 0.574193
vt 0.326615 0.574193
vt 0.347880 0.574193
vt 0.369145 0.574193
vt 0.390411 0.574193
vt 0.411676 0.574193
vt 0.432941 0.574193
vt 0.454207 0.574193
vt 0.475472 0.574193
vt 0.496738 0.574193
vt 0.518003 0.574193
vt 0.539268 0.574193
vt 0.560534 0.574193
vt 0.581799 0.574193
vt 0.603064 0.574193
vt 0.624330 0.574193
vt 0.645595 0.574193
vt 0.071430 0.616723
vt 0.092696 0.616723
vt 0.113961 0.616723
vt 0.135226 0.616723
vt 0.156492 0.616723
vt 0.177757 0.616723
vt 0.199023 0.616723
vt 0.220288 0.616723
vt 0.241553 0.616723
vt 0.262819 0.616723
vt 0.284084 0.616723
vt 0.305349 0.616723
vt 0.326615 0.616723
vt 0.347880 0.616723
vt 0.369145 0.616723
vt 0.390411 0.616723
vt 0.411676 0.616723
vt 0.432941 0.616723
vt 0.454207 0.616723
vt 0.475472 0.616723
vt 0.496738 0.616723
vt 0.518003 0.616723
vt 0.539268 0.616723
vt 0.560534 0.616723
vt 0.581799 0.616723
vt 0.603064 0.616723
vt 0.624330 0.616723
vt 0.645595 0.616723
vt 0.071430 0.659254
vt 0.092696 0.659254
vt 0.113961 0.659254
vt 0.135226 0.659254
vt 0.156492 0.659254
vt 0.177757 0.659254
vt 0.199023 0.659254
vt 0.220288 0.659254
vt 0.241553 0.659254
vt 0.262819 0.659254
vt 0.284084 0.659254
vt 0.305349 0.659254
vt 0.326615 0.659254
vt 0.347880 0.659254
vt 0.369145 0.659254
vt 0.390411 0.659254
vt 0.411676 0.659254
vt 0.432941 0.659254
vt 0.454207 0.659254
vt 0.475472 0.659254
vt 0.496738 0.659254
vt 0.518003 0.659254
vt 0.539268 0.659254
vt 0.560534 0.659254
vt 0.581799 0.659254
vt 0.603064 0.659254
vt 0.624330 0.659254
vt 0.645595 0.659254
vt 0.071430 0.701785
vt 0.092696 0.701785
vt 0.113961 0.701785
vt 0.135226 0.701785
vt 0.156492 0.701785
vt 0.177757 0.701785
vt 0.199023 0.701785
vt 0.220288 0.701785
vt 0.241553 0.701785
vt 0.262819 0.701785
vt 0.284084 0.701785
vt 0.305349 0.701785
vt 0.326615 0.701785
vt 0.347880 0.701785
vt 0.369145 0.701785
vt 0.390411 0.701785
vt 0.411676 0.701785
vt 0.432941 0.701785
vt 0.454207 0.701785
vt 0.475472 0.701785
vt 0.496738 0.701785
vt 0.518003 0.701785
vt 0.539268 0.701785
vt 0.560534 0.701785
vt 0.581799 0.701785
vt 0.603064 0.701785
vt 0.624330 0.701785
vt 0.645595 0.701785
vt 0.071430 0.744316
vt 0.092696 0.744316
vt 0.113961 0.744316
vt 0.135226 0.744316
vt 0.156492 0.744316
vt 0.177757 0.744316
vt 0.199023 0.744316
vt 0.220288 0.744316
vt 0.241553 0.744316
vt 0.262819 0.744316
vt 0.284084 0.744316
vt 0.305349 0.744316
vt 0.326615 0.744316
vt 0.347880 0.744316
vt 0.369145 0.744316
vt 0.390411 0.744316
vt 0.411676 0.744316
vt 0.432941 0.744316
vt 0.454207 0.744316
vt 0.475472 0.744316
vt 0.496738 0.744316
vt 0.518003 0.744316
vt 0.539268 0.744316
vt 0.560534 0.744316
vt 0.581799 0.744316
vt 0.603064 0.744316
vt 0.624330 0.744316
vt 0.645595 0.744316
vt 0.092696 0.786846
vt 0.071430 0.786846
vt 0.113961 0.786846
vt 0.135226 0.786846
vt 0.156492 0.786846
vt 0.177757 0.786846
vt 0.199023 0.786846
vt 0.220288 0.786846
vt 0.241553 0.786846
vt 0.262819 0.786846
vt 0.284084 0.786846
vt 0.305349 0.786846
vt 0.326615 0.786846
vt 0.347880 0.786846
vt 0.369145 0.786846
vt 0.390411 0.786846
vt 0.411676 0.786846
vt 0.432941 0.786846
vt 0.454207 0.786846
vt 0.475472 0.786846
vt 0.496738 0.786846
vt 0.518003 0.786846
vt 0.539268 0.786846
vt 0.560534 0.786846
vt 0.581799 0.786846
vt 0.603064 0.786846
vt 0.624330 0.786846
vt 0.645595 0.786846
vt 0.092696 0.829377
vt 0.071430 0.829377
vt 0.113961 0.829377
vt 0.135226 0.829377
vt 0.156492 0.829377
vt 0.177757 0.829377
vt 0.199023 0.829377
vt 0.220288 0.829377
vt 0.241553 0.829377
vt 0.262819 0.829377
vt 0.284084 0.829377
vt 0.305349 0.829377
vt 0.326615 0.829377
vt 0.347880 0.829377
vt 0.369145 0.829377
vt 0.390411 0.829377
vt 0.411676 0.829377
vt 0.432941 0.829377
vt 0.454207 0.829377
vt 0.475472 0.829377
vt 0.496738 0.829377
vt 0.518003 0.829377
vt 0.539268 0.829377
vt 0.560534 0.829377
vt 0.581799 0.829377
vt 0.603064 0.829377
vt 0.624330 0.829377
vt 0.645595 0.829377
vt 0.092696 0.871908
vt 0.071430 0.871908
vt 0.113961 0.871908
vt 0.135226 0.871908
vt 0.156492 0.871908
vt 0.177757 0.871908
vt 0.199023 0.871908
vt 0.220288 0.871908
vt 0.241553 0.871908
vt 0.262819 0.871908
vt 0.284084 0.871908
vt 0.305349 0.871908
vt 0.326615 0.871908
vt 0.347880 0.871908
vt 0.369145 0.871908
vt 0.390411 0.871908
vt 0.411676 0.871908
vt 0.432941 0.871908
vt 0.454207 0.871908
vt 0.475472 0.871908
vt 0.496738 0.871908
vt 0.518003 0.871908
vt 0.539268 0.871908
vt 0.560534 0.871908
vt 0.581799 0.871908
vt 0.603064 0.871908
vt 0.624330 0.871908
vt 0.645595 0.871908
vt 0.092696 0.914439
vt 0.071430 0.914439
vt 0.113961 0.914439
vt 0.135226 0.914439
vt 0.156492 0.914439
vt 0.177757 0.914439
vt 0.199023 0.914439
vt 0.220288 0.914439
vt 0.241553 0.914439
vt 0.262819 0.914439
vt 0.284084 0.914439
vt 0.305349 0.914439
vt 0.326615 0.914439
vt 0.347880 0.914439
vt 0.369145 0.914439
vt 0.390411 0.914439
vt 0.411676 0.914439
vt 0.432941 0.914439
vt 0.454207 0.914439
vt 0.475472 0.914439
vt 0.496738 0.914439
vt 0.518003 0.914439
vt 0.539268 0.914439
vt 0.560534 0.914439
vt 0.581799 0.914439
vt 0.603064 0.914439
vt 0.624330 0.914439
vt 0.645595 0.914439
vt 0.092696 0.956969
vt 0.071430 0.956969
vt 0.113961 0.956969
vt 0.135226 0.956969
vt 0.156492 0.956969
vt 0.177757 0.956969
vt 0.199023 0.956969
vt 0.220288 0.956969
vt 0.241553 0.956969
vt 0.262819 0.956969
vt 0.284084 0.956969
vt 0.305349 0.956969
vt 0.326615 0.956969
vt 0.347880 0.956969
vt 0.369145 0.956969
vt 0.390411 0.956969
vt 0.411676 0.956969
vt 0.432941 0.956969
vt 0.454207 0.956969
vt 0.475472 0.956969
vt 0.496738 0.956969
vt 0.518003 0.956969
vt 0.539268 0.956969
vt 0.560534 0.956969
vt 0.581799 0.956969
vt 0.603064 0.956969
vt 0.624330 0.956969
vt 0.645595 0.956969
vt 0.071430 0.999500
vt 0.092696 0.999500
vt 0.113961 0.999500
vt 0.135226 0.999500
vt 0.156492 0.999500
vt 0.177757 0.999500
vt 0.199023 0.999500
vt 0.220288 0.999500
vt 0.241553 0.999500
vt 0.262819 0.999500
vt 0.284084 0.999500
vt 0.305349 0.999500
vt 0.326615 0.999500
vt 0.347880 0.999500
vt 0.369145 0.999500
vt 0.390411 0.999500
vt 0.411676 0.999500
vt 0.432941 0.999500
vt 0.454207 0.999500
vt 0.475472 0.999500
vt 0.496738 0.999500
vt 0.518003 0.999500
vt 0.539268 0.999500
vt 0.560534 0.999500
vt 0.581799 0.999500
vt 0.603064 0.999500
vt 0.624330 0.999500
s 1
usemtl 01_-_Default
f 1/1/1 2/2/2 3/3/1
f 3/3/1 2/2/2 4/4/2
f 5/5/3 6/1/4 7/6/4
f 8/2/3 6/1/4 5/5/3
f 9/7/5 10/5/6 11/6/5
f 10/5/6 9/7/5 12/8/6
f 13/9/7 14/7/8 15/10/8
f 14/7/8 13/9/7 16/8/7
f 17/11/9 18/12/10 19/13/9
f 18/12/10 17/11/9 20/14/10
f 21/15/11 22/16/12 23/11/11
f 23/11/11 22/16/12 24/14/12
f 25/17/13 26/16/14 27/15/13
f 26/16/14 25/17/13 28/18/14
f 29/3/15 30/18/16 31/17/15
f 30/18/16 29/3/15 32/4/16
f 2/2/2 33/19/17 4/4/2
f 4/4/2 33/19/17 34/20/17
f 5/5/3 35/21/18 8/2/3
f 36/19/18 8/2/3 35/21/18
f 12/8/6 37/21/19 10/5/6
f 37/21/19 12/8/6 38/22/19
f 13/9/7 39/23/20 16/8/7
f 16/8/7 39/23/20 40/22/20
f 20/14/10 41/24/21 18/12/10
f 41/24/21 20/14/10 42/25/21
f 43/26/22 24/14/12 22/16/12
f 24/14/12 43/26/22 44/25/22
f 28/18/14 45/26/23 26/16/14
f 45/26/23 28/18/14 46/27/23
f 32/4/16 47/27/24 30/18/16
f 47/27/24 32/4/16 48/20/24
f 49/28/25 33/19/17 50/29/25
f 33/19/17 49/28/25 34/20/17
f 35/21/18 51/30/26 36/19/18
f 52/29/26 36/19/18 51/30/26
f 38/22/19 53/31/27 37/21/19
f 54/30/27 37/21/19 53/31/27
f 39/23/20 55/32/28 40/22/20
f 56/31/28 40/22/20 55/32/28
f 42/25/21 57/33/29 41/24/21
f 41/24/21 57/33/29 58/34/29
f 59/35/30 44/25/22 43/26/22
f 60/33/30 44/25/22 59/35/30
f 61/36/31 45/26/23 46/27/23
f 62/35/31 45/26/23 61/36/31
f 48/20/24 63/36/32 47/27/24
f 63/36/32 48/20/24 64/28/32
f 65/37/33 50/29/25 66/38/33
f 50/29/25 65/37/33 49/28/25
f 67/38/34 51/30/26 68/39/34
f 51/30/26 67/38/34 52/29/26
f 69/39/35 54/30/27 70/40/35
f 70/40/35 54/30/27 53/31/27
f 55/32/28 71/40/36 56/31/28
f 71/40/36 55/32/28 72/41/36
f 57/33/29 73/42/37 58/34/29
f 58/34/29 73/42/37 74/43/37
f 75/42/38 59/35/30 76/44/38
f 59/35/30 75/42/38 60/33/30
f 77/44/39 62/35/31 78/45/39
f 62/35/31 61/36/31 78/45/39
f 79/45/40 63/36/32 80/37/40
f 80/37/40 63/36/32 64/28/32
f 81/46/41 82/47/42 83/48/41
f 83/48/41 82/47/42 84/49/42
f 85/50/43 86/49/44 87/51/44
f 86/49/44 85/50/43 88/48/43
f 89/52/45 90/50/46 91/51/45
f 90/50/46 89/52/45 92/53/46
f 93/54/47 94/55/48 95/52/47
f 95/52/47 94/55/48 96/53/48
f 97/56/49 98/57/50 99/58/49
f 98/57/50 97/56/49 100/59/50
f 101/60/51 102/61/52 103/56/51
f 103/56/51 102/61/52 104/59/52
f 105/62/53 106/61/54 107/60/53
f 106/61/54 105/62/53 108/63/54
f 109/63/55 110/47/56 111/46/55
f 110/47/56 109/63/55 112/62/56
f 113/64/57 81/46/41 114/65/57
f 114/65/57 81/46/41 83/48/41
f 85/50/43 115/66/58 88/48/43
f 116/65/58 88/48/43 115/66/58
f 92/53/46 117/67/59 90/50/46
f 118/66/59 90/50/46 117/67/59
f 119/67/60 94/55/48 120/68/60
f 94/55/48 119/67/60 96/53/48
f 100/59/50 121/69/61 98/57/50
f 121/69/61 100/59/50 122/70/61
f 123/71/62 104/59/52 102/61/52
f 104/59/52 123/71/62 124/70/62
f 125/72/63 106/61/54 108/63/54
f 106/61/54 125/72/63 126/71/63
f 127/72/64 109/63/55 128/64/64
f 128/64/64 109/63/55 111/46/55
f 129/73/65 114/65/57 130/74/65
f 114/65/57 129/73/65 113/64/57
f 115/66/58 131/74/66 116/65/58
f 131/74/66 115/66/58 132/75/66
f 117/67/59 133/76/67 118/66/59
f 134/75/67 118/66/59 133/76/67
f 135/76/68 120/68/60 136/77/68
f 120/68/60 135/76/68 119/67/60
f 137/78/69 121/69/61 138/79/69
f 138/79/69 121/69/61 122/70/61
f 123/71/62 139/79/70 124/70/62
f 139/79/70 123/71/62 140/80/70
f 141/81/71 126/71/63 125/72/63
f 126/71/63 141/81/71 142/80/71
f 143/81/72 127/72/64 144/73/72
f 144/73/72 127/72/64 128/64/64
f 145/82/8 130/74/65 146/83/8
f 130/74/65 145/82/8 129/73/65
f 132/75/66 147/83/5 131/74/66
f 147/83/5 132/75/66 148/84/5
f 133/76/67 149/85/4 134/75/67
f 150/84/4 134/75/67 149/85/4
f 151/85/1 136/77/68 152/86/1
f 136/77/68 151/85/1 135/76/68
f 153/87/15 137/78/69 154/88/15
f 154/88/15 137/78/69 138/79/69
f 155/88/13 140/80/70 156/89/13
f 140/80/70 155/88/13 139/79/70
f 157/89/11 142/80/71 158/90/11
f 158/90/11 142/80/71 141/81/71
f 159/90/9 143/81/72 160/82/9
f 160/82/9 143/81/72 144/73/72
f 161/91/7 145/82/8 162/92/7
f 162/92/7 145/82/8 146/83/8
f 163/92/6 148/84/5 164/93/6
f 148/84/5 163/92/6 147/83/5
f 165/93/3 149/85/4 166/94/3
f 149/85/4 165/93/3 150/84/4
f 167/94/2 151/85/1 168/95/2
f 168/95/2 151/85/1 152/86/1
f 169/96/16 154/88/15 170/97/16
f 154/88/15 169/96/16 153/87/15
f 156/89/13 171/98/14 155/88/13
f 172/97/14 155/88/13 171/98/14
f 158/90/11 173/99/12 157/89/11
f 174/98/12 157/89/11 173/99/12
f 175/99/10 160/82/9 176/91/10
f 160/82/9 175/99/10 159/90/9
f 177/100/20 161/91/7 178/101/20
f 178/101/20 161/91/7 162/92/7
f 179/101/19 163/92/6 180/102/19
f 180/102/19 163/92/6 164/93/6
f 166/94/3 181/102/18 165/93/3
f 181/102/18 166/94/3 182/103/18
f 183/103/17 167/94/2 184/104/17
f 184/104/17 167/94/2 168/95/2
f 185/105/24 170/97/16 186/106/24
f 170/97/16 185/105/24 169/96/16
f 171/98/14 187/107/23 172/97/14
f 188/106/23 172/97/14 187/107/23
f 173/99/12 189/107/22 174/98/12
f 189/107/22 173/99/12 190/108/22
f 191/108/21 176/91/10 192/100/21
f 176/91/10 191/108/21 175/99/10
f 193/109/28 177/100/20 194/110/28
f 194/110/28 177/100/20 178/101/20
f 180/102/19 195/110/27 179/101/19
f 195/110/27 180/102/19 196/111/27
f 197/112/26 181/102/18 182/103/18
f 181/102/18 197/112/26 198/111/26
f 199/112/25 183/103/17 200/113/25
f 200/113/25 183/103/17 184/104/17
f 201/114/32 186/106/24 202/115/32
f 186/106/24 201/114/32 185/105/24
f 187/107/23 203/115/31 188/106/23
f 203/115/31 187/107/23 204/116/31
f 190/108/22 205/117/30 189/107/22
f 189/107/22 205/117/30 206/116/30
f 207/117/29 192/100/21 208/109/29
f 192/100/21 207/117/29 191/108/21
f 209/118/73 194/110/28 210/119/36
f 194/110/28 209/118/73 193/109/28
f 196/111/27 211/119/35 195/110/27
f 211/119/35 196/111/27 212/120/35
f 213/121/34 198/111/26 197/112/26
f 198/111/26 213/121/34 214/120/34
f 200/113/25 215/121/74 199/112/25
f 215/121/74 200/113/25 216/122/74
f 202/115/32 217/123/75 201/114/32
f 201/114/32 217/123/75 218/124/75
f 204/116/31 219/123/39 203/115/31
f 219/123/39 204/116/31 220/125/39
f 205/117/30 221/126/38 206/116/30
f 206/116/30 221/126/38 222/125/38
f 223/126/37 207/117/29 224/118/37
f 224/118/37 207/117/29 208/109/29
f 225/127/48 226/128/47 227/129/48
f 227/129/48 226/128/47 228/130/47
f 229/129/46 230/130/45 231/131/46
f 230/130/45 232/132/45 231/131/46
f 233/131/43 234/133/44 235/134/43
f 234/133/44 233/131/43 236/132/44
f 237/135/76 238/136/41 239/133/76
f 239/133/76 238/136/41 240/134/41
f 241/137/56 242/138/55 243/139/56
f 242/138/55 241/137/56 244/140/55
f 245/140/54 246/137/53 247/141/54
f 247/141/54 246/137/53 248/142/53
f 249/141/52 250/143/51 251/144/52
f 250/143/51 249/141/52 252/142/51
f 253/144/50 254/128/49 255/127/50
f 254/128/49 253/144/50 256/143/49
f 227/129/48 257/145/60 225/127/48
f 257/145/60 227/129/48 258/146/60
f 259/146/59 229/129/46 260/147/59
f 260/147/59 229/129/46 231/131/46
f 261/147/58 235/134/43 262/148/58
f 235/134/43 261/147/58 233/131/43
f 238/136/41 263/148/57 240/134/41
f 263/148/57 238/136/41 264/149/57
f 244/140/55 265/150/64 242/138/55
f 242/138/55 265/150/64 266/151/64
f 247/141/54 267/152/63 245/140/54
f 268/150/63 245/140/54 267/152/63
f 251/144/52 269/152/62 249/141/52
f 269/152/62 251/144/52 270/153/62
f 255/127/50 271/145/61 253/144/50
f 253/144/50 271/145/61 272/153/61
f 258/146/60 273/154/68 257/145/60
f 273/154/68 258/146/60 274/155/68
f 260/147/59 275/155/67 259/146/59
f 275/155/67 260/147/59 276/156/67
f 277/157/66 261/147/58 262/148/58
f 261/147/58 277/157/66 278/156/66
f 264/149/57 279/157/65 263/148/57
f 279/157/65 264/149/57 280/158/65
f 265/150/64 281/159/72 266/151/64
f 266/151/64 281/159/72 282/160/72
f 267/152/63 283/159/71 268/150/63
f 283/159/71 267/152/63 284/161/71
f 270/153/62 285/162/70 269/152/62
f 286/161/70 269/152/62 285/162/70
f 271/145/61 287/154/69 272/153/61
f 272/153/61 287/154/69 288/162/69
f 274/155/68 3/3/1 273/154/68
f 3/3/1 274/155/68 1/1/1
f 276/156/67 6/1/4 275/155/67
f 6/1/4 276/156/67 7/6/4
f 9/7/5 278/156/66 277/157/66
f 278/156/66 9/7/5 11/6/5
f 280/158/65 14/7/8 279/157/65
f 14/7/8 280/158/65 15/10/8
f 281/159/72 17/11/9 282/160/72
f 282/160/72 17/11/9 19/13/9
f 284/161/71 23/11/11 283/159/71
f 23/11/11 284/161/71 21/15/11
f 285/162/70 25/17/13 286/161/70
f 286/161/70 25/17/13 27/15/13
f 287/154/69 29/3/15 288/162/69
f 288/162/69 29/3/15 31/17/15
f 289/163/77 290/164/78 291/165/78
f 290/164/78 289/163/77 292/166/77
f 293/163/79 294/165/80 295/167/79
f 295/167/79 294/165/80 296/168/80
f 297/167/81 298/169/82 299/170/81
f 298/169/82 297/167/81 300/168/82
f 301/171/83 302/172/84 303/169/83
f 304/170/84 303/169/83 302/172/84
f 305/173/85 306/174/86 307/175/85
f 306/174/86 305/173/85 308/176/86
f 309/177/87 310/178/88 311/173/87
f 311/173/87 310/178/88 312/176/88
f 313/179/89 314/178/90 315/177/89
f 314/178/90 313/179/89 316/180/90
f 317/164/91 318/180/92 319/179/91
f 318/180/92 317/164/91 320/166/92
f 321/181/93 292/166/77 289/163/77
f 292/166/77 321/181/93 322/182/93
f 323/181/94 293/163/79 324/183/94
f 324/183/94 293/163/79 295/167/79
f 299/170/81 325/183/95 297/167/81
f 325/183/95 299/170/81 326/184/95
f 302/172/84 327/185/96 304/170/84
f 328/184/96 304/170/84 327/185/96
f 308/176/86 329/186/97 306/174/86
f 329/186/97 308/176/86 330/187/97
f 331/188/98 312/176/88 310/178/88
f 312/176/88 331/188/98 332/187/98
f 316/180/90 333/188/99 314/178/90
f 333/188/99 316/180/90 334/189/99
f 320/166/92 335/189/100 318/180/92
f 335/189/100 320/166/92 336/182/100
f 337/190/101 322/182/93 321/181/93
f 322/182/93 337/190/101 338/191/101
f 339/192/102 323/181/94 324/183/94
f 323/181/94 339/192/102 340/190/102
f 341/193/103 325/183/95 326/184/95
f 325/183/95 341/193/103 342/192/103
f 327/185/96 343/194/104 328/184/96
f 344/193/104 328/184/96 343/194/104
f 330/187/97 345/195/105 329/186/97
f 345/195/105 330/187/97 346/196/105
f 347/197/106 332/187/98 331/188/98
f 348/196/106 332/187/98 347/197/106
f 349/198/107 333/188/99 334/189/99
f 350/197/107 333/188/99 349/198/107
f 336/182/100 351/198/108 335/189/100
f 351/198/108 336/182/100 352/191/108
f 337/190/101 353/199/109 338/191/101
f 353/199/109 337/190/101 354/200/109
f 339/192/102 355/200/110 340/190/102
f 355/200/110 339/192/102 356/201/110
f 357/202/111 342/192/103 341/193/103
f 342/192/103 357/202/111 358/201/111
f 343/194/104 359/202/112 344/193/104
f 359/202/112 343/194/104 360/203/112
f 346/196/105 361/204/113 345/195/105
f 362/205/113 345/195/105 361/204/113
f 363/204/114 347/197/106 364/206/114
f 347/197/106 363/204/114 348/196/106
f 365/206/115 350/197/107 366/207/115
f 350/197/107 349/198/107 366/207/115
f 367/199/116 351/198/108 352/191/108
f 351/198/108 367/199/116 368/207/116
f 354/200/109 369/208/117 353/199/109
f 369/208/117 354/200/109 370/209/117
f 356/201/110 371/209/118 355/200/110
f 371/209/118 356/201/110 372/210/118
f 357/202/111 373/211/119 358/201/111
f 374/210/119 358/201/111 373/211/119
f 360/203/112 375/211/120 359/202/112
f 375/211/120 360/203/112 376/212/120
f 361/204/113 377/213/121 362/205/113
f 378/214/121 362/205/113 377/213/121
f 364/206/114 379/213/122 363/204/114
f 379/213/122 364/206/114 380/215/122
f 366/207/115 381/216/123 365/206/115
f 382/215/123 365/206/115 381/216/123
f 383/208/124 368/207/116 367/199/116
f 368/207/116 383/208/124 384/216/124
f 385/217/125 386/218/117 387/219/117
f 386/218/117 385/217/125 388/220/125
f 389/221/118 390/222/126 391/219/118
f 392/217/126 391/219/118 390/222/126
f 393/223/119 394/222/127 395/221/119
f 394/222/127 393/223/119 396/224/127
f 397/225/120 398/226/128 399/223/120
f 400/224/128 399/223/120 398/226/128
f 401/227/121 402/228/129 403/229/121
f 402/228/129 401/227/121 404/230/129
f 405/231/122 406/232/130 407/227/122
f 407/227/122 406/232/130 408/230/130
f 409/233/123 410/232/131 411/231/123
f 410/232/131 409/233/123 412/234/131
f 413/218/124 414/234/132 415/233/124
f 414/234/132 413/218/124 416/220/132
f 417/235/133 388/220/125 385/217/125
f 388/220/125 417/235/133 418/236/133
f 419/235/134 392/217/126 420/237/134
f 392/217/126 390/222/126 420/237/134
f 421/237/135 396/224/127 422/238/135
f 396/224/127 421/237/135 394/222/127
f 398/226/128 423/239/136 400/224/128
f 424/238/136 400/224/128 423/239/136
f 404/230/129 425/240/137 402/228/129
f 425/240/137 404/230/129 426/241/137
f 406/232/130 427/242/138 408/230/130
f 408/230/130 427/242/138 428/241/138
f 412/234/131 429/242/139 410/232/131
f 429/242/139 412/234/131 430/243/139
f 416/220/132 431/243/140 414/234/132
f 431/243/140 416/220/132 432/236/140
f 433/244/141 418/236/133 417/235/133
f 418/236/133 433/244/141 434/245/141
f 435/244/142 419/235/134 436/246/142
f 436/246/142 419/235/134 420/237/134
f 437/246/143 421/237/135 438/247/143
f 438/247/143 421/237/135 422/238/135
f 423/239/136 439/247/144 424/238/136
f 439/247/144 423/239/136 440/248/144
f 426/241/137 441/249/145 425/240/137
f 442/250/145 425/240/137 441/249/145
f 443/251/146 428/241/138 427/242/138
f 428/241/138 443/251/146 444/249/146
f 445/252/147 429/242/139 430/243/139
f 429/242/139 445/252/147 446/251/147
f 432/236/140 447/252/148 431/243/140
f 447/252/148 432/236/140 448/245/148
f 433/244/141 449/253/149 434/245/141
f 449/253/149 433/244/141 450/254/149
f 436/246/142 451/254/150 435/244/142
f 451/254/150 436/246/142 452/255/150
f 453/256/151 437/246/143 438/247/143
f 437/246/143 453/256/151 454/255/151
f 440/248/144 455/256/152 439/247/144
f 455/256/152 440/248/144 456/257/152
f 441/249/145 457/258/153 442/250/145
f 458/259/153 442/250/145 457/258/153
f 443/251/146 459/258/154 444/249/146
f 459/258/154 443/251/146 460/260/154
f 461/261/155 446/251/147 445/252/147
f 446/251/147 461/261/155 462/260/155
f 463/253/156 447/252/148 448/245/148
f 447/252/148 463/253/156 464/261/156
f 450/254/149 465/262/83 449/253/149
f 465/262/83 450/254/149 466/263/83
f 452/255/150 467/263/82 451/254/150
f 467/263/82 452/255/150 468/264/82
f 469/265/80 454/255/151 453/256/151
f 454/255/151 469/265/80 470/264/80
f 456/257/152 471/265/78 455/256/152
f 471/265/78 456/257/152 472/266/78
f 457/258/153 473/267/91 458/259/153
f 474/268/91 458/259/153 473/267/91
f 475/267/89 460/260/154 476/269/89
f 460/260/154 475/267/89 459/258/154
f 477/269/87 462/260/155 478/270/87
f 478/270/87 462/260/155 461/261/155
f 479/262/85 464/261/156 463/253/156
f 464/261/156 479/262/85 480/270/85
f 481/271/84 465/262/83 466/263/83
f 465/262/83 481/271/84 482/272/84
f 468/264/82 483/271/81 467/263/82
f 483/271/81 468/264/82 484/273/81
f 469/265/80 485/273/79 470/264/80
f 485/273/79 469/265/80 486/274/79
f 472/266/78 487/275/77 471/265/78
f 488/274/77 471/265/78 487/275/77
f 473/267/91 489/276/92 474/268/91
f 489/276/92 473/267/91 490/277/92
f 476/269/89 491/278/90 475/267/89
f 492/277/90 475/267/89 491/278/90
f 478/270/87 493/279/88 477/269/87
f 494/278/88 477/269/87 493/279/88
f 479/262/85 495/279/86 480/270/85
f 495/279/86 479/262/85 496/272/86
f 497/280/96 482/272/84 481/271/84
f 482/272/84 497/280/96 498/281/96
f 484/273/81 499/282/95 483/271/81
f 500/280/95 483/271/81 499/282/95
f 486/274/79 501/282/94 485/273/79
f 501/282/94 486/274/79 502/283/94
f 487/275/77 503/284/93 488/274/77
f 504/283/93 488/274/77 503/284/93
f 490/277/92 505/285/100 489/276/92
f 505/285/100 490/277/92 506/286/100
f 491/278/90 507/287/99 492/277/90
f 508/286/99 492/277/90 507/287/99
f 493/279/88 509/287/98 494/278/88
f 509/287/98 493/279/88 510/288/98
f 496/272/86 511/288/97 495/279/86
f 511/288/97 496/272/86 512/281/97
f 513/289/104 498/281/96 497/280/96
f 498/281/96 513/289/104 514/290/104
f 499/282/95 515/289/103 500/280/95
f 515/289/103 499/282/95 516/291/103
f 502/283/94 517/292/102 501/282/94
f 518/291/102 501/282/94 517/292/102
f 503/284/93 519/293/101 504/283/93
f 520/292/101 504/283/93 519/293/101
f 506/286/100 521/294/108 505/285/100
f 521/294/108 506/286/100 522/295/108
f 507/287/99 523/295/107 508/286/99
f 523/295/107 507/287/99 524/296/107
f 510/288/98 525/297/106 509/287/98
f 509/287/98 525/297/106 526/296/106
f 512/281/97 527/297/105 511/288/97
f 527/297/105 512/281/97 528/290/105
f 513/289/104 529/298/112 514/290/104
f 529/298/112 513/289/104 530/299/112
f 531/299/111 516/291/103 532/300/111
f 516/291/103 531/299/111 515/289/103
f 533/300/110 518/291/102 534/301/110
f 534/301/110 518/291/102 517/292/102
f 519/293/101 535/301/109 520/292/101
f 535/301/109 519/293/101 536/302/109
f 522/295/108 537/303/116 521/294/108
f 538/304/116 521/294/108 537/303/116
f 524/296/107 539/303/115 523/295/107
f 539/303/115 524/296/107 540/305/115
f 525/297/106 541/306/114 526/296/106
f 526/296/106 541/306/114 542/305/114
f 543/298/113 527/297/105 528/290/105
f 527/297/105 543/298/113 544/306/113
f 530/299/112 545/307/120 529/298/112
f 545/307/120 530/299/112 546/308/120
f 547/308/119 531/299/111 548/309/119
f 548/309/119 531/299/111 532/300/111
f 549/309/118 534/301/110 550/310/118
f 534/301/110 549/309/118 533/300/110
f 536/302/109 551/310/117 535/301/109
f 551/310/117 536/302/109 552/311/117
f 537/303/116 553/312/124 538/304/116
f 554/313/124 538/304/116 553/312/124
f 555/314/123 539/303/115 540/305/115
f 539/303/115 555/314/123 556/312/123
f 541/306/114 557/314/122 542/305/114
f 557/314/122 541/306/114 558/315/122
f 559/307/121 544/306/113 543/298/113
f 544/306/113 559/307/121 560/315/121
f 561/316/128 562/317/120 563/318/120
f 562/317/120 561/316/128 564/319/128
f 565/320/119 566/316/127 567/318/119
f 566/316/127 565/320/119 568/321/127
f 569/322/118 570/321/126 571/320/118
f 570/321/126 569/322/118 572/323/126
f 573/324/117 574/325/125 575/322/117
f 576/323/125 575/322/117 574/325/125
f 577/326/124 578/327/132 579/328/124
f 578/327/132 577/326/124 580/329/132
f 581/330/131 582/326/123 583/331/123
f 584/329/131 582/326/123 581/330/131
f 585/332/130 586/331/122 587/333/122
f 588/330/130 586/331/122 585/332/130
f 589/317/121 590/332/129 591/333/121
f 590/332/129 589/317/121 592/319/129
f 593/334/136 564/319/128 561/316/128
f 564/319/128 593/334/136 594/335/136
f 568/321/127 595/334/135 566/316/127
f 595/334/135 568/321/127 596/336/135
f 597/337/134 570/321/126 572/323/126
f 570/321/126 597/337/134 598/336/134
f 574/325/125 599/338/133 576/323/125
f 600/337/133 576/323/125 599/338/133
f 580/329/132 601/339/140 578/327/132
f 601/339/140 580/329/132 602/340/140
f 603/340/139 581/330/131 604/341/139
f 581/330/131 603/340/139 584/329/131
f 605/341/138 588/330/130 606/342/138
f 606/342/138 588/330/130 585/332/130
f 592/319/129 607/342/137 590/332/129
f 607/342/137 592/319/129 608/335/137
f 609/343/144 593/334/136 610/344/144
f 593/334/136 609/343/144 594/335/136
f 596/336/135 611/345/143 595/334/135
f 612/344/143 595/334/135 611/345/143
f 597/337/134 613/345/142 598/336/134
f 613/345/142 597/337/134 614/346/142
f 599/338/133 615/346/141 600/337/133
f 615/346/141 599/338/133 616/347/141
f 602/340/140 617/348/148 601/339/140
f 618/349/148 601/339/140 617/348/148
f 604/341/139 619/350/147 603/340/139
f 620/348/147 603/340/139 619/350/147
f 606/342/138 621/350/146 605/341/138
f 621/350/146 606/342/138 622/351/146
f 623/343/145 607/342/137 608/335/137
f 607/342/137 623/343/145 624/351/145
f 610/344/144 625/352/152 609/343/144
f 625/352/152 610/344/144 626/353/152
f 611/345/143 627/353/151 612/344/143
f 627/353/151 611/345/143 628/354/151
f 614/346/142 629/355/150 613/345/142
f 630/354/150 613/345/142 629/355/150
f 616/347/141 631/355/149 615/346/141
f 631/355/149 616/347/141 632/356/149
f 617/348/148 633/357/156 618/349/148
f 634/358/156 618/349/148 633/357/156
f 619/350/147 635/357/155 620/348/147
f 635/357/155 619/350/147 636/359/155
f 622/351/146 637/360/154 621/350/146
f 638/359/154 621/350/146 637/360/154
f 639/352/153 624/351/145 623/343/145
f 624/351/145 639/352/153 640/360/153
f 626/353/152 290/164/78 625/352/152
f 290/164/78 626/353/152 291/165/78
f 628/354/151 294/165/80 627/353/151
f 294/165/80 628/354/151 296/168/80
f 629/355/150 298/169/82 630/354/150
f 300/168/82 630/354/150 298/169/82
f 632/356/149 303/169/83 631/355/149
f 303/169/83 632/356/149 301/171/83
f 633/357/156 305/173/85 634/358/156
f 307/175/85 634/358/156 305/173/85
f 636/359/155 311/173/87 635/357/155
f 311/173/87 636/359/155 309/177/87
f 637/360/154 313/179/89 638/359/154
f 638/359/154 313/179/89 315/177/89
f 317/164/91 640/360/153 639/352/153
f 640/360/153 317/164/91 319/179/91
f 641/361/157 642/362/13 643/363/13
f 642/362/13 641/361/157 644/364/157
f 645/365/158 646/363/15 647/366/15
f 648/361/158 646/363/15 645/365/158
f 649/367/1 650/365/159 651/366/1
f 650/365/159 649/367/1 652/368/159
f 653/369/4 654/370/160 655/367/4
f 655/367/4 654/370/160 656/368/160
f 657/371/5 658/372/161 659/373/5
f 658/372/161 657/371/5 660/374/161
f 661/375/8 662/376/162 663/371/8
f 663/371/8 662/376/162 664/374/162
f 665/377/9 666/376/163 667/375/9
f 666/376/163 665/377/9 668/378/163
f 669/362/11 670/378/164 671/377/11
f 670/378/164 669/362/11 672/364/164
f 641/361/157 673/379/165 644/364/157
f 644/364/157 673/379/165 674/380/165
f 645/365/158 675/381/166 648/361/158
f 676/379/166 648/361/158 675/381/166
f 652/368/159 677/381/167 650/365/159
f 677/381/167 652/368/159 678/382/167
f 654/370/160 679/383/168 656/368/160
f 656/368/160 679/383/168 680/382/168
f 660/374/161 681/384/169 658/372/161
f 681/384/169 660/374/161 682/385/169
f 683/386/170 664/374/162 662/376/162
f 664/374/162 683/386/170 684/385/170
f 668/378/163 685/386/171 666/376/163
f 685/386/171 668/378/163 686/387/171
f 672/364/164 687/387/172 670/378/164
f 687/387/172 672/364/164 688/380/172
f 673/379/165 689/388/173 674/380/165
f 690/389/173 674/380/165 689/388/173
f 675/381/166 691/390/174 676/379/166
f 692/388/174 676/379/166 691/390/174
f 678/382/167 693/391/175 677/381/167
f 694/390/175 677/381/167 693/391/175
f 679/383/168 695/391/176 680/382/168
f 695/391/176 679/383/168 696/392/176
f 682/385/169 697/393/177 681/384/169
f 697/393/177 682/385/169 698/394/177
f 699/395/178 684/385/170 683/386/170
f 700/394/178 684/385/170 699/395/178
f 701/396/179 685/386/171 686/387/171
f 702/395/179 685/386/171 701/396/179
f 688/380/172 703/396/180 687/387/172
f 703/396/180 688/380/172 704/389/180
f 689/388/173 705/397/181 690/389/173
f 705/397/181 689/388/173 706/398/181
f 707/398/182 691/390/174 708/399/182
f 691/390/174 707/398/182 692/388/174
f 709/399/183 694/390/175 710/400/183
f 710/400/183 694/390/175 693/391/175
f 696/392/176 711/400/184 695/391/176
f 711/400/184 696/392/176 712/401/184
f 698/394/177 713/402/185 697/393/177
f 714/403/185 697/393/177 713/402/185
f 715/402/186 699/395/178 716/404/186
f 699/395/178 715/402/186 700/394/178
f 717/404/187 702/395/179 718/405/187
f 702/395/179 701/396/179 718/405/187
f 704/389/180 719/397/188 703/396/180
f 720/405/188 703/396/180 719/397/188
f 721/406/189 722/407/190 723/408/189
f 724/409/190 723/408/189 722/407/190
f 725/410/191 726/406/192 727/411/192
f 726/406/192 725/410/191 728/407/191
f 729/412/193 730/410/194 731/411/193
f 730/410/194 729/412/193 732/413/194
f 733/414/195 734/415/196 735/412/195
f 736/413/196 735/412/195 734/415/196
f 737/416/197 738/417/198 739/418/197
f 738/417/198 737/416/197 740/419/198
f 741/420/199 742/421/200 743/416/199
f 743/416/199 742/421/200 744/419/200
f 745/422/201 746/421/202 747/420/201
f 746/421/202 745/422/201 748/423/202
f 749/408/203 750/423/204 751/422/203
f 750/423/204 749/408/203 752/409/204
f 722/407/190 753/424/205 724/409/190
f 754/425/205 724/409/190 753/424/205
f 725/410/191 755/426/206 728/407/191
f 756/424/206 728/407/191 755/426/206
f 732/413/194 757/427/207 730/410/194
f 758/426/207 730/410/194 757/427/207
f 759/427/208 734/415/196 760/428/208
f 734/415/196 759/427/208 736/413/196
f 740/419/198 761/429/209 738/417/198
f 761/429/209 740/419/198 762/430/209
f 763/431/210 744/419/200 742/421/200
f 744/419/200 763/431/210 764/430/210
f 765/432/211 746/421/202 748/423/202
f 746/421/202 765/432/211 766/431/211
f 752/409/204 767/432/212 750/423/204
f 767/432/212 752/409/204 768/425/212
f 769/433/213 753/424/205 770/434/213
f 753/424/205 769/433/213 754/425/205
f 755/426/206 771/434/214 756/424/206
f 771/434/214 755/426/206 772/435/214
f 757/427/207 773/436/215 758/426/207
f 774/435/215 758/426/207 773/436/215
f 775/436/216 760/428/208 776/437/216
f 760/428/208 775/436/216 759/427/208
f 777/438/217 761/429/209 778/439/217
f 778/439/217 761/429/209 762/430/209
f 763/431/210 779/439/218 764/430/210
f 779/439/218 763/431/210 780/440/218
f 781/441/219 766/431/211 765/432/211
f 766/431/211 781/441/219 782/440/219
f 783/441/220 767/432/212 784/433/220
f 784/433/220 767/432/212 768/425/212
f 785/442/4 770/434/213 786/443/4
f 770/434/213 785/442/4 769/433/213
f 772/435/214 787/443/1 771/434/214
f 787/443/1 772/435/214 788/444/1
f 773/436/215 789/445/15 774/435/215
f 790/444/15 774/435/215 789/445/15
f 791/445/13 776/437/216 792/446/13
f 776/437/216 791/445/13 775/436/216
f 793/447/11 777/438/217 794/448/11
f 794/448/11 777/438/217 778/439/217
f 795/448/9 780/440/218 796/449/9
f 780/440/218 795/448/9 779/439/218
f 797/449/8 782/440/219 798/450/8
f 798/450/8 782/440/219 781/441/219
f 799/450/5 783/441/220 800/442/5
f 800/442/5 783/441/220 784/433/220
f 801/451/160 785/442/4 802/452/160
f 802/452/160 785/442/4 786/443/4
f 803/452/159 788/444/1 804/453/159
f 788/444/1 803/452/159 787/443/1
f 805/453/158 789/445/15 806/454/158
f 789/445/15 805/453/158 790/444/15
f 807/454/157 791/445/13 808/455/157
f 808/455/157 791/445/13 792/446/13
f 809/456/164 794/448/11 810/457/164
f 794/448/11 809/456/164 793/447/11
f 796/449/9 811/458/163 795/448/9
f 812/457/163 795/448/9 811/458/163
f 798/450/8 813/459/162 797/449/8
f 814/458/162 797/449/8 813/459/162
f 815/459/161 800/442/5 816/451/161
f 800/442/5 815/459/161 799/450/5
f 817/460/168 801/451/160 818/461/168
f 818/461/168 801/451/160 802/452/160
f 819/461/167 803/452/159 820/462/167
f 820/462/167 803/452/159 804/453/159
f 806/454/158 821/462/166 805/453/158
f 821/462/166 806/454/158 822/463/166
f 823/463/165 807/454/157 824/464/165
f 824/464/165 807/454/157 808/455/157
f 825/465/172 810/457/164 826/466/172
f 810/457/164 825/465/172 809/456/164
f 811/458/163 827/467/171 812/457/163
f 828/466/171 812/457/163 827/467/171
f 813/459/162 829/467/170 814/458/162
f 829/467/170 813/459/162 830/468/170
f 831/468/169 816/451/161 832/460/169
f 816/451/161 831/468/169 815/459/161
f 833/469/176 817/460/168 834/470/176
f 834/470/176 817/460/168 818/461/168
f 820/462/167 835/470/175 819/461/167
f 835/470/175 820/462/167 836/471/175
f 837/472/174 821/462/166 822/463/166
f 821/462/166 837/472/174 838/471/174
f 839/472/173 823/463/165 840/473/173
f 840/473/173 823/463/165 824/464/165
f 841/474/180 826/466/172 842/475/180
f 826/466/172 841/474/180 825/465/172
f 827/467/171 843/475/179 828/466/171
f 843/475/179 827/467/171 844/476/179
f 830/468/170 845/477/178 829/467/170
f 829/467/170 845/477/178 846/476/178
f 847/477/177 832/460/169 848/469/177
f 832/460/169 847/477/177 831/468/169
f 834/470/176 849/478/221 833/469/176
f 849/478/221 834/470/176 850/479/221
f 836/471/175 851/479/183 835/470/175
f 851/479/183 836/471/175 852/480/183
f 853/481/182 838/471/174 837/472/174
f 838/471/174 853/481/182 854/480/182
f 840/473/173 855/481/181 839/472/173
f 855/481/181 840/473/173 856/482/181
f 857/483/188 841/474/180 842/475/180
f 841/474/180 857/483/188 858/484/188
f 844/476/179 859/483/187 843/475/179
f 859/483/187 844/476/179 860/485/187
f 845/477/178 861/486/186 846/476/178
f 846/476/178 861/486/186 862/485/186
f 863/478/222 847/477/177 848/469/177
f 847/477/177 863/478/222 864/486/222
f 865/487/196 866/488/195 867/489/195
f 866/488/195 865/487/196 868/490/196
f 869/487/194 870/489/193 871/491/194
f 870/489/193 872/492/193 871/491/194
f 873/491/191 874/492/192 875/493/191
f 874/492/192 876/494/192 875/493/191
f 877/495/190 878/494/223 879/496/223
f 878/494/223 877/495/190 880/493/190
f 881/497/224 882/498/204 883/499/224
f 882/498/204 881/497/224 884/500/204
f 885/500/202 886/501/201 887/502/202
f 886/501/201 885/500/202 888/497/201
f 889/502/200 890/503/199 891/504/200
f 890/503/199 889/502/200 892/501/199
f 893/488/197 894/504/198 895/503/197
f 894/504/198 893/488/197 896/490/198
f 865/487/196 897/505/208 868/490/196
f 897/505/208 865/487/196 898/506/208
f 899/506/207 869/487/194 900/507/207
f 900/507/207 869/487/194 871/491/194
f 901/507/206 875/493/191 902/508/206
f 875/493/191 901/507/206 873/491/191
f 877/495/190 903/508/205 880/493/190
f 903/508/205 877/495/190 904/509/205
f 884/500/204 905/510/212 882/498/204
f 882/498/204 905/510/212 906/511/212
f 887/502/202 907/512/211 885/500/202
f 908/510/211 885/500/202 907/512/211
f 891/504/200 909/512/210 889/502/200
f 909/512/210 891/504/200 910/513/210
f 896/490/198 911/505/209 894/504/198
f 894/504/198 911/505/209 912/513/209
f 898/506/208 913/514/216 897/505/208
f 913/514/216 898/506/208 914/515/216
f 900/507/207 915/515/215 899/506/207
f 915/515/215 900/507/207 916/516/215
f 917/517/214 901/507/206 902/508/206
f 901/507/206 917/517/214 918/516/214
f 904/509/205 919/517/213 903/508/205
f 919/517/213 904/509/205 920/518/213
f 905/510/212 921/519/220 906/511/212
f 906/511/212 921/519/220 922/520/220
f 907/512/211 923/519/219 908/510/211
f 923/519/219 907/512/211 924/521/219
f 910/513/210 925/522/218 909/512/210
f 926/521/218 909/512/210 925/522/218
f 911/505/209 927/514/217 912/513/209
f 912/513/209 927/514/217 928/522/217
f 914/515/216 642/362/13 913/514/216
f 642/362/13 914/515/216 643/363/13
f 916/516/215 646/363/15 915/515/215
f 646/363/15 916/516/215 647/366/15
f 649/367/1 918/516/214 917/517/214
f 918/516/214 649/367/1 651/366/1
f 920/518/213 655/367/4 919/517/213
f 655/367/4 920/518/213 653/369/4
f 921/519/220 657/371/5 922/520/220
f 922/520/220 657/371/5 659/373/5
f 924/521/219 663/371/8 923/519/219
f 663/371/8 924/521/219 661/375/8
f 925/522/218 665/377/9 926/521/218
f 926/521/218 665/377/9 667/375/9
f 927/514/217 669/362/11 928/522/217
f 928/522/217 669/362/11 671/377/11
s 0
f 929/523/225 930/524/225 931/525/225
f 929/523/225 932/526/225 930/524/225
f 929/523/225 933/527/225 932/526/225
f 929/523/225 934/528/225 933/527/225
f 929/523/225 935/529/225 934/528/225
f 929/523/225 936/530/225 935/529/225
f 929/523/225 937/531/225 936/530/225
f 929/523/225 938/532/225 937/531/225
f 929/523/225 939/533/225 938/532/225
f 929/523/225 940/534/225 939/533/225
f 929/523/225 941/535/225 940/534/225
f 929/523/225 942/536/225 941/535/225
f 929/523/225 943/537/225 942/536/225
f 929/523/225 944/538/225 943/537/225
f 929/523/225 945/539/225 944/538/225
f 929/523/225 946/540/225 945/539/225
f 929/523/225 947/541/225 946/540/225
f 929/523/225 931/525/225 947/541/225
f 948/542/225 931/525/225 949/543/225
f 931/525/225 930/524/225 949/543/225
f 949/543/225 932/526/225 950/544/225
f 932/526/225 949/543/225 930/524/225
f 933/527/225 950/544/225 932/526/225
f 950/544/225 933/527/225 951/545/225
f 934/528/225 951/545/225 933/527/225
f 951/545/225 934/528/225 952/546/225
f 935/529/225 953/547/225 934/528/225
f 934/528/225 953/547/225 952/546/225
f 936/530/225 953/547/225 935/529/225
f 953/547/225 936/530/225 954/548/225
f 954/548/225 936/530/225 955/549/225
f 936/530/225 937/531/225 955/549/225
f 955/549/225 938/532/225 956/550/225
f 938/532/225 955/549/225 937/531/225
f 957/551/225 938/532/225 939/533/225
f 938/532/225 957/551/225 956/550/225
f 958/552/225 939/533/225 940/534/225
f 939/533/225 958/552/225 957/551/225
f 959/553/225 940/534/225 941/535/225
f 940/534/225 959/553/225 958/552/225
f 942/536/225 959/553/225 941/535/225
f 959/553/225 942/536/225 960/554/225
f 960/554/225 942/536/225 961/555/225
f 942/536/225 943/537/225 961/555/225
f 961/555/225 944/538/225 962/556/225
f 944/538/225 961/555/225 943/537/225
f 945/539/225 962/556/225 944/538/225
f 962/556/225 945/539/225 963/557/225
f 946/540/225 963/557/225 945/539/225
f 963/557/225 946/540/225 964/558/225
f 947/541/225 965/559/225 946/540/225
f 946/540/225 965/559/225 964/558/225
f 931/525/225 965/559/225 947/541/225
f 965/559/225 931/525/225 948/542/225
f 966/560/225 948/542/225 967/561/225
f 948/542/225 949/543/225 967/561/225
f 967/561/225 950/544/225 968/562/225
f 950/544/225 967/561/225 949/543/225
f 968/562/225 951/545/225 969/563/225
f 951/545/225 968/562/225 950/544/225
f 952/546/225 969/563/225 951/545/225
f 969/563/225 952/546/225 970/564/225
f 953/547/225 971/565/225 952/546/225
f 952/546/225 971/565/225 970/564/225
f 954/548/225 971/565/225 953/547/225
f 971/565/225 954/548/225 972/566/225
f 972/566/225 954/548/225 973/567/225
f 954/548/225 955/549/225 973/567/225
f 974/568/225 973/567/225 955/549/225
f 974/568/225 955/549/225 956/550/225
f 956/550/225 975/569/225 974/568/225
f 975/569/225 956/550/225 957/551/225
f 976/570/225 957/551/225 958/552/225
f 957/551/225 976/570/225 975/569/225
f 959/553/225 976/570/225 958/552/225
f 976/570/225 959/553/225 977/571/225
f 960/554/225 977/571/225 959/553/225
f 977/571/225 960/554/225 978/572/225
f 978/572/225 960/554/225 979/573/225
f 960/554/225 961/555/225 979/573/225
f 980/574/225 979/573/225 961/555/225
f 980/574/225 961/555/225 962/556/225
f 980/574/225 963/557/225 981/575/225
f 963/557/225 980/574/225 962/556/225
f 964/558/225 981/575/225 963/557/225
f 981/575/225 964/558/225 982/576/225
f 965/559/225 983/577/225 964/558/225
f 964/558/225 983/577/225 982/576/225
f 948/542/225 983/577/225 965/559/225
f 983/577/225 948/542/225 966/560/225
s 1
f 984/578/226 985/579/226 986/580/227
f 986/580/227 985/579/226 987/581/227
f 986/580/227 987/581/227 988/582/228
f 988/582/228 987/581/227 989/583/228
f 988/582/228 989/583/228 990/584/229
f 990/584/229 989/583/228 991/585/229
f 990/584/229 991/585/229 992/586/230
f 992/586/230 991/585/229 993/587/231
f 992/586/230 993/587/231 994/588/232
f 994/588/232 993/587/231 995/589/233
f 994/588/232 995/589/233 996/590/234
f 996/590/234 995/589/233 997/591/234
f 996/590/234 997/591/234 998/592/235
f 998/592/235 997/591/234 999/593/235
f 998/592/235 999/593/235 1000/594/236
f 1000/594/236 999/593/235 1001/595/236
f 1000/594/236 1001/595/236 1002/596/237
f 1002/596/237 1001/595/236 1003/597/237
f 1002/596/237 1003/597/237 1004/598/238
f 1004/598/238 1003/597/237 1005/599/238
f 1004/598/238 1005/599/238 1006/600/239
f 1006/600/239 1005/599/238 1007/601/239
f 1006/600/239 1007/601/239 1008/602/240
f 1008/602/240 1007/601/239 1009/603/240
f 1008/602/240 1009/603/240 1010/604/241
f 1010/604/241 1009/603/240 1011/605/242
f 1010/604/241 1011/605/242 1012/606/243
f 1012/606/243 1011/605/242 1013/607/244
f 1012/606/243 1013/607/244 1014/608/245
f 1014/608/245 1013/607/244 1015/609/245
f 1014/608/245 1015/609/245 1016/610/246
f 1016/610/246 1015/609/245 1017/611/246
f 1016/610/246 1017/611/246 1018/612/247
f 1018/612/247 1017/611/246 1019/613/247
f 1018/612/247 1019/613/247 1020/614/226
f 1020/614/226 1019/613/247 1021/615/226
f 1022/616/248 1023/617/249 1024/618/250
f 1023/617/249 1022/616/248 1025/619/251
f 1023/617/249 1026/620/252 1027/621/253
f 1023/617/249 1027/621/253 1024/618/250
f 1027/621/253 1026/620/252 1028/622/254
f 1026/620/252 1029/623/255 1028/622/254
f 1029/623/255 1030/624/256 1031/625/257
f 1029/623/255 1031/625/257 1028/622/254
f 1032/626/258 1031/625/257 1030/624/256
f 1031/625/257 1032/626/258 1033/627/259
f 1034/628/260 1032/626/258 1035/629/261
f 1032/626/258 1034/628/260 1033/627/259
f 1034/628/260 1036/630/262 1037/631/263
f 1036/630/262 1034/628/260 1035/629/261
f 1036/630/262 1038/632/264 1039/633/265
f 1036/630/262 1039/633/265 1037/631/263
f 1039/633/265 1038/632/264 1040/634/266
f 1038/632/264 1041/635/267 1040/634/266
f 1042/636/268 1040/634/266 1041/635/267
f 1040/634/266 1042/636/268 1043/637/269
f 1044/638/270 1043/637/269 1042/636/268
f 1043/637/269 1044/638/270 1045/639/271
f 1046/640/272 1044/638/270 1047/641/273
f 1044/638/270 1046/640/272 1045/639/271
f 1046/640/272 1048/642/274 1049/643/275
f 1048/642/274 1046/640/272 1047/641/273
f 1050/644/276 1049/643/275 1048/642/274
f 1049/643/275 1050/644/276 1051/645/277
f 1051/645/277 1050/644/276 1052/646/278
f 1050/644/276 1053/647/279 1052/646/278
f 1054/648/280 1055/649/281 1053/647/279
f 1053/647/279 1055/649/281 1052/646/278
f 1056/650/282 1055/649/281 1054/648/280
f 1055/649/281 1056/650/282 1057/651/283
f 1022/616/248 1056/650/282 1025/619/251
f 1056/650/282 1022/616/248 1057/651/283
f 1058/652/284 1024/618/250 1059/653/285
f 1024/618/250 1058/652/284 1022/616/248
f 1027/621/253 1059/653/285 1024/618/250
f 1059/653/285 1027/621/253 1060/654/286
f 1027/621/253 1061/655/287 1060/654/286
f 1061/655/287 1027/621/253 1028/622/254
f 1061/655/287 1028/622/254 1031/625/257
f 1061/655/287 1031/625/257 1062/656/288
f 1062/656/288 1031/625/257 1033/627/259
f 1033/627/259 1063/657/289 1062/656/288
f 1064/658/290 1033/627/259 1034/628/260
f 1033/627/259 1064/658/290 1063/657/289
f 1064/658/290 1037/631/263 1065/659/291
f 1037/631/263 1064/658/290 1034/628/260
f 1037/631/263 1066/660/292 1065/659/291
f 1066/660/292 1037/631/263 1039/633/265
f 1039/633/265 1067/661/293 1066/660/292
f 1067/661/293 1039/633/265 1040/634/266
f 1067/661/293 1040/634/266 1043/637/269
f 1067/661/293 1043/637/269 1068/662/294
f 1068/662/294 1043/637/269 1045/639/271
f 1045/639/271 1069/663/295 1068/662/294
f 1070/664/296 1045/639/271 1046/640/272
f 1045/639/271 1070/664/296 1069/663/295
f 1071/665/297 1046/640/272 1049/643/275
f 1046/640/272 1071/665/297 1070/664/296
f 1049/643/275 1072/666/298 1071/665/297
f 1072/666/298 1049/643/275 1051/645/277
f 1052/646/278 1072/666/298 1051/645/277
f 1072/666/298 1052/646/278 1073/667/299
f 1052/646/278 1074/668/300 1073/667/299
f 1074/668/300 1052/646/278 1055/649/281
f 1074/668/300 1055/649/281 1057/651/283
f 1057/651/283 1075/669/301 1074/668/300
f 1058/652/284 1057/651/283 1022/616/248
f 1057/651/283 1058/652/284 1075/669/301
f 1076/670/302 1077/671/303 1078/672/304
f 1076/670/302 1078/672/304 1079/673/305
f 1076/670/302 1079/673/305 1080/674/306
f 1076/670/302 1080/674/306 1081/675/307
f 1076/670/302 1081/675/307 1082/676/308
f 1076/670/302 1082/676/308 1083/677/309
f 1076/670/302 1083/677/309 1084/678/310
f 1076/670/302 1084/678/310 1085/679/311
f 1076/670/302 1085/679/311 1086/680/312
f 1076/670/302 1086/680/312 1087/681/313
f 1076/670/302 1087/681/313 1088/682/314
f 1076/670/302 1088/682/314 1089/683/315
f 1076/670/302 1089/683/315 1090/684/316
f 1076/670/302 1090/684/316 1091/685/317
f 1076/670/302 1091/685/317 1092/686/318
f 1076/670/302 1092/686/318 1093/687/319
f 1076/670/302 1093/687/319 1094/688/320
f 1076/670/302 1094/688/320 1077/671/303
f 1095/689/321 1096/690/322 1097/691/323
f 1097/691/323 1098/692/324 1095/689/321
f 1099/693/325 1100/694/326 1096/690/322
f 1096/690/322 1095/689/321 1099/693/325
f 1099/693/325 1101/695/327 1100/694/326
f 1101/695/327 1099/693/325 1102/696/328
f 1103/697/329 1102/696/328 1104/698/330
f 1102/696/328 1103/697/329 1101/695/327
f 1105/699/331 1106/700/332 1107/701/333
f 1106/700/332 1105/699/331 1108/702/334
f 1109/703/335 1110/704/336 1105/699/331
f 1105/699/331 1107/701/333 1109/703/335
f 1111/705/337 1112/706/338 1110/704/336
f 1110/704/336 1109/703/335 1111/705/337
f 1111/705/337 1113/707/339 1112/706/338
f 1113/707/339 1111/705/337 1114/708/340
f 1115/709/341 1114/708/340 1116/710/342
f 1114/708/340 1115/709/341 1113/707/339
f 1117/711/343 1118/712/344 1115/709/341
f 1115/709/341 1116/710/342 1117/711/343
f 1119/713/345 1120/714/346 1118/712/344
f 1118/712/344 1117/711/343 1119/713/345
f 1119/713/345 1121/715/347 1120/714/346
f 1121/715/347 1119/713/345 1122/716/348
f 1123/717/349 1122/716/348 1124/718/350
f 1122/716/348 1123/717/349 1121/715/347
f 1125/719/351 1124/718/350 1126/720/352
f 1124/718/350 1125/719/351 1123/717/349
f 1127/721/353 1128/722/354 1125/719/351
f 1125/719/351 1126/720/352 1127/721/353
f 1129/723/355 1130/724/356 1128/722/354
f 1128/722/354 1127/721/353 1129/723/355
f 1129/723/355 1131/725/357 1130/724/356
f 1131/725/357 1129/723/355 1132/726/358
f 1131/725/357 1132/726/358 1097/691/323
f 1097/691/323 1132/726/358 1098/692/324
f 1098/692/324 1133/727/359 1095/689/321
f 1133/727/359 1098/692/324 1134/728/360
f 1095/689/321 1135/729/361 1099/693/325
f 1135/729/361 1095/689/321 1133/727/359
f 1099/693/325 1135/729/361 1102/696/328
f 1102/696/328 1135/729/361 1136/730/362
f 1102/696/328 1136/730/362 1104/698/330
f 1104/698/330 1136/730/362 1137/731/363
f 1106/700/332 1138/732/364 1107/701/333
f 1107/701/333 1138/732/364 1139/733/365
f 1107/701/333 1140/734/366 1109/703/335
f 1140/734/366 1107/701/333 1139/733/365
f 1109/703/335 1141/735/367 1111/705/337
f 1141/735/367 1109/703/335 1140/734/366
f 1111/705/337 1141/735/367 1114/708/340
f 1114/708/340 1141/735/367 1142/736/368
f 1142/736/368 1116/710/342 1114/708/340
f 1116/710/342 1142/736/368 1143/737/369
f 1116/710/342 1144/738/370 1117/711/343
f 1144/738/370 1116/710/342 1143/737/369
f 1117/711/343 1145/739/371 1119/713/345
f 1145/739/371 1117/711/343 1144/738/370
f 1119/713/345 1145/739/371 1122/716/348
f 1122/716/348 1145/739/371 1146/740/372
f 1122/716/348 1146/740/372 1124/718/350
f 1124/718/350 1146/740/372 1147/741/373
f 1124/718/350 1148/742/374 1126/720/352
f 1148/742/374 1124/718/350 1147/741/373
f 1126/720/352 1149/743/375 1127/721/353
f 1149/743/375 1126/720/352 1148/742/374
f 1127/721/353 1150/744/376 1129/723/355
f 1150/744/376 1127/721/353 1149/743/375
f 1129/723/355 1150/744/376 1132/726/358
f 1132/726/358 1150/744/376 1151/745/377
f 1132/726/358 1151/745/377 1098/692/324
f 1098/692/324 1151/745/377 1134/728/360
f 1152/746/302 1153/747/378 1154/748/379
f 1153/747/378 1152/746/302 1155/749/302
f 1156/750/380 1157/751/302 1152/746/302
f 1152/746/302 1154/748/379 1156/750/380
f 1156/750/380 1158/752/302 1157/751/302
f 1158/752/302 1156/750/380 1159/753/381
f 1160/754/382 1158/752/302 1159/753/381
f 1158/752/302 1160/754/382 1161/755/302
f 1162/756/383 1161/755/302 1160/754/382
f 1161/755/302 1162/756/383 1163/757/302
f 1164/758/302 1162/756/383 1165/759/384
f 1162/756/383 1164/758/302 1163/757/302
f 1166/760/385 1167/761/302 1164/758/302
f 1164/758/302 1165/759/384 1166/760/385
f 1168/762/386 1169/763/302 1167/761/302
f 1167/761/302 1166/760/385 1168/762/386
f 1168/762/386 1170/764/302 1169/763/302
f 1170/764/302 1168/762/386 1171/765/387
f 1171/765/387 1172/766/302 1170/764/302
f 1172/766/302 1171/765/387 1173/767/388
f 1174/768/389 1172/766/302 1173/767/388
f 1172/766/302 1174/768/389 1175/769/302
f 1176/770/302 1174/768/389 1177/771/390
f 1174/768/389 1176/770/302 1175/769/302
f 1178/772/302 1177/771/390 1179/773/391
f 1177/771/390 1178/772/302 1176/770/302
f 1180/774/392 1181/775/302 1178/772/302
f 1178/772/302 1179/773/391 1180/774/392
f 1180/774/392 1182/776/302 1181/775/302
f 1182/776/302 1180/774/392 1183/777/393
f 1183/777/393 1184/778/302 1182/776/302
f 1184/778/302 1183/777/393 1185/779/394
f 1185/779/394 1186/780/302 1184/778/302
f 1186/780/302 1185/779/394 1187/781/395
f 1153/747/378 1186/780/302 1187/781/395
f 1186/780/302 1153/747/378 1155/749/302
f 1188/782/396 1189/783/396 1190/784/397
f 1190/784/397 1191/785/397 1188/782/396
f 1192/786/398 1193/787/398 1189/783/396
f 1189/783/396 1188/782/396 1192/786/398
f 1194/788/399 1192/786/398 1195/789/399
f 1192/786/398 1194/788/399 1193/787/398
f 1196/790/400 1197/791/401 1198/792/400
f 1197/791/401 1196/790/400 1199/793/401
f 1200/794/402 1198/792/400 1201/795/402
f 1198/792/400 1200/794/402 1196/790/400
f 1202/796/403 1203/797/403 1200/794/402
f 1200/794/402 1201/795/402 1202/796/403
f 1204/798/404 1205/799/404 1203/797/403
f 1203/797/403 1202/796/403 1204/798/404
f 1206/800/405 1204/798/404 1207/801/405
f 1204/798/404 1206/800/405 1205/799/404
f 1208/802/406 1207/801/405 1209/803/406
f 1207/801/405 1208/802/406 1206/800/405
f 1210/804/407 1211/805/407 1208/802/406
f 1208/802/406 1209/803/406 1210/804/407
f 1212/806/408 1213/807/408 1211/805/407
f 1211/805/407 1210/804/407 1212/806/408
f 1214/808/409 1212/806/408 1215/809/409
f 1212/806/408 1214/808/409 1213/807/408
f 1216/810/410 1215/809/409 1217/811/410
f 1215/809/409 1216/810/410 1214/808/409
f 1218/812/411 1219/813/411 1216/810/410
f 1216/810/410 1217/811/410 1218/812/411
f 1220/814/412 1221/815/412 1219/813/411
f 1219/813/411 1218/812/411 1220/814/412
f 1222/816/413 1223/817/413 1221/815/412
f 1221/815/412 1220/814/412 1222/816/413
f 1224/818/414 1222/816/413 1225/819/414
f 1222/816/413 1224/818/414 1223/817/413
f 1224/818/414 1225/819/414 1190/784/397
f 1190/784/397 1225/819/414 1191/785/397
f 1226/820/415 1154/748/379 1153/747/378
f 1154/748/379 1226/820/415 1227/821/416
f 1227/821/416 1156/750/380 1154/748/379
f 1156/750/380 1227/821/416 1228/822/417
f 1228/822/417 1229/823/418 1156/750/380
f 1156/750/380 1229/823/418 1159/753/381
f 1229/823/418 1230/824/419 1159/753/381
f 1159/753/381 1230/824/419 1160/754/382
f 1230/824/419 1162/756/383 1160/754/382
f 1162/756/383 1230/824/419 1231/825/420
f 1231/825/420 1165/759/384 1162/756/383
f 1165/759/384 1231/825/420 1232/826/421
f 1232/826/421 1166/760/385 1165/759/384
f 1166/760/385 1232/826/421 1233/827/422
f 1233/827/422 1234/828/423 1166/760/385
f 1168/762/386 1166/760/385 1234/828/423
f 1234/828/423 1171/765/387 1168/762/386
f 1171/765/387 1234/828/423 1235/829/424
f 1235/829/424 1173/767/388 1171/765/387
f 1173/767/388 1235/829/424 1236/830/425
f 1237/831/426 1173/767/388 1236/830/425
f 1173/767/388 1237/831/426 1174/768/389
f 1238/832/427 1174/768/389 1237/831/426
f 1177/771/390 1174/768/389 1238/832/427
f 1238/832/427 1239/833/428 1177/771/390
f 1179/773/391 1177/771/390 1239/833/428
f 1239/833/428 1240/834/429 1179/773/391
f 1180/774/392 1179/773/391 1240/834/429
f 1240/834/429 1241/835/430 1180/774/392
f 1180/774/392 1241/835/430 1183/777/393
f 1241/835/430 1242/836/431 1183/777/393
f 1183/777/393 1242/836/431 1185/779/394
f 1243/837/432 1185/779/394 1242/836/431
f 1185/779/394 1243/837/432 1187/781/395
f 1153/747/378 1187/781/395 1226/820/415
f 1226/820/415 1187/781/395 1243/837/432
f 1244/838/433 1245/821/434 1246/820/433
f 1245/821/434 1244/838/433 1247/839/434
f 1248/840/323 1249/841/322 1250/838/435
f 1251/839/436 1250/838/435 1249/841/322
f 1247/839/434 1252/822/437 1245/821/434
f 1252/822/437 1247/839/434 1253/842/437
f 1249/841/322 1254/843/326 1251/839/436
f 1255/842/438 1251/839/436 1254/843/326
f 1253/842/437 1256/844/439 1252/822/437
f 1257/823/439 1252/822/437 1256/844/439
f 1254/843/326 1258/844/440 1255/842/438
f 1258/844/440 1254/843/326 1259/845/327
f 1256/844/439 1260/846/441 1257/823/439
f 1261/824/441 1257/823/439 1260/846/441
f 1259/845/327 1262/846/442 1258/844/440
f 1262/846/442 1259/845/327 1263/847/329
f 1260/846/441 1264/825/443 1261/824/441
f 1264/825/443 1260/846/441 1265/848/443
f 1263/847/329 1266/848/444 1262/846/442
f 1266/848/444 1263/847/329 1267/849/331
f 1265/848/443 1268/826/445 1264/825/443
f 1268/826/445 1265/848/443 1269/850/445
f 1267/849/331 1270/851/336 1266/848/444
f 1271/850/446 1266/848/444 1270/851/336
f 1269/850/445 1272/827/447 1268/826/445
f 1272/827/447 1269/850/445 1273/852/447
f 1270/851/336 1274/853/338 1271/850/446
f 1275/852/448 1271/850/446 1274/853/338
f 1273/852/447 1276/854/449 1272/827/447
f 1277/828/449 1272/827/447 1276/854/449
f 1274/853/338 1278/854/450 1275/852/448
f 1278/854/450 1274/853/338 1279/855/339
f 1276/854/449 1280/856/451 1277/828/449
f 1281/829/451 1277/828/449 1280/856/451
f 1279/855/339 1282/856/452 1278/854/450
f 1282/856/452 1279/855/339 1283/857/341
f 1280/856/451 1284/830/453 1281/829/451
f 1284/830/453 1280/856/451 1285/858/453
f 1283/857/341 1286/859/344 1282/856/452
f 1287/858/454 1282/856/452 1286/859/344
f 1285/858/453 1288/831/455 1284/830/453
f 1288/831/455 1285/858/453 1289/860/455
f 1286/859/344 1290/861/346 1287/858/454
f 1291/860/456 1287/858/454 1290/861/346
f 1289/860/455 1292/862/457 1288/831/455
f 1293/832/457 1288/831/455 1292/862/457
f 1290/861/346 1294/862/458 1291/860/456
f 1294/862/458 1290/861/346 1295/863/347
f 1292/862/457 1296/864/459 1293/832/457
f 1297/833/459 1293/832/457 1296/864/459
f 1295/863/347 1298/864/460 1294/862/458
f 1298/864/460 1295/863/347 1299/865/349
f 1296/864/459 1300/866/461 1297/833/459
f 1301/834/461 1297/833/459 1300/866/461
f 1299/865/349 1302/867/351 1298/864/460
f 1303/866/462 1298/864/460 1302/867/351
f 1300/866/461 1304/835/463 1301/834/461
f 1304/835/463 1300/866/461 1305/868/463
f 1302/867/351 1306/869/354 1303/866/462
f 1307/868/464 1303/866/462 1306/869/354
f 1305/868/463 1308/836/465 1304/835/463
f 1308/836/465 1305/868/463 1309/870/465
f 1306/869/354 1310/871/356 1307/868/464
f 1311/870/466 1307/868/464 1310/871/356
f 1309/870/465 1312/872/467 1308/836/465
f 1313/837/467 1308/836/465 1312/872/467
f 1310/871/356 1314/872/468 1311/870/466
f 1314/872/468 1310/871/356 1315/873/357
f 1312/872/467 1244/838/433 1313/837/467
f 1246/820/433 1313/837/467 1244/838/433
f 1315/873/357 1250/838/435 1314/872/468
f 1250/838/435 1315/873/357 1248/840/323
f 1316/874/225 1317/875/469 1318/876/470
f 1316/874/225 1319/877/471 1317/875/469
f 1316/874/225 1320/878/472 1319/877/471
f 1316/874/225 1321/879/473 1320/878/472
f 1316/874/225 1322/880/474 1321/879/473
f 1316/874/225 1323/881/475 1322/880/474
f 1316/874/225 1324/882/476 1323/881/475
f 1316/874/225 1325/883/477 1324/882/476
f 1316/874/225 1326/884/478 1325/883/477
f 1316/874/225 1327/885/479 1328/886/478
f 1316/874/225 1329/887/480 1327/885/479
f 1316/874/225 1330/888/481 1329/887/480
f 1316/874/225 1331/889/482 1330/888/481
f 1316/874/225 1332/890/483 1331/889/482
f 1316/874/225 1333/891/484 1332/890/483
f 1316/874/225 1334/892/485 1333/891/484
f 1316/874/225 1335/893/486 1334/892/485
f 1316/874/225 1318/876/470 1335/893/486
f 1336/894/487 1318/876/470 1337/895/488
f 1318/876/470 1317/875/469 1337/895/488
f 1337/895/488 1319/877/471 1338/896/489
f 1319/877/471 1337/895/488 1317/875/469
f 1339/897/490 1319/877/471 1320/878/472
f 1319/877/471 1339/897/490 1338/896/489
f 1340/898/491 1320/878/472 1321/879/473
f 1320/878/472 1340/898/491 1339/897/490
f 1322/880/474 1340/898/491 1321/879/473
f 1340/898/491 1322/880/474 1341/899/492
f 1323/881/475 1341/899/492 1322/880/474
f 1341/899/492 1323/881/475 1342/900/493
f 1342/900/493 1323/881/475 1343/901/494
f 1323/881/475 1324/882/476 1343/901/494
f 1343/901/494 1324/882/476 1344/902/495
f 1344/902/495 1324/882/476 1325/883/477
f 1345/903/496 1325/883/477 1326/884/478
f 1325/883/477 1345/903/496 1344/902/495
f 1327/885/479 1346/904/496 1328/886/478
f 1346/904/496 1327/885/479 1347/905/497
f 1348/906/498 1327/885/479 1329/887/480
f 1327/885/479 1348/906/498 1347/905/497
f 1330/888/481 1349/907/499 1329/887/480
f 1329/887/480 1349/907/499 1348/906/498
f 1349/907/499 1331/889/482 1350/908/500
f 1331/889/482 1349/907/499 1330/888/481
f 1350/908/500 1332/890/483 1351/909/501
f 1332/890/483 1350/908/500 1331/889/482
f 1352/910/502 1332/890/483 1333/891/484
f 1332/890/483 1352/910/502 1351/909/501
f 1353/911/503 1333/891/484 1334/892/485
f 1333/891/484 1353/911/503 1352/910/502
f 1335/893/486 1353/911/503 1334/892/485
f 1353/911/503 1335/893/486 1354/912/504
f 1318/876/470 1336/894/487 1335/893/486
f 1354/912/504 1335/893/486 1336/894/487
f 1355/913/226 1356/914/226 1357/915/227
f 1357/915/227 1356/914/226 1358/916/227
f 1357/915/227 1358/916/227 1359/917/228
f 1359/917/228 1358/916/227 1360/918/228
f 1359/917/228 1360/918/228 1361/919/229
f 1361/919/229 1360/918/228 1362/920/229
f 1361/919/229 1362/920/229 1363/921/230
f 1363/921/230 1362/920/229 1364/922/231
f 1363/921/230 1364/922/231 1365/923/232
f 1365/923/232 1364/922/231 1366/924/233
f 1365/923/232 1366/924/233 1367/925/234
f 1367/925/234 1366/924/233 1368/926/234
f 1367/925/234 1368/926/234 1369/927/235
f 1369/927/235 1368/926/234 1370/928/235
f 1369/927/235 1370/928/235 1371/929/236
f 1371/929/236 1370/928/235 1372/930/236
f 1371/929/236 1372/930/236 1373/931/237
f 1373/931/237 1372/930/236 1374/932/237
f 1375/933/237 1376/934/237 1377/935/238
f 1377/935/238 1376/934/237 1378/936/238
f 1377/935/238 1378/936/238 1379/937/239
f 1379/937/239 1378/936/238 1380/938/239
f 1379/937/239 1380/938/239 1381/939/240
f 1381/939/240 1380/938/239 1382/940/240
f 1381/939/240 1382/940/240 1383/941/241
f 1383/941/241 1382/940/240 1384/942/242
f 1383/941/241 1384/942/242 1385/943/243
f 1385/943/243 1384/942/242 1386/944/244
f 1385/943/243 1386/944/244 1387/945/245
f 1387/945/245 1386/944/244 1388/946/245
f 1387/945/245 1388/946/245 1389/947/246
f 1389/947/246 1388/946/245 1390/948/246
f 1389/947/246 1390/948/246 1391/949/247
f 1391/949/247 1390/948/246 1392/950/247
f 1391/949/247 1392/950/247 1355/913/226
f 1355/913/226 1392/950/247 1356/914/226
f 1393/951/505 1394/952/506 1395/953/507
f 1394/952/506 1393/951/505 1396/954/508
f 1396/954/508 1397/955/509 1394/952/506
f 1397/955/509 1396/954/508 1398/956/510
f 1398/956/510 1399/957/511 1397/955/509
f 1400/958/512 1397/955/509 1399/957/511
f 1399/957/511 1401/959/513 1400/958/512
f 1402/960/514 1400/958/512 1401/959/513
f 1401/959/513 1403/961/515 1402/960/514
f 1404/962/516 1402/960/514 1403/961/515
f 1403/961/515 1405/963/517 1404/962/516
f 1405/963/517 1403/961/515 1406/964/518
f 1406/964/518 1407/965/519 1405/963/517
f 1407/965/519 1406/964/518 1408/966/520
f 1408/966/520 1409/967/521 1407/965/519
f 1410/968/522 1407/965/519 1409/967/521
f 1409/967/521 1411/969/523 1410/968/522
f 1412/970/524 1410/968/522 1411/969/523
f 1411/969/523 1413/971/525 1412/970/524
f 1413/971/525 1411/969/523 1414/972/526
f 1414/972/526 1415/973/527 1413/971/525
f 1415/973/527 1414/972/526 1416/974/528
f 1416/974/528 1417/975/529 1415/973/527
f 1418/976/530 1415/973/527 1417/975/529
f 1417/975/529 1419/977/531 1418/976/530
f 1420/978/532 1418/976/530 1419/977/531
f 1419/977/531 1421/979/533 1420/978/532
f 1422/980/534 1420/978/532 1421/979/533
f 1421/979/533 1423/981/535 1422/980/534
f 1423/981/535 1421/979/533 1424/982/536
f 1424/982/536 1425/983/537 1423/981/535
f 1425/983/537 1424/982/536 1426/984/538
f 1426/984/538 1427/985/539 1425/983/537
f 1428/986/540 1425/983/537 1427/985/539
f 1427/985/539 1393/951/505 1428/986/540
f 1395/953/507 1428/986/540 1393/951/505
f 1429/987/541 1395/953/507 1394/952/506
f 1395/953/507 1429/987/541 1430/988/542
f 1429/987/541 1394/952/506 1397/955/509
f 1429/987/541 1397/955/509 1431/989/305
f 1397/955/509 1432/990/543 1431/989/305
f 1432/990/543 1397/955/509 1400/958/512
f 1400/958/512 1402/960/514 1432/990/543
f 1432/990/543 1402/960/514 1433/991/307
f 1404/962/516 1433/991/307 1402/960/514
f 1433/991/307 1404/962/516 1434/992/544
f 1404/962/516 1435/993/309 1434/992/544
f 1435/993/309 1404/962/516 1405/963/517
f 1436/994/545 1405/963/517 1407/965/519
f 1405/963/517 1436/994/545 1435/993/309
f 1436/994/545 1407/965/519 1410/968/522
f 1436/994/545 1410/968/522 1437/995/311
f 1410/968/522 1438/996/546 1437/995/311
f 1438/996/546 1410/968/522 1412/970/524
f 1412/970/524 1439/997/547 1438/996/546
f 1439/997/547 1412/970/524 1413/971/525
f 1415/973/527 1439/997/547 1413/971/525
f 1439/997/547 1415/973/527 1440/998/314
f 1441/999/548 1415/973/527 1418/976/530
f 1415/973/527 1441/999/548 1440/998/314
f 1442/1000/316 1441/999/548 1420/978/532
f 1441/999/548 1418/976/530 1420/978/532
f 1443/1001/549 1442/1000/316 1422/980/534
f 1442/1000/316 1420/978/532 1422/980/534
f 1422/980/534 1444/1002/318 1443/1001/549
f 1444/1002/318 1422/980/534 1423/981/535
f 1423/981/535 1445/1003/319 1444/1002/318
f 1445/1003/319 1423/981/535 1425/983/537
f 1425/983/537 1446/1004/550 1445/1003/319
f 1446/1004/550 1425/983/537 1428/986/540
f 1446/1004/550 1395/953/507 1430/988/542
f 1395/953/507 1446/1004/550 1428/986/540
f 1447/1005/551 1448/1006/552 1449/1007/553
f 1448/1006/552 1447/1005/551 1450/1008/554
f 1447/1005/551 1451/1009/555 1450/1008/554
f 1452/1010/555 1453/1011/556 1454/1012/557
f 1451/1009/555 1447/1005/551 1452/1010/555
f 1453/1011/556 1452/1010/555 1447/1005/551
f 1454/1012/557 1455/1013/558 1456/1014/559
f 1455/1013/558 1454/1012/557 1453/1011/556
f 1457/1015/560 1458/1016/561 1455/1013/558
f 1455/1013/558 1458/1016/561 1456/1014/559
f 1459/1017/561 1457/1015/560 1460/1018/562
f 1458/1016/561 1457/1015/560 1459/1017/561
f 1461/1019/563 1462/1020/564 1463/1021/565
f 1463/1021/565 1462/1020/564 1464/1022/566
f 1465/1023/567 1461/1019/563 1466/1024/567
f 1461/1019/563 1465/1023/567 1462/1020/564
f 1466/1024/567 1467/1025/568 1468/1026/569
f 1467/1025/568 1466/1024/567 1461/1019/563
f 1469/1027/570 1470/1028/571 1467/1025/568
f 1468/1026/569 1467/1025/568 1470/1028/571
f 1471/1029/572 1472/1030/573 1473/1031/572
f 1469/1027/570 1471/1029/572 1470/1028/571
f 1473/1031/572 1472/1030/573 1474/1032/574
f 1472/1030/573 1471/1029/572 1469/1027/570
f 1475/1033/575 1472/1030/573 1476/1034/576
f 1472/1030/573 1475/1033/575 1474/1032/574
f 1477/1035/577 1478/1036/578 1476/1034/576
f 1476/1034/576 1478/1036/578 1475/1033/575
f 1479/1037/579 1477/1035/577 1480/1038/580
f 1478/1036/578 1477/1035/577 1479/1037/579
f 1481/1039/581 1482/1040/582 1477/1035/577
f 1477/1035/577 1482/1040/582 1480/1038/580
f 1483/1041/583 1484/1042/584 1485/1043/585
f 1481/1039/581 1483/1041/583 1482/1040/582
f 1485/1043/585 1484/1042/584 1486/1044/586
f 1484/1042/584 1483/1041/583 1481/1039/581
f 1487/1045/587 1488/1046/588 1484/1042/584
f 1486/1044/586 1484/1042/584 1488/1046/588
f 1487/1045/587 1489/1047/589 1488/1046/588
f 1489/1047/589 1487/1045/587 1490/1048/589
f 1490/1048/589 1491/1049/590 1492/1050/591
f 1491/1049/590 1490/1048/589 1487/1045/587
f 1493/1051/592 1492/1050/591 1491/1049/590
f 1492/1050/591 1493/1051/592 1494/1052/593
f 1495/1053/594 1496/1054/595 1493/1051/592
f 1493/1051/592 1497/1055/596 1494/1052/593
f 1496/1054/595 1495/1053/594 1498/1056/597
f 1497/1055/596 1493/1051/592 1496/1054/595
f 1499/1057/598 1495/1053/594 1500/1058/599
f 1495/1053/594 1499/1057/598 1498/1056/597
f 1501/1059/600 1500/1058/599 1502/1060/601
f 1500/1058/599 1501/1059/600 1499/1057/598
f 1502/1060/601 1449/1007/553 1448/1006/552
f 1449/1007/553 1502/1060/601 1500/1058/599
f 1503/1061/602 1504/1062/603 1505/1063/604
f 1503/1061/602 1505/1063/604 1506/1064/605
f 1507/1065/606 1508/1066/607 1509/1067/608
f 1510/1068/607 1503/1061/602 1506/1064/605
f 1508/1066/607 1503/1061/602 1510/1068/607
f 1503/1061/602 1508/1066/607 1507/1065/606
f 1507/1065/606 1511/1069/609 1512/1070/610
f 1511/1069/609 1507/1065/606 1509/1067/608
f 1513/1071/611 1514/1072/612 1515/1073/613
f 1516/1074/612 1512/1070/610 1511/1069/609
f 1512/1070/610 1516/1074/612 1514/1072/612
f 1512/1070/610 1514/1072/612 1513/1071/611
f 1517/1075/611 1518/1076/614 1519/1077/615
f 1518/1076/614 1517/1075/611 1520/1078/613
f 1521/1079/616 1522/1080/617 1523/1081/618
f 1524/1082/617 1519/1077/615 1518/1076/614
f 1522/1080/617 1521/1079/616 1524/1082/617
f 1519/1077/615 1524/1082/617 1521/1079/616
f 1525/1083/619 1521/1079/616 1523/1081/618
f 1521/1079/616 1525/1083/619 1526/1084/620
f 1527/1085/621 1528/1086/622 1529/1087/623
f 1530/1088/622 1526/1084/620 1525/1083/619
f 1528/1086/622 1527/1085/621 1530/1088/622
f 1526/1084/620 1530/1088/622 1527/1085/621
f 1527/1085/621 1531/1089/624 1532/1090/625
f 1531/1089/624 1527/1085/621 1529/1087/623
f 1533/1091/626 1534/1092/627 1535/1093/628
f 1536/1094/627 1532/1090/625 1531/1089/624
f 1534/1092/627 1533/1091/626 1536/1094/627
f 1532/1090/625 1536/1094/627 1533/1091/626
f 1533/1091/626 1535/1093/628 1537/1095/629
f 1537/1095/629 1535/1093/628 1538/1096/630
f 1539/1097/631 1540/1098/632 1541/1099/631
f 1540/1098/632 1539/1097/631 1542/1100/633
f 1541/1099/631 1537/1095/629 1538/1096/630
f 1537/1095/629 1541/1099/631 1540/1098/632
f 1540/1098/632 1543/1101/634 1544/1102/635
f 1543/1101/634 1540/1098/632 1542/1100/633
f 1545/1103/636 1546/1104/637 1547/1105/638
f 1548/1106/639 1544/1102/635 1543/1101/634
f 1546/1104/637 1544/1102/635 1548/1106/639
f 1544/1102/635 1546/1104/637 1545/1103/636
f 1545/1103/636 1547/1105/638 1549/1107/640
f 1549/1107/640 1547/1105/638 1550/1108/641
f 1551/1109/642 1552/1110/643 1553/1111/644
f 1554/1112/645 1549/1107/640 1550/1108/641
f 1552/1110/643 1549/1107/640 1554/1112/645
f 1549/1107/640 1552/1110/643 1551/1109/642
f 1551/1109/642 1555/1113/646 1556/1114/647
f 1555/1113/646 1551/1109/642 1553/1111/644
f 1504/1062/603 1557/1115/648 1505/1063/604
f 1558/1116/648 1556/1114/647 1555/1113/646
f 1557/1115/648 1556/1114/647 1558/1116/648
f 1556/1114/647 1557/1115/648 1504/1062/603
f 1559/1117/649 1560/1118/650 1561/1062/650
f 1561/1062/650 1562/1061/649 1559/1117/649
f 1562/1061/649 1563/1065/651 1564/1119/651
f 1562/1061/649 1564/1119/651 1559/1117/649
f 1565/1120/652 1564/1119/651 1563/1065/651
f 1563/1065/651 1566/1070/652 1565/1120/652
f 1567/1071/653 1565/1120/652 1566/1070/652
f 1565/1120/652 1567/1071/653 1568/1121/653
f 1569/1122/654 1570/1077/655 1571/1123/655
f 1570/1077/655 1569/1122/654 1572/1075/654
f 1573/1124/656 1570/1077/655 1574/1079/656
f 1570/1077/655 1573/1124/656 1571/1123/655
f 1573/1124/656 1575/1084/657 1576/1125/657
f 1575/1084/657 1573/1124/656 1574/1079/656
f 1577/1085/658 1576/1125/657 1575/1084/657
f 1576/1125/657 1577/1085/658 1578/1126/658
f 1578/1126/658 1579/1090/659 1580/1127/659
f 1579/1090/659 1578/1126/658 1577/1085/658
f 1581/1128/660 1580/1127/659 1579/1090/659
f 1579/1090/659 1582/1091/660 1581/1128/660
f 1583/1129/661 1582/1091/660 1584/1095/661
f 1582/1091/660 1583/1129/661 1581/1128/660
f 1585/1098/662 1583/1129/661 1584/1095/661
f 1583/1129/661 1585/1098/662 1586/1130/662
f 1586/1130/662 1587/1102/663 1588/1131/663
f 1587/1102/663 1586/1130/662 1585/1098/662
f 1588/1131/663 1589/1103/664 1590/1132/664
f 1589/1103/664 1588/1131/663 1587/1102/663
f 1591/1133/665 1590/1132/664 1589/1103/664
f 1589/1103/664 1592/1107/665 1591/1133/665
f 1592/1107/665 1593/1109/666 1594/1134/666
f 1592/1107/665 1594/1134/666 1591/1133/665
f 1595/1114/667 1596/1135/667 1593/1109/666
f 1593/1109/666 1596/1135/667 1594/1134/666
f 1596/1135/667 1561/1062/650 1560/1118/650
f 1561/1062/650 1596/1135/667 1595/1114/667
f 1597/1136/668 1598/1137/669 1599/1138/669
f 1598/1137/669 1597/1136/668 1600/1139/668
f 1601/1140/670 1600/1139/668 1597/1136/668
f 1600/1139/668 1601/1140/670 1602/1141/670
f 1601/1140/670 1603/1142/671 1604/1143/671
f 1601/1140/670 1604/1143/671 1602/1141/670
f 1603/1142/671 1605/1144/672 1606/1145/672
f 1603/1142/671 1606/1145/672 1604/1143/671
f 1607/1146/673 1608/1147/674 1609/1148/674
f 1607/1146/673 1609/1148/674 1610/1149/673
f 1611/1150/675 1609/1148/674 1608/1147/674
f 1609/1148/674 1611/1150/675 1612/1151/675
f 1613/1152/676 1612/1151/675 1611/1150/675
f 1612/1151/675 1613/1152/676 1614/1153/676
f 1613/1152/676 1615/1154/677 1616/1155/677
f 1613/1152/676 1616/1155/677 1614/1153/676
f 1615/1154/677 1617/1156/678 1618/1157/678
f 1615/1154/677 1618/1157/678 1616/1155/677
f 1619/1158/679 1618/1157/678 1617/1156/678
f 1618/1157/678 1619/1158/679 1620/1159/679
f 1621/1160/680 1620/1159/679 1619/1158/679
f 1620/1159/679 1621/1160/680 1622/1161/680
f 1621/1160/680 1623/1162/681 1624/1163/681
f 1621/1160/680 1624/1163/681 1622/1161/680
f 1623/1162/681 1625/1164/682 1626/1165/682
f 1623/1162/681 1626/1165/682 1624/1163/681
f 1627/1166/683 1626/1165/682 1625/1164/682
f 1626/1165/682 1627/1166/683 1628/1167/683
f 1629/1168/684 1628/1167/683 1627/1166/683
f 1628/1167/683 1629/1168/684 1630/1169/684
f 1631/1170/685 1630/1169/684 1629/1168/684
f 1630/1169/684 1631/1170/685 1632/1171/685
f 1631/1170/685 1633/1172/686 1634/1173/686
f 1631/1170/685 1634/1173/686 1632/1171/685
f 1633/1172/686 1599/1138/669 1598/1137/669
f 1633/1172/686 1598/1137/669 1634/1173/686
f 1635/1174/302 1636/1175/687 1637/1176/688
f 1635/1174/302 1637/1176/688 1638/1177/689
f 1635/1174/302 1638/1177/689 1639/1178/690
f 1635/1174/302 1639/1178/690 1640/1179/691
f 1635/1174/302 1641/1180/691 1642/1181/692
f 1635/1174/302 1642/1181/692 1643/1182/693
f 1635/1174/302 1643/1182/693 1644/1183/694
f 1635/1174/302 1644/1183/694 1645/1184/695
f 1635/1174/302 1645/1184/695 1646/1185/696
f 1635/1174/302 1646/1185/696 1647/1186/697
f 1635/1174/302 1647/1186/697 1648/1187/698
f 1635/1174/302 1648/1187/698 1649/1188/699
f 1635/1174/302 1649/1188/699 1650/1189/700
f 1635/1174/302 1650/1189/700 1651/1190/701
f 1635/1174/302 1651/1190/701 1652/1191/702
f 1635/1174/302 1652/1191/702 1653/1192/703
f 1635/1174/302 1653/1192/703 1654/1193/704
f 1635/1174/302 1654/1193/704 1636/1175/687
f 1655/1194/705 1656/1063/706 1657/1115/707
f 1658/1195/708 1659/1068/709 1660/1064/710
f 1661/1196/711 1662/1067/712 1663/1066/713
f 1664/1197/714 1665/1074/715 1666/1069/716
f 1667/1198/717 1668/1073/718 1669/1072/719
f 1670/1199/720 1671/1082/721 1672/1076/722
f 1673/1200/723 1674/1081/724 1675/1080/725
f 1676/1201/726 1677/1088/727 1678/1083/728
f 1679/1202/729 1680/1087/730 1681/1086/731
f 1682/1203/732 1683/1094/733 1684/1089/734
f 1685/1204/735 1686/1093/736 1687/1092/737
f 1688/1205/738 1689/1099/739 1690/1096/740
f 1691/1206/741 1692/1100/742 1693/1097/743
f 1694/1207/744 1695/1106/745 1696/1101/746
f 1697/1208/747 1698/1105/748 1699/1104/749
f 1700/1209/750 1701/1112/751 1702/1108/752
f 1703/1210/753 1704/1111/754 1705/1110/755
f 1706/1211/756 1707/1116/757 1708/1113/758
f 1656/1063/706 1658/1195/708 1660/1064/710
f 1658/1195/708 1656/1063/706 1655/1194/705
f 1661/1196/711 1666/1069/716 1662/1067/712
f 1666/1069/716 1661/1196/711 1664/1197/714
f 1709/1078/759 1670/1199/720 1672/1076/722
f 1670/1199/720 1709/1078/759 1710/1212/760
f 1674/1081/724 1676/1201/726 1678/1083/728
f 1676/1201/726 1674/1081/724 1673/1200/723
f 1684/1089/734 1679/1202/729 1682/1203/732
f 1679/1202/729 1684/1089/734 1680/1087/730
f 1686/1093/736 1688/1205/738 1690/1096/740
f 1688/1205/738 1686/1093/736 1685/1204/735
f 1696/1101/746 1691/1206/741 1694/1207/744
f 1691/1206/741 1696/1101/746 1692/1100/742
f 1698/1105/748 1700/1209/750 1702/1108/752
f 1700/1209/750 1698/1105/748 1697/1208/747
f 1708/1113/758 1703/1210/753 1706/1211/756
f 1703/1210/753 1708/1113/758 1704/1111/754
f 1711/1213/761 1712/1117/762 1713/1214/762
f 1712/1117/762 1711/1213/761 1714/1118/761
f 1713/1214/762 1715/1119/763 1716/1215/763
f 1715/1119/763 1713/1214/762 1712/1117/762
f 1715/1119/763 1717/1216/764 1716/1215/763
f 1717/1216/764 1715/1119/763 1718/1120/764
f 1718/1120/764 1719/1217/765 1717/1216/764
f 1719/1217/765 1718/1120/764 1720/1121/765
f 1721/1218/766 1722/1122/765 1723/1123/766
f 1722/1122/765 1721/1218/766 1724/1219/765
f 1725/1220/767 1723/1123/766 1726/1124/767
f 1723/1123/766 1725/1220/767 1721/1218/766
f 1727/1221/768 1726/1124/767 1728/1125/768
f 1726/1124/767 1727/1221/768 1725/1220/767
f 1729/1222/769 1728/1125/768 1730/1126/769
f 1728/1125/768 1729/1222/769 1727/1221/768
f 1730/1126/769 1731/1223/770 1729/1222/769
f 1731/1223/770 1730/1126/769 1732/1127/770
f 1732/1127/770 1733/1224/771 1731/1223/770
f 1733/1224/771 1732/1127/770 1734/1128/771
f 1735/1225/772 1734/1128/771 1736/1129/772
f 1734/1128/771 1735/1225/772 1733/1224/771
f 1737/1226/773 1736/1129/772 1738/1130/773
f 1736/1129/772 1737/1226/773 1735/1225/772
f 1737/1226/773 1739/1131/774 1740/1227/774
f 1739/1131/774 1737/1226/773 1738/1130/773
f 1740/1227/774 1741/1132/775 1742/1228/775
f 1741/1132/775 1740/1227/774 1739/1131/774
f 1741/1132/775 1743/1133/776 1742/1228/775
f 1742/1228/775 1743/1133/776 1744/1229/776
f 1743/1133/776 1745/1134/777 1744/1229/776
f 1745/1134/777 1746/1230/777 1744/1229/776
f 1747/1231/778 1746/1230/777 1748/1135/778
f 1745/1134/777 1748/1135/778 1746/1230/777
f 1747/1231/778 1714/1118/761 1711/1213/761
f 1748/1135/778 1714/1118/761 1747/1231/778
f 1749/1232/779 1750/1233/780 1751/1234/225
f 1750/1233/780 1749/1232/779 1752/1235/781
f 1753/1236/782 1754/1237/779 1755/1238/783
f 1756/1239/781 1754/1237/779 1753/1236/782
f 1757/1240/784 1755/1238/783 1758/1241/785
f 1753/1236/782 1755/1238/783 1757/1240/784
f 1759/1242/786 1758/1241/785 1760/1243/787
f 1757/1240/784 1758/1241/785 1759/1242/786
f 1761/1244/788 1760/1243/787 1762/1245/789
f 1759/1242/786 1760/1243/787 1761/1244/788
f 1763/1246/302 1761/1244/788 1762/1245/789
f 1761/1244/788 1763/1246/302 1764/1247/790
f 1765/1248/791 1766/1249/792 1763/1246/302
f 1764/1247/790 1763/1246/302 1766/1249/792
f 1767/1250/793 1766/1249/792 1765/1248/791
f 1766/1249/792 1767/1250/793 1768/1251/794
f 1769/1252/795 1768/1251/794 1767/1250/793
f 1768/1251/794 1769/1252/795 1770/1253/796
f 1771/1254/797 1770/1253/796 1769/1252/795
f 1770/1253/796 1771/1254/797 1772/1255/798
f 1773/1256/799 1772/1255/798 1771/1254/797
f 1772/1255/798 1773/1256/799 1774/1257/800
f 1751/1234/225 1750/1233/780 1773/1256/799
f 1774/1257/800 1773/1256/799 1750/1233/780
f 1752/1235/781 1775/1258/801 1750/1233/780
f 1775/1258/801 1752/1235/781 1776/1259/802
f 1777/1260/803 1756/1239/781 1778/1261/804
f 1756/1239/781 1753/1236/782 1778/1261/804
f 1778/1261/804 1753/1236/782 1779/1262/805
f 1753/1236/782 1757/1240/784 1779/1262/805
f 1779/1262/805 1759/1242/786 1780/1263/806
f 1759/1242/786 1779/1262/805 1757/1240/784
f 1780/1263/806 1761/1244/788 1781/1264/807
f 1761/1244/788 1780/1263/806 1759/1242/786
f 1764/1247/790 1781/1264/807 1761/1244/788
f 1781/1264/807 1764/1247/790 1782/1265/808
f 1766/1249/792 1783/1266/809 1764/1247/790
f 1782/1265/808 1764/1247/790 1783/1266/809
f 1783/1266/809 1766/1249/792 1784/1267/810
f 1784/1267/810 1766/1249/792 1768/1251/794
f 1784/1267/810 1768/1251/794 1785/1268/811
f 1785/1268/811 1768/1251/794 1770/1253/796
f 1785/1268/811 1772/1255/798 1786/1269/812
f 1772/1255/798 1785/1268/811 1770/1253/796
f 1786/1269/812 1774/1257/800 1787/1270/813
f 1774/1257/800 1786/1269/812 1772/1255/798
f 1750/1233/780 1775/1258/801 1774/1257/800
f 1787/1270/813 1774/1257/800 1775/1258/801
f 1776/1259/802 1788/1271/814 1775/1258/801
f 1775/1258/801 1788/1271/814 1789/1272/815
f 1778/1261/804 1790/1273/814 1777/1260/803
f 1790/1273/814 1778/1261/804 1791/1274/816
f 1779/1262/805 1792/1275/817 1778/1261/804
f 1791/1274/816 1778/1261/804 1792/1275/817
f 1780/1263/806 1792/1275/817 1779/1262/805
f 1792/1275/817 1780/1263/806 1793/1276/818
f 1781/1264/807 1793/1276/818 1780/1263/806
f 1793/1276/818 1781/1264/807 1794/1277/819
f 1782/1265/808 1795/1278/820 1781/1264/807
f 1781/1264/807 1795/1278/820 1794/1277/819
f 1783/1266/809 1795/1278/820 1782/1265/808
f 1795/1278/820 1783/1266/809 1796/1279/821
f 1796/1279/821 1783/1266/809 1797/1280/822
f 1797/1280/822 1783/1266/809 1784/1267/810
f 1797/1280/822 1784/1267/810 1798/1281/823
f 1798/1281/823 1784/1267/810 1785/1268/811
f 1798/1281/823 1786/1269/812 1799/1282/824
f 1786/1269/812 1798/1281/823 1785/1268/811
f 1799/1282/824 1786/1269/812 1800/1283/825
f 1800/1283/825 1786/1269/812 1787/1270/813
f 1775/1258/801 1800/1283/825 1787/1270/813
f 1800/1283/825 1775/1258/801 1789/1272/815
f 1789/1272/815 1801/1284/826 1802/1285/827
f 1801/1284/826 1789/1272/815 1788/1271/814
f 1791/1274/816 1803/1286/828 1790/1273/814
f 1803/1286/828 1791/1274/816 1804/1287/829
f 1792/1275/817 1804/1287/829 1791/1274/816
f 1804/1287/829 1792/1275/817 1805/1288/830
f 1793/1276/818 1805/1288/830 1792/1275/817
f 1805/1288/830 1793/1276/818 1806/1289/831
f 1794/1277/819 1806/1289/831 1793/1276/818
f 1806/1289/831 1794/1277/819 1807/1290/832
f 1794/1277/819 1808/1291/833 1807/1290/832
f 1808/1291/833 1794/1277/819 1795/1278/820
f 1808/1291/833 1795/1278/820 1796/1279/821
f 1796/1279/821 1809/1292/834 1808/1291/833
f 1810/1293/835 1796/1279/821 1797/1280/822
f 1796/1279/821 1810/1293/835 1809/1292/834
f 1811/1294/836 1797/1280/822 1798/1281/823
f 1797/1280/822 1811/1294/836 1810/1293/835
f 1812/1295/837 1798/1281/823 1799/1282/824
f 1798/1281/823 1812/1295/837 1811/1294/836
f 1813/1296/838 1799/1282/824 1800/1283/825
f 1799/1282/824 1813/1296/838 1812/1295/837
f 1813/1296/838 1800/1283/825 1789/1272/815
f 1789/1272/815 1802/1285/827 1813/1296/838
f 1814/1297/839 1815/1298/840 1816/1299/841
f 1816/1299/841 1815/1298/840 1817/1300/842
f 1818/1301/843 1819/1302/844 1820/1303/839
f 1820/1303/839 1819/1302/844 1821/1304/840
f 1822/1305/845 1823/1306/846 1818/1301/843
f 1818/1301/843 1823/1306/846 1819/1302/844
f 1824/1307/847 1825/1308/848 1822/1305/845
f 1822/1305/845 1825/1308/848 1823/1306/846
f 1826/1309/849 1827/1310/850 1824/1307/847
f 1824/1307/847 1827/1310/850 1825/1308/848
f 1828/1311/851 1829/1312/852 1826/1309/849
f 1826/1309/849 1829/1312/852 1827/1310/850
f 1829/1312/852 1828/1311/851 1830/1313/853
f 1830/1313/853 1831/1314/854 1829/1312/852
f 1831/1314/854 1830/1313/853 1832/1315/855
f 1832/1315/855 1833/1316/856 1831/1314/854
f 1833/1316/856 1832/1315/855 1834/1317/857
f 1834/1317/857 1835/1318/858 1833/1316/856
f 1835/1318/858 1834/1317/857 1836/1319/859
f 1836/1319/859 1837/1320/860 1835/1318/858
f 1837/1320/860 1836/1319/859 1838/1321/861
f 1838/1321/861 1839/1322/862 1837/1320/860
f 1839/1322/862 1838/1321/861 1816/1299/841
f 1816/1299/841 1817/1300/842 1839/1322/862
f 1840/1323/863 1841/1324/864 1842/1325/865
f 1841/1324/864 1840/1323/863 1843/1326/866
f 1844/1327/867 1845/1328/868 1846/1329/869
f 1845/1328/868 1844/1327/867 1847/1330/870
f 1848/1331/871 1846/1329/869 1849/1332/872
f 1846/1329/869 1848/1331/871 1844/1327/867
f 1850/1333/873 1849/1332/872 1851/1334/874
f 1849/1332/872 1850/1333/873 1848/1331/871
f 1852/1335/875 1851/1334/874 1853/1336/876
f 1851/1334/874 1852/1335/875 1850/1333/873
f 1854/1337/877 1852/1335/875 1853/1336/876
f 1852/1335/875 1854/1337/877 1855/1338/878
f 1856/1339/879 1857/1340/880 1854/1337/877
f 1854/1337/877 1857/1340/880 1855/1338/878
f 1858/1341/881 1857/1340/880 1856/1339/879
f 1857/1340/880 1858/1341/881 1859/1342/882
f 1860/1343/883 1859/1342/882 1858/1341/881
f 1859/1342/882 1860/1343/883 1861/1344/884
f 1862/1345/885 1861/1344/884 1860/1343/883
f 1861/1344/884 1862/1345/885 1863/1346/886
f 1864/1347/887 1863/1346/886 1862/1345/885
f 1863/1346/886 1864/1347/887 1865/1348/888
f 1842/1325/865 1841/1324/864 1864/1347/887
f 1864/1347/887 1841/1324/864 1865/1348/888
f 1843/1326/866 1866/1349/889 1841/1324/864
f 1866/1349/889 1843/1326/866 1867/1350/890
f 1844/1327/867 1868/1351/891 1847/1330/870
f 1868/1351/891 1844/1327/867 1869/1352/892
f 1848/1331/871 1869/1352/892 1844/1327/867
f 1869/1352/892 1848/1331/871 1870/1353/893
f 1850/1333/873 1870/1353/893 1848/1331/871
f 1870/1353/893 1850/1333/873 1871/1354/894
f 1852/1335/875 1871/1354/894 1850/1333/873
f 1871/1354/894 1852/1335/875 1872/1355/895
f 1855/1338/878 1872/1355/895 1852/1335/875
f 1872/1355/895 1855/1338/878 1873/1356/896
f 1857/1340/880 1874/1357/897 1855/1338/878
f 1855/1338/878 1874/1357/897 1873/1356/896
f 1859/1342/882 1875/1358/898 1857/1340/880
f 1874/1357/897 1857/1340/880 1875/1358/898
f 1861/1344/884 1876/1359/899 1859/1342/882
f 1875/1358/898 1859/1342/882 1876/1359/899
f 1863/1346/886 1877/1360/900 1861/1344/884
f 1876/1359/899 1861/1344/884 1877/1360/900
f 1865/1348/888 1878/1361/901 1863/1346/886
f 1877/1360/900 1863/1346/886 1878/1361/901
f 1841/1324/864 1866/1349/889 1865/1348/888
f 1865/1348/888 1866/1349/889 1878/1361/901
f 1815/1298/840 1842/1325/865 1817/1300/842
f 1842/1325/865 1815/1298/840 1840/1323/863
f 1845/1328/868 1821/1304/840 1846/1329/869
f 1819/1302/844 1846/1329/869 1821/1304/840
f 1846/1329/869 1819/1302/844 1849/1332/872
f 1823/1306/846 1849/1332/872 1819/1302/844
f 1849/1332/872 1823/1306/846 1851/1334/874
f 1825/1308/848 1851/1334/874 1823/1306/846
f 1851/1334/874 1825/1308/848 1853/1336/876
f 1827/1310/850 1853/1336/876 1825/1308/848
f 1829/1312/852 1853/1336/876 1827/1310/850
f 1853/1336/876 1829/1312/852 1854/1337/877
f 1829/1312/852 1856/1339/879 1854/1337/877
f 1856/1339/879 1829/1312/852 1831/1314/854
f 1856/1339/879 1831/1314/854 1833/1316/856
f 1833/1316/856 1858/1341/881 1856/1339/879
f 1858/1341/881 1833/1316/856 1835/1318/858
f 1835/1318/858 1860/1343/883 1858/1341/881
f 1860/1343/883 1835/1318/858 1837/1320/860
f 1837/1320/860 1862/1345/885 1860/1343/883
f 1862/1345/885 1837/1320/860 1839/1322/862
f 1839/1322/862 1864/1347/887 1862/1345/885
f 1839/1322/862 1842/1325/865 1864/1347/887
f 1842/1325/865 1839/1322/862 1817/1300/842
f 1801/1284/826 1814/1297/839 1802/1285/827
f 1802/1285/827 1814/1297/839 1816/1299/841
f 1803/1286/828 1818/1301/843 1820/1303/839
f 1818/1301/843 1803/1286/828 1804/1287/829
f 1804/1287/829 1822/1305/845 1818/1301/843
f 1822/1305/845 1804/1287/829 1805/1288/830
f 1805/1288/830 1824/1307/847 1822/1305/845
f 1824/1307/847 1805/1288/830 1806/1289/831
f 1806/1289/831 1826/1309/849 1824/1307/847
f 1826/1309/849 1806/1289/831 1807/1290/832
f 1808/1291/833 1828/1311/851 1807/1290/832
f 1807/1290/832 1828/1311/851 1826/1309/849
f 1809/1292/834 1828/1311/851 1808/1291/833
f 1828/1311/851 1809/1292/834 1830/1313/853
f 1810/1293/835 1830/1313/853 1809/1292/834
f 1830/1313/853 1810/1293/835 1832/1315/855
f 1832/1315/855 1811/1294/836 1834/1317/857
f 1811/1294/836 1832/1315/855 1810/1293/835
f 1834/1317/857 1812/1295/837 1836/1319/859
f 1812/1295/837 1834/1317/857 1811/1294/836
f 1813/1296/838 1836/1319/859 1812/1295/837
f 1836/1319/859 1813/1296/838 1838/1321/861
f 1802/1285/827 1838/1321/861 1813/1296/838
f 1838/1321/861 1802/1285/827 1816/1299/841
f 1879/1362/902 1880/1363/903 1751/1234/225
f 1880/1363/903 1879/1362/902 1881/1364/904
f 1882/1365/905 1755/1238/783 1754/1237/779
f 1882/1365/905 1754/1237/779 1883/1366/906
f 1884/1367/907 1758/1241/785 1755/1238/783
f 1884/1367/907 1755/1238/783 1882/1365/905
f 1885/1368/908 1760/1243/787 1758/1241/785
f 1885/1368/908 1758/1241/785 1884/1367/907
f 1886/1369/909 1762/1245/789 1760/1243/787
f 1886/1369/909 1760/1243/787 1885/1368/908
f 1886/1369/909 1763/1246/302 1762/1245/789
f 1763/1246/302 1886/1369/909 1887/1370/910
f 1763/1246/302 1887/1370/910 1888/1371/911
f 1763/1246/302 1888/1371/911 1765/1248/791
f 1888/1371/911 1767/1250/793 1765/1248/791
f 1767/1250/793 1888/1371/911 1889/1372/912
f 1889/1372/912 1769/1252/795 1767/1250/793
f 1769/1252/795 1889/1372/912 1890/1373/913
f 1890/1373/913 1771/1254/797 1769/1252/795
f 1771/1254/797 1890/1373/913 1891/1374/914
f 1891/1374/914 1773/1256/799 1771/1254/797
f 1773/1256/799 1891/1374/914 1892/1375/915
f 1879/1362/902 1773/1256/799 1892/1375/915
f 1773/1256/799 1879/1362/902 1751/1234/225
f 1893/1376/916 1881/1364/904 1879/1362/902
f 1881/1364/904 1893/1376/916 1894/1377/917
f 1895/1378/918 1883/1366/906 1896/1379/919
f 1883/1366/906 1895/1378/918 1882/1365/905
f 1895/1378/918 1884/1367/907 1882/1365/905
f 1884/1367/907 1895/1378/918 1897/1380/920
f 1897/1380/920 1885/1368/908 1884/1367/907
f 1885/1368/908 1897/1380/920 1898/1381/921
f 1899/1382/922 1885/1368/908 1898/1381/921
f 1885/1368/908 1899/1382/922 1886/1369/909
f 1899/1382/922 1887/1370/910 1886/1369/909
f 1887/1370/910 1899/1382/922 1900/1383/923
f 1887/1370/910 1900/1383/923 1901/1384/924
f 1887/1370/910 1901/1384/924 1888/1371/911
f 1889/1372/912 1901/1384/924 1902/1385/925
f 1901/1384/924 1889/1372/912 1888/1371/911
f 1889/1372/912 1903/1386/926 1890/1373/913
f 1903/1386/926 1889/1372/912 1902/1385/925
f 1890/1373/913 1904/1387/927 1891/1374/914
f 1904/1387/927 1890/1373/913 1903/1386/926
f 1892/1375/915 1904/1387/927 1905/1388/928
f 1904/1387/927 1892/1375/915 1891/1374/914
f 1892/1375/915 1905/1388/928 1893/1376/916
f 1892/1375/915 1893/1376/916 1879/1362/902
f 1906/1389/929 1894/1377/917 1893/1376/916
f 1893/1376/916 1907/1390/930 1906/1389/929
f 1908/1391/931 1896/1379/919 1909/1392/932
f 1896/1379/919 1908/1391/931 1895/1378/918
f 1908/1391/931 1897/1380/920 1895/1378/918
f 1897/1380/920 1908/1391/931 1910/1393/933
f 1910/1393/933 1898/1381/921 1897/1380/920
f 1898/1381/921 1910/1393/933 1911/1394/934
f 1912/1395/935 1898/1381/921 1911/1394/934
f 1898/1381/921 1912/1395/935 1899/1382/922
f 1913/1396/936 1900/1383/923 1899/1382/922
f 1899/1382/922 1912/1395/935 1913/1396/936
f 1901/1384/924 1913/1396/936 1914/1397/937
f 1913/1396/936 1901/1384/924 1900/1383/923
f 1901/1384/924 1915/1398/938 1902/1385/925
f 1915/1398/938 1901/1384/924 1914/1397/937
f 1903/1386/926 1915/1398/938 1916/1399/939
f 1915/1398/938 1903/1386/926 1902/1385/925
f 1903/1386/926 1917/1400/940 1904/1387/927
f 1917/1400/940 1903/1386/926 1916/1399/939
f 1904/1387/927 1918/1401/941 1905/1388/928
f 1918/1401/941 1904/1387/927 1917/1400/940
f 1893/1376/916 1918/1401/941 1907/1390/930
f 1918/1401/941 1893/1376/916 1905/1388/928
f 1907/1390/930 1919/1402/942 1906/1389/929
f 1919/1402/942 1907/1390/930 1920/1403/943
f 1921/1404/944 1908/1391/931 1909/1392/932
f 1908/1391/931 1921/1404/944 1922/1405/945
f 1922/1405/945 1910/1393/933 1908/1391/931
f 1910/1393/933 1922/1405/945 1923/1406/946
f 1923/1406/946 1911/1394/934 1910/1393/933
f 1911/1394/934 1923/1406/946 1924/1407/947
f 1924/1407/947 1912/1395/935 1911/1394/934
f 1912/1395/935 1924/1407/947 1925/1408/948
f 1912/1395/935 1926/1409/949 1913/1396/936
f 1926/1409/949 1912/1395/935 1925/1408/948
f 1913/1396/936 1926/1409/949 1914/1397/937
f 1914/1397/937 1926/1409/949 1927/1410/950
f 1928/1411/951 1914/1397/937 1927/1410/950
f 1914/1397/937 1928/1411/951 1915/1398/938
f 1929/1412/952 1915/1398/938 1928/1411/951
f 1915/1398/938 1929/1412/952 1916/1399/939
f 1930/1413/953 1916/1399/939 1929/1412/952
f 1916/1399/939 1930/1413/953 1917/1400/940
f 1931/1414/954 1917/1400/940 1930/1413/953
f 1917/1400/940 1931/1414/954 1918/1401/941
f 1918/1401/941 1931/1414/954 1907/1390/930
f 1907/1390/930 1931/1414/954 1920/1403/943
f 1932/1415/955 1933/1416/956 1934/1417/957
f 1934/1417/957 1935/1418/958 1932/1415/955
f 1936/1419/959 1937/1420/960 1938/1421/956
f 1938/1421/956 1939/1422/961 1936/1419/959
f 1940/1423/962 1941/1424/963 1937/1420/960
f 1937/1420/960 1936/1419/959 1940/1423/962
f 1942/1425/964 1943/1426/965 1941/1424/963
f 1941/1424/963 1940/1423/962 1942/1425/964
f 1944/1427/966 1945/1428/967 1943/1426/965
f 1943/1426/965 1942/1425/964 1944/1427/966
f 1946/1429/968 1947/1430/969 1945/1428/967
f 1945/1428/967 1944/1427/966 1946/1429/968
f 1947/1430/969 1946/1429/968 1948/1431/970
f 1948/1431/970 1946/1429/968 1949/1432/971
f 1948/1431/970 1949/1432/971 1950/1433/972
f 1950/1433/972 1949/1432/971 1951/1434/973
f 1952/1435/974 1953/1436/975 1951/1434/973
f 1950/1433/972 1951/1434/973 1953/1436/975
f 1954/1437/976 1955/1438/977 1952/1435/974
f 1953/1436/975 1952/1435/974 1955/1438/977
f 1955/1438/977 1954/1437/976 1956/1439/978
f 1956/1439/978 1954/1437/976 1957/1440/979
f 1956/1439/978 1957/1440/979 1934/1417/957
f 1934/1417/957 1957/1440/979 1935/1418/958
f 1958/1441/980 1959/1442/981 1960/1443/982
f 1959/1442/981 1958/1441/980 1961/1444/983
f 1962/1445/984 1963/1446/985 1964/1447/986
f 1962/1445/984 1964/1447/986 1965/1448/987
f 1966/1449/988 1967/1450/989 1963/1446/985
f 1966/1449/988 1963/1446/985 1962/1445/984
f 1968/1451/990 1969/1452/991 1967/1450/989
f 1968/1451/990 1967/1450/989 1966/1449/988
f 1970/1453/992 1971/1454/993 1969/1452/991
f 1970/1453/992 1969/1452/991 1968/1451/990
f 1972/1455/994 1970/1453/992 1973/1456/995
f 1970/1453/992 1972/1455/994 1971/1454/993
f 1974/1457/996 1975/1458/997 1972/1455/994
f 1972/1455/994 1973/1456/995 1974/1457/996
f 1976/1459/998 1974/1457/996 1977/1460/999
f 1974/1457/996 1976/1459/998 1975/1458/997
f 1978/1461/1000 1977/1460/999 1979/1462/1001
f 1977/1460/999 1978/1461/1000 1976/1459/998
f 1980/1463/1002 1979/1462/1001 1981/1464/1003
f 1979/1462/1001 1980/1463/1002 1978/1461/1000
f 1982/1465/1004 1981/1464/1003 1983/1466/1005
f 1981/1464/1003 1982/1465/1004 1980/1463/1002
f 1959/1442/981 1961/1444/983 1982/1465/1004
f 1982/1465/1004 1983/1466/1005 1959/1442/981
f 1960/1443/982 1984/1467/1006 1985/1468/1007
f 1984/1467/1006 1960/1443/982 1959/1442/981
f 1962/1445/984 1986/1469/1008 1987/1470/1009
f 1986/1469/1008 1962/1445/984 1965/1448/987
f 1966/1449/988 1987/1470/1009 1988/1471/1010
f 1987/1470/1009 1966/1449/988 1962/1445/984
f 1968/1451/990 1988/1471/1010 1989/1472/1011
f 1988/1471/1010 1968/1451/990 1966/1449/988
f 1970/1453/992 1989/1472/1011 1990/1473/1012
f 1989/1472/1011 1970/1453/992 1968/1451/990
f 1973/1456/995 1990/1473/1012 1991/1474/1013
f 1990/1473/1012 1973/1456/995 1970/1453/992
f 1992/1475/1014 1974/1457/996 1973/1456/995
f 1973/1456/995 1991/1474/1013 1992/1475/1014
f 1993/1476/1015 1977/1460/999 1974/1457/996
f 1974/1457/996 1992/1475/1014 1993/1476/1015
f 1994/1477/1016 1979/1462/1001 1977/1460/999
f 1977/1460/999 1993/1476/1015 1994/1477/1016
f 1995/1478/1017 1981/1464/1003 1979/1462/1001
f 1979/1462/1001 1994/1477/1016 1995/1478/1017
f 1996/1479/1018 1983/1466/1005 1981/1464/1003
f 1981/1464/1003 1995/1478/1017 1996/1479/1018
f 1984/1467/1006 1959/1442/981 1983/1466/1005
f 1983/1466/1005 1996/1479/1018 1984/1467/1006
f 1932/1415/955 1961/1444/983 1958/1441/980
f 1961/1444/983 1932/1415/955 1935/1418/958
f 1963/1446/985 1936/1419/959 1939/1422/961
f 1939/1422/961 1964/1447/986 1963/1446/985
f 1967/1450/989 1940/1423/962 1936/1419/959
f 1936/1419/959 1963/1446/985 1967/1450/989
f 1969/1452/991 1942/1425/964 1940/1423/962
f 1940/1423/962 1967/1450/989 1969/1452/991
f 1971/1454/993 1944/1427/966 1942/1425/964
f 1942/1425/964 1969/1452/991 1971/1454/993
f 1946/1429/968 1971/1454/993 1972/1455/994
f 1971/1454/993 1946/1429/968 1944/1427/966
f 1946/1429/968 1975/1458/997 1949/1432/971
f 1975/1458/997 1946/1429/968 1972/1455/994
f 1949/1432/971 1975/1458/997 1951/1434/973
f 1951/1434/973 1975/1458/997 1976/1459/998
f 1951/1434/973 1976/1459/998 1952/1435/974
f 1952/1435/974 1976/1459/998 1978/1461/1000
f 1952/1435/974 1978/1461/1000 1954/1437/976
f 1954/1437/976 1978/1461/1000 1980/1463/1002
f 1982/1465/1004 1957/1440/979 1980/1463/1002
f 1954/1437/976 1980/1463/1002 1957/1440/979
f 1957/1440/979 1961/1444/983 1935/1418/958
f 1961/1444/983 1957/1440/979 1982/1465/1004
f 1933/1416/956 1919/1402/942 1920/1403/943
f 1920/1403/943 1934/1417/957 1933/1416/956
f 1921/1404/944 1937/1420/960 1922/1405/945
f 1937/1420/960 1921/1404/944 1938/1421/956
f 1922/1405/945 1941/1424/963 1923/1406/946
f 1941/1424/963 1922/1405/945 1937/1420/960
f 1923/1406/946 1943/1426/965 1924/1407/947
f 1943/1426/965 1923/1406/946 1941/1424/963
f 1924/1407/947 1945/1428/967 1925/1408/948
f 1945/1428/967 1924/1407/947 1943/1426/965
f 1947/1430/969 1926/1409/949 1925/1408/948
f 1925/1408/948 1945/1428/967 1947/1430/969
f 1927/1410/950 1947/1430/969 1948/1431/970
f 1947/1430/969 1927/1410/950 1926/1409/949
f 1928/1411/951 1948/1431/970 1950/1433/972
f 1948/1431/970 1928/1411/951 1927/1410/950
f 1929/1412/952 1950/1433/972 1953/1436/975
f 1950/1433/972 1929/1412/952 1928/1411/951
f 1930/1413/953 1953/1436/975 1955/1438/977
f 1953/1436/975 1930/1413/953 1929/1412/952
f 1931/1414/954 1955/1438/977 1956/1439/978
f 1955/1438/977 1931/1414/954 1930/1413/953
f 1920/1403/943 1956/1439/978 1934/1417/957
f 1956/1439/978 1920/1403/943 1931/1414/954
f 1997/1480/302 1998/1481/1019 1999/1482/1020
f 2000/1483/302 1999/1482/1020 2001/1484/1021
f 2002/1485/302 2001/1484/1021 2003/1486/1022
f 2004/1487/302 2003/1486/1022 2005/1488/1023
f 2006/1489/302 2005/1488/1023 2007/1490/1024
f 2008/1491/302 2007/1490/1024 2009/1492/1025
f 2010/1493/302 2009/1492/1025 2011/1494/1026
f 2012/1495/302 2011/1494/1026 2013/1496/1027
f 2014/1497/302 2013/1496/1027 2015/1498/1028
f 2016/1499/302 2015/1498/1028 2017/1500/1029
f 2018/1501/302 2017/1500/1029 2019/1502/1030
f 2020/1503/302 2019/1502/1030 2021/1504/1031
f 2022/1505/302 2021/1504/1031 2023/1506/1032
f 2024/1507/302 2023/1506/1032 2025/1508/1033
f 2026/1509/302 2025/1508/1033 2027/1510/1034
f 2028/1511/302 2027/1510/1034 2029/1512/1035
f 2030/1513/302 2029/1512/1035 2031/1514/1036
f 2032/1515/302 2031/1514/1036 2033/1516/1037
f 2034/1517/302 2033/1516/1037 2035/1518/1038
f 2036/1519/302 2035/1518/1038 2037/1520/1039
f 2038/1521/302 2037/1520/1039 2039/1522/1040
f 2040/1523/302 2039/1522/1040 2041/1524/1041
f 2042/1525/302 2041/1524/1041 2043/1526/1042
f 2044/1527/302 2043/1526/1042 2045/1528/1043
f 2046/1529/302 2045/1528/1043 2047/1530/1044
f 2048/1531/302 2047/1530/1044 2049/1532/1045
f 2050/1533/302 2049/1532/1045 2051/1534/1019
f 2052/1535/1046 1998/1481/1019 2053/1536/1047
f 1998/1481/1019 2052/1535/1046 1999/1482/1020
f 2001/1484/1021 2052/1535/1046 2054/1537/1048
f 2052/1535/1046 2001/1484/1021 1999/1482/1020
f 2055/1538/1049 2003/1486/1022 2001/1484/1021
f 2055/1538/1049 2001/1484/1021 2054/1537/1048
f 2056/1539/1050 2005/1488/1023 2003/1486/1022
f 2003/1486/1022 2055/1538/1049 2056/1539/1050
f 2007/1490/1024 2056/1539/1050 2057/1540/1051
f 2056/1539/1050 2007/1490/1024 2005/1488/1023
f 2007/1490/1024 2057/1540/1051 2058/1541/1052
f 2007/1490/1024 2058/1541/1052 2009/1492/1025
f 2009/1492/1025 2058/1541/1052 2059/1542/1053
f 2009/1492/1025 2059/1542/1053 2011/1494/1026
f 2059/1542/1053 2013/1496/1027 2011/1494/1026
f 2013/1496/1027 2059/1542/1053 2060/1543/1054
f 2061/1544/1055 2013/1496/1027 2060/1543/1054
f 2013/1496/1027 2061/1544/1055 2015/1498/1028
f 2061/1544/1055 2017/1500/1029 2015/1498/1028
f 2017/1500/1029 2061/1544/1055 2062/1545/1056
f 2019/1502/1030 2062/1545/1056 2063/1546/1057
f 2062/1545/1056 2019/1502/1030 2017/1500/1029
f 2021/1504/1031 2063/1546/1057 2064/1547/1058
f 2063/1546/1057 2021/1504/1031 2019/1502/1030
f 2065/1548/1059 2023/1506/1032 2021/1504/1031
f 2021/1504/1031 2064/1547/1058 2065/1548/1059
f 2025/1508/1033 2065/1548/1059 2066/1549/1060
f 2065/1548/1059 2025/1508/1033 2023/1506/1032
f 2025/1508/1033 2066/1549/1060 2067/1550/1061
f 2025/1508/1033 2067/1550/1061 2027/1510/1034
f 2027/1510/1034 2067/1550/1061 2068/1551/1062
f 2027/1510/1034 2068/1551/1062 2029/1512/1035
f 2068/1551/1062 2031/1514/1036 2029/1512/1035
f 2031/1514/1036 2068/1551/1062 2069/1552/1063
f 2070/1553/1064 2031/1514/1036 2069/1552/1063
f 2031/1514/1036 2070/1553/1064 2033/1516/1037
f 2071/1554/1065 2033/1516/1037 2070/1553/1064
f 2033/1516/1037 2071/1554/1065 2035/1518/1038
f 2037/1520/1039 2071/1554/1065 2072/1555/1066
f 2071/1554/1065 2037/1520/1039 2035/1518/1038
f 2039/1522/1040 2072/1555/1066 2073/1556/1067
f 2072/1555/1066 2039/1522/1040 2037/1520/1039
f 2074/1557/1068 2041/1524/1041 2039/1522/1040
f 2039/1522/1040 2073/1556/1067 2074/1557/1068
f 2075/1558/1069 2043/1526/1042 2041/1524/1041
f 2041/1524/1041 2074/1557/1068 2075/1558/1069
f 2043/1526/1042 2075/1558/1069 2076/1559/1070
f 2043/1526/1042 2076/1559/1070 2045/1528/1043
f 2076/1559/1070 2047/1530/1044 2045/1528/1043
f 2047/1530/1044 2076/1559/1070 2077/1560/1071
f 2078/1561/1072 2047/1530/1044 2077/1560/1071
f 2047/1530/1044 2078/1561/1072 2049/1532/1045
f 2078/1561/1072 2051/1534/1019 2049/1532/1045
f 2051/1534/1019 2078/1561/1072 2079/1562/1047
f 2080/1563/1073 2052/1535/1046 2053/1536/1047
f 2052/1535/1046 2080/1563/1073 2081/1564/1074
f 2054/1537/1048 2081/1564/1074 2082/1565/1075
f 2081/1564/1074 2054/1537/1048 2052/1535/1046
f 2083/1566/1076 2055/1538/1049 2054/1537/1048
f 2083/1566/1076 2054/1537/1048 2082/1565/1075
f 2084/1567/1077 2056/1539/1050 2055/1538/1049
f 2055/1538/1049 2083/1566/1076 2084/1567/1077
f 2084/1567/1077 2057/1540/1051 2056/1539/1050
f 2057/1540/1051 2084/1567/1077 2085/1568/1078
f 2057/1540/1051 2085/1568/1078 2086/1569/1079
f 2057/1540/1051 2086/1569/1079 2058/1541/1052
f 2086/1569/1079 2087/1570/1080 2058/1541/1052
f 2058/1541/1052 2087/1570/1080 2059/1542/1053
f 2087/1570/1080 2060/1543/1054 2059/1542/1053
f 2060/1543/1054 2087/1570/1080 2088/1571/1081
f 2089/1572/1082 2060/1543/1054 2088/1571/1081
f 2060/1543/1054 2089/1572/1082 2061/1544/1055
f 2089/1572/1082 2062/1545/1056 2061/1544/1055
f 2062/1545/1056 2089/1572/1082 2090/1573/1083
f 2063/1546/1057 2090/1573/1083 2091/1574/1084
f 2090/1573/1083 2063/1546/1057 2062/1545/1056
f 2064/1547/1058 2091/1574/1084 2092/1575/1085
f 2091/1574/1084 2064/1547/1058 2063/1546/1057
f 2093/1576/1086 2065/1548/1059 2064/1547/1058
f 2064/1547/1058 2092/1575/1085 2093/1576/1086
f 2066/1549/1060 2093/1576/1086 2094/1577/1087
f 2093/1576/1086 2066/1549/1060 2065/1548/1059
f 2066/1549/1060 2094/1577/1087 2095/1578/1088
f 2066/1549/1060 2095/1578/1088 2067/1550/1061
f 2095/1578/1088 2096/1579/1089 2067/1550/1061
f 2067/1550/1061 2096/1579/1089 2068/1551/1062
f 2096/1579/1089 2069/1552/1063 2068/1551/1062
f 2069/1552/1063 2096/1579/1089 2097/1580/1090
f 2097/1580/1090 2070/1553/1064 2069/1552/1063
f 2070/1553/1064 2097/1580/1090 2098/1581/1091
f 2099/1582/1092 2070/1553/1064 2098/1581/1091
f 2070/1553/1064 2099/1582/1092 2071/1554/1065
f 2072/1555/1066 2099/1582/1092 2100/1583/1093
f 2099/1582/1092 2072/1555/1066 2071/1554/1065
f 2073/1556/1067 2100/1583/1093 2101/1584/1094
f 2100/1583/1093 2073/1556/1067 2072/1555/1066
f 2102/1585/1095 2074/1557/1068 2073/1556/1067
f 2073/1556/1067 2101/1584/1094 2102/1585/1095
f 2074/1557/1068 2102/1585/1095 2103/1586/1096
f 2074/1557/1068 2103/1586/1096 2075/1558/1069
f 2075/1558/1069 2103/1586/1096 2104/1587/1097
f 2075/1558/1069 2104/1587/1097 2076/1559/1070
f 2104/1587/1097 2077/1560/1071 2076/1559/1070
f 2077/1560/1071 2104/1587/1097 2105/1588/1098
f 2105/1588/1098 2078/1561/1072 2077/1560/1071
f 2078/1561/1072 2105/1588/1098 2106/1589/1099
f 2106/1589/1099 2079/1562/1047 2078/1561/1072
f 2079/1562/1047 2106/1589/1099 2107/1590/1073
f 2108/1591/1100 2081/1564/1074 2080/1563/1073
f 2081/1564/1074 2108/1591/1100 2109/1592/1101
f 2109/1592/1101 2082/1565/1075 2081/1564/1074
f 2082/1565/1075 2109/1592/1101 2110/1593/1102
f 2111/1594/1103 2083/1566/1076 2082/1565/1075
f 2111/1594/1103 2082/1565/1075 2110/1593/1102
f 2084/1567/1077 2111/1594/1103 2112/1595/1104
f 2111/1594/1103 2084/1567/1077 2083/1566/1076
f 2085/1568/1078 2112/1595/1104 2113/1596/1105
f 2112/1595/1104 2085/1568/1078 2084/1567/1077
f 2086/1569/1079 2085/1568/1078 2114/1597/1106
f 2085/1568/1078 2113/1596/1105 2114/1597/1106
f 2087/1570/1080 2086/1569/1079 2115/1598/1107
f 2086/1569/1079 2114/1597/1106 2115/1598/1107
f 2115/1598/1107 2088/1571/1081 2087/1570/1080
f 2088/1571/1081 2115/1598/1107 2116/1599/1108
f 2117/1600/1109 2088/1571/1081 2116/1599/1108
f 2088/1571/1081 2117/1600/1109 2089/1572/1082
f 2117/1600/1109 2090/1573/1083 2089/1572/1082
f 2090/1573/1083 2117/1600/1109 2118/1601/1110
f 2090/1573/1083 2119/1602/1111 2091/1574/1084
f 2119/1602/1111 2090/1573/1083 2118/1601/1110
f 2092/1575/1085 2119/1602/1111 2120/1603/1112
f 2119/1602/1111 2092/1575/1085 2091/1574/1084
f 2093/1576/1086 2092/1575/1085 2121/1604/1113
f 2092/1575/1085 2120/1603/1112 2121/1604/1113
f 2094/1577/1087 2093/1576/1086 2122/1605/1114
f 2093/1576/1086 2121/1604/1113 2122/1605/1114
f 2122/1605/1114 2095/1578/1088 2094/1577/1087
f 2095/1578/1088 2122/1605/1114 2123/1606/1115
f 2123/1606/1115 2124/1607/1116 2095/1578/1088
f 2095/1578/1088 2124/1607/1116 2096/1579/1089
f 2124/1607/1116 2097/1580/1090 2096/1579/1089
f 2097/1580/1090 2124/1607/1116 2125/1608/1117
f 2126/1609/1118 2097/1580/1090 2125/1608/1117
f 2097/1580/1090 2126/1609/1118 2098/1581/1091
f 2127/1610/1119 2098/1581/1091 2126/1609/1118
f 2098/1581/1091 2127/1610/1119 2099/1582/1092
f 2100/1583/1093 2099/1582/1092 2128/1611/1120
f 2099/1582/1092 2127/1610/1119 2128/1611/1120
f 2128/1611/1120 2101/1584/1094 2100/1583/1093
f 2101/1584/1094 2128/1611/1120 2129/1612/1121
f 2129/1612/1121 2102/1585/1095 2101/1584/1094
f 2102/1585/1095 2129/1612/1121 2130/1613/1122
f 2103/1586/1096 2130/1613/1122 2131/1614/1123
f 2130/1613/1122 2103/1586/1096 2102/1585/1095
f 2131/1614/1123 2104/1587/1097 2103/1586/1096
f 2104/1587/1097 2131/1614/1123 2132/1615/1124
f 2132/1615/1124 2133/1616/1125 2104/1587/1097
f 2104/1587/1097 2133/1616/1125 2105/1588/1098
f 2106/1589/1099 2105/1588/1098 2134/1617/1126
f 2105/1588/1098 2133/1616/1125 2134/1617/1126
f 2107/1590/1073 2106/1589/1099 2135/1618/1100
f 2106/1589/1099 2134/1617/1126 2135/1618/1100
f 2109/1592/1101 2136/1619/1127 2137/1620/1128
f 2136/1619/1127 2109/1592/1101 2108/1591/1100
f 2137/1620/1128 2110/1593/1102 2109/1592/1101
f 2110/1593/1102 2137/1620/1128 2138/1621/1129
f 2138/1621/1129 2111/1594/1103 2110/1593/1102
f 2111/1594/1103 2138/1621/1129 2139/1622/1130
f 2140/1623/1131 2112/1595/1104 2111/1594/1103
f 2111/1594/1103 2139/1622/1130 2140/1623/1131
f 2141/1624/1132 2113/1596/1105 2112/1595/1104
f 2112/1595/1104 2140/1623/1131 2141/1624/1132
f 2114/1597/1106 2113/1596/1105 2142/1625/1133
f 2113/1596/1105 2141/1624/1132 2142/1625/1133
f 2115/1598/1107 2114/1597/1106 2143/1626/1134
f 2114/1597/1106 2142/1625/1133 2143/1626/1134
f 2143/1626/1134 2116/1599/1108 2115/1598/1107
f 2116/1599/1108 2143/1626/1134 2144/1627/1135
f 2144/1627/1135 2117/1600/1109 2116/1599/1108
f 2117/1600/1109 2144/1627/1135 2145/1628/1136
f 2145/1628/1136 2118/1601/1110 2117/1600/1109
f 2118/1601/1110 2145/1628/1136 2146/1629/1137
f 2147/1630/1138 2119/1602/1111 2118/1601/1110
f 2118/1601/1110 2146/1629/1137 2147/1630/1138
f 2120/1603/1112 2119/1602/1111 2148/1631/1139
f 2119/1602/1111 2147/1630/1138 2148/1631/1139
f 2121/1604/1113 2120/1603/1112 2149/1632/1140
f 2120/1603/1112 2148/1631/1139 2149/1632/1140
f 2122/1605/1114 2121/1604/1113 2150/1633/1141
f 2121/1604/1113 2149/1632/1140 2150/1633/1141
f 2150/1633/1141 2123/1606/1115 2122/1605/1114
f 2123/1606/1115 2150/1633/1141 2151/1634/1142
f 2151/1634/1142 2124/1607/1116 2123/1606/1115
f 2124/1607/1116 2151/1634/1142 2152/1635/1143
f 2152/1635/1143 2125/1608/1117 2124/1607/1116
f 2125/1608/1117 2152/1635/1143 2153/1636/1144
f 2154/1637/1145 2126/1609/1118 2125/1608/1117
f 2125/1608/1117 2153/1636/1144 2154/1637/1145
f 2127/1610/1119 2126/1609/1118 2155/1638/1146
f 2126/1609/1118 2154/1637/1145 2155/1638/1146
f 2128/1611/1120 2127/1610/1119 2156/1639/1147
f 2127/1610/1119 2155/1638/1146 2156/1639/1147
f 2129/1612/1121 2156/1639/1147 2157/1640/1148
f 2156/1639/1147 2129/1612/1121 2128/1611/1120
f 2157/1640/1148 2130/1613/1122 2129/1612/1121
f 2130/1613/1122 2157/1640/1148 2158/1641/1149
f 2158/1641/1149 2131/1614/1123 2130/1613/1122
f 2131/1614/1123 2158/1641/1149 2159/1642/1150
f 2159/1642/1150 2132/1615/1124 2131/1614/1123
f 2132/1615/1124 2159/1642/1150 2160/1643/1151
f 2161/1644/1152 2133/1616/1125 2132/1615/1124
f 2132/1615/1124 2160/1643/1151 2161/1644/1152
f 2134/1617/1126 2133/1616/1125 2162/1645/1153
f 2133/1616/1125 2161/1644/1152 2162/1645/1153
f 2135/1618/1100 2134/1617/1126 2163/1646/1127
f 2134/1617/1126 2162/1645/1153 2163/1646/1127
f 2137/1620/1128 2164/1647/1154 2165/1648/1155
f 2164/1647/1154 2137/1620/1128 2136/1619/1127
f 2138/1621/1129 2165/1648/1155 2166/1649/1156
f 2165/1648/1155 2138/1621/1129 2137/1620/1128
f 2166/1649/1156 2139/1622/1130 2138/1621/1129
f 2139/1622/1130 2166/1649/1156 2167/1650/1157
f 2168/1651/1158 2140/1623/1131 2139/1622/1130
f 2139/1622/1130 2167/1650/1157 2168/1651/1158
f 2141/1624/1132 2140/1623/1131 2169/1652/1159
f 2140/1623/1131 2168/1651/1158 2169/1652/1159
f 2142/1625/1133 2141/1624/1132 2170/1653/1160
f 2141/1624/1132 2169/1652/1159 2170/1653/1160
f 2143/1626/1134 2142/1625/1133 2171/1654/1161
f 2142/1625/1133 2170/1653/1160 2171/1654/1161
f 2144/1627/1135 2171/1654/1161 2172/1655/1162
f 2171/1654/1161 2144/1627/1135 2143/1626/1134
f 2145/1628/1136 2172/1655/1162 2173/1656/1163
f 2172/1655/1162 2145/1628/1136 2144/1627/1135
f 2173/1656/1163 2146/1629/1137 2145/1628/1136
f 2146/1629/1137 2173/1656/1163 2174/1657/1164
f 2175/1658/1165 2147/1630/1138 2146/1629/1137
f 2146/1629/1137 2174/1657/1164 2175/1658/1165
f 2148/1631/1139 2147/1630/1138 2176/1659/1166
f 2147/1630/1138 2175/1658/1165 2176/1659/1166
f 2149/1632/1140 2148/1631/1139 2177/1660/1167
f 2148/1631/1139 2176/1659/1166 2177/1660/1167
f 2150/1633/1141 2149/1632/1140 2178/1661/1168
f 2149/1632/1140 2177/1660/1167 2178/1661/1168
f 2151/1634/1142 2178/1661/1168 2179/1662/1169
f 2178/1661/1168 2151/1634/1142 2150/1633/1141
f 2179/1662/1169 2152/1635/1143 2151/1634/1142
f 2152/1635/1143 2179/1662/1169 2180/1663/1170
f 2180/1663/1170 2153/1636/1144 2152/1635/1143
f 2153/1636/1144 2180/1663/1170 2181/1664/1171
f 2154/1637/1145 2153/1636/1144 2182/1665/1172
f 2153/1636/1144 2181/1664/1171 2182/1665/1172
f 2155/1638/1146 2154/1637/1145 2183/1666/1173
f 2154/1637/1145 2182/1665/1172 2183/1666/1173
f 2156/1639/1147 2155/1638/1146 2184/1667/1174
f 2155/1638/1146 2183/1666/1173 2184/1667/1174
f 2157/1640/1148 2184/1667/1174 2185/1668/1175
f 2184/1667/1174 2157/1640/1148 2156/1639/1147
f 2158/1641/1149 2185/1668/1175 2186/1669/1176
f 2185/1668/1175 2158/1641/1149 2157/1640/1148
f 2186/1669/1176 2159/1642/1150 2158/1641/1149
f 2159/1642/1150 2186/1669/1176 2187/1670/1177
f 2187/1670/1177 2160/1643/1151 2159/1642/1150
f 2160/1643/1151 2187/1670/1177 2188/1671/1178
f 2161/1644/1152 2160/1643/1151 2189/1672/1179
f 2160/1643/1151 2188/1671/1178 2189/1672/1179
f 2162/1645/1153 2161/1644/1152 2190/1673/1180
f 2161/1644/1152 2189/1672/1179 2190/1673/1180
f 2163/1646/1127 2162/1645/1153 2191/1674/1154
f 2162/1645/1153 2190/1673/1180 2191/1674/1154
f 2165/1648/1155 2192/1675/1181 2193/1676/1182
f 2192/1675/1181 2165/1648/1155 2164/1647/1154
f 2166/1649/1156 2193/1676/1182 2194/1677/1183
f 2193/1676/1182 2166/1649/1156 2165/1648/1155
f 2167/1650/1157 2194/1677/1183 2195/1678/1184
f 2194/1677/1183 2167/1650/1157 2166/1649/1156
f 2168/1651/1158 2167/1650/1157 2196/1679/1185
f 2167/1650/1157 2195/1678/1184 2196/1679/1185
f 2169/1652/1159 2168/1651/1158 2197/1680/1186
f 2168/1651/1158 2196/1679/1185 2197/1680/1186
f 2170/1653/1160 2169/1652/1159 2198/1681/1187
f 2169/1652/1159 2197/1680/1186 2198/1681/1187
f 2171/1654/1161 2170/1653/1160 2199/1682/1188
f 2170/1653/1160 2198/1681/1187 2199/1682/1188
f 2172/1655/1162 2199/1682/1188 2200/1683/1189
f 2199/1682/1188 2172/1655/1162 2171/1654/1161
f 2173/1656/1163 2200/1683/1189 2201/1684/1190
f 2200/1683/1189 2173/1656/1163 2172/1655/1162
f 2174/1657/1164 2201/1684/1190 2202/1685/1191
f 2201/1684/1190 2174/1657/1164 2173/1656/1163
f 2175/1658/1165 2174/1657/1164 2203/1686/1192
f 2174/1657/1164 2202/1685/1191 2203/1686/1192
f 2176/1659/1166 2175/1658/1165 2204/1687/1193
f 2175/1658/1165 2203/1686/1192 2204/1687/1193
f 2177/1660/1167 2176/1659/1166 2205/1688/1194
f 2176/1659/1166 2204/1687/1193 2205/1688/1194
f 2178/1661/1168 2177/1660/1167 2206/1689/1195
f 2177/1660/1167 2205/1688/1194 2206/1689/1195
f 2179/1662/1169 2206/1689/1195 2207/1690/1196
f 2206/1689/1195 2179/1662/1169 2178/1661/1168
f 2180/1663/1170 2207/1690/1196 2208/1691/1197
f 2207/1690/1196 2180/1663/1170 2179/1662/1169
f 2181/1664/1171 2208/1691/1197 2209/1692/1198
f 2208/1691/1197 2181/1664/1171 2180/1663/1170
f 2182/1665/1172 2181/1664/1171 2210/1693/1199
f 2181/1664/1171 2209/1692/1198 2210/1693/1199
f 2183/1666/1173 2182/1665/1172 2211/1694/1200
f 2182/1665/1172 2210/1693/1199 2211/1694/1200
f 2184/1667/1174 2183/1666/1173 2212/1695/1201
f 2183/1666/1173 2211/1694/1200 2212/1695/1201
f 2185/1668/1175 2212/1695/1201 2213/1696/1202
f 2212/1695/1201 2185/1668/1175 2184/1667/1174
f 2186/1669/1176 2213/1696/1202 2214/1697/1203
f 2213/1696/1202 2186/1669/1176 2185/1668/1175
f 2187/1670/1177 2214/1697/1203 2215/1698/1204
f 2214/1697/1203 2187/1670/1177 2186/1669/1176
f 2188/1671/1178 2215/1698/1204 2216/1699/1205
f 2215/1698/1204 2188/1671/1178 2187/1670/1177
f 2189/1672/1179 2188/1671/1178 2217/1700/1206
f 2188/1671/1178 2216/1699/1205 2217/1700/1206
f 2190/1673/1180 2189/1672/1179 2218/1701/1207
f 2189/1672/1179 2217/1700/1206 2218/1701/1207
f 2191/1674/1154 2190/1673/1180 2219/1702/1208
f 2190/1673/1180 2218/1701/1207 2219/1702/1208
f 2193/1676/1182 2192/1675/1181 2220/1703/1209
f 2192/1675/1181 2221/1704/1210 2220/1703/1209
f 2194/1677/1183 2193/1676/1182 2222/1705/1211
f 2193/1676/1182 2220/1703/1209 2222/1705/1211
f 2195/1678/1184 2194/1677/1183 2223/1706/1212
f 2194/1677/1183 2222/1705/1211 2223/1706/1212
f 2196/1679/1185 2223/1706/1212 2224/1707/1213
f 2223/1706/1212 2196/1679/1185 2195/1678/1184
f 2197/1680/1186 2224/1707/1213 2225/1708/1214
f 2224/1707/1213 2197/1680/1186 2196/1679/1185
f 2198/1681/1187 2225/1708/1214 2226/1709/1215
f 2225/1708/1214 2198/1681/1187 2197/1680/1186
f 2199/1682/1188 2226/1709/1215 2227/1710/1216
f 2226/1709/1215 2199/1682/1188 2198/1681/1187
f 2200/1683/1189 2199/1682/1188 2228/1711/1217
f 2199/1682/1188 2227/1710/1216 2228/1711/1217
f 2201/1684/1190 2200/1683/1189 2229/1712/1218
f 2200/1683/1189 2228/1711/1217 2229/1712/1218
f 2202/1685/1191 2201/1684/1190 2230/1713/1219
f 2201/1684/1190 2229/1712/1218 2230/1713/1219
f 2203/1686/1192 2230/1713/1219 2231/1714/1220
f 2230/1713/1219 2203/1686/1192 2202/1685/1191
f 2204/1687/1193 2231/1714/1220 2232/1715/1221
f 2231/1714/1220 2204/1687/1193 2203/1686/1192
f 2205/1688/1194 2232/1715/1221 2233/1716/1222
f 2232/1715/1221 2205/1688/1194 2204/1687/1193
f 2206/1689/1195 2233/1716/1222 2234/1717/1223
f 2233/1716/1222 2206/1689/1195 2205/1688/1194
f 2207/1690/1196 2206/1689/1195 2235/1718/1224
f 2206/1689/1195 2234/1717/1223 2235/1718/1224
f 2208/1691/1197 2207/1690/1196 2236/1719/1225
f 2207/1690/1196 2235/1718/1224 2236/1719/1225
f 2209/1692/1198 2208/1691/1197 2237/1720/1226
f 2208/1691/1197 2236/1719/1225 2237/1720/1226
f 2210/1693/1199 2237/1720/1226 2238/1721/1227
f 2237/1720/1226 2210/1693/1199 2209/1692/1198
f 2211/1694/1200 2238/1721/1227 2239/1722/1228
f 2238/1721/1227 2211/1694/1200 2210/1693/1199
f 2212/1695/1201 2239/1722/1228 2240/1723/1229
f 2239/1722/1228 2212/1695/1201 2211/1694/1200
f 2213/1696/1202 2212/1695/1201 2241/1724/1230
f 2212/1695/1201 2240/1723/1229 2241/1724/1230
f 2214/1697/1203 2213/1696/1202 2242/1725/1231
f 2213/1696/1202 2241/1724/1230 2242/1725/1231
f 2215/1698/1204 2214/1697/1203 2243/1726/1232
f 2214/1697/1203 2242/1725/1231 2243/1726/1232
f 2216/1699/1205 2215/1698/1204 2244/1727/1233
f 2215/1698/1204 2243/1726/1232 2244/1727/1233
f 2217/1700/1206 2244/1727/1233 2245/1728/1234
f 2244/1727/1233 2217/1700/1206 2216/1699/1205
f 2218/1701/1207 2245/1728/1234 2246/1729/1235
f 2245/1728/1234 2218/1701/1207 2217/1700/1206
f 2219/1702/1208 2246/1729/1235 2247/1730/1210
f 2246/1729/1235 2219/1702/1208 2218/1701/1207
f 2220/1703/1209 2221/1704/1210 2248/1731/1236
f 2221/1704/1210 2249/1732/1237 2248/1731/1236
f 2222/1705/1211 2220/1703/1209 2250/1733/1238
f 2220/1703/1209 2248/1731/1236 2250/1733/1238
f 2223/1706/1212 2222/1705/1211 2251/1734/1239
f 2222/1705/1211 2250/1733/1238 2251/1734/1239
f 2251/1734/1239 2224/1707/1213 2223/1706/1212
f 2224/1707/1213 2251/1734/1239 2252/1735/1240
f 2252/1735/1240 2225/1708/1214 2224/1707/1213
f 2225/1708/1214 2252/1735/1240 2253/1736/1241
f 2226/1709/1215 2253/1736/1241 2254/1737/1242
f 2253/1736/1241 2226/1709/1215 2225/1708/1214
f 2227/1710/1216 2254/1737/1242 2255/1738/1243
f 2254/1737/1242 2227/1710/1216 2226/1709/1215
f 2228/1711/1217 2227/1710/1216 2256/1739/1244
f 2227/1710/1216 2255/1738/1243 2256/1739/1244
f 2229/1712/1218 2228/1711/1217 2257/1740/1245
f 2228/1711/1217 2256/1739/1244 2257/1740/1245
f 2258/1741/1246 2230/1713/1219 2229/1712/1218
f 2229/1712/1218 2257/1740/1245 2258/1741/1246
f 2258/1741/1246 2231/1714/1220 2230/1713/1219
f 2231/1714/1220 2258/1741/1246 2259/1742/1247
f 2232/1715/1221 2259/1742/1247 2260/1743/1248
f 2259/1742/1247 2232/1715/1221 2231/1714/1220
f 2233/1716/1222 2260/1743/1248 2261/1744/1249
f 2260/1743/1248 2233/1716/1222 2232/1715/1221
f 2234/1717/1223 2261/1744/1249 2262/1745/1250
f 2261/1744/1249 2234/1717/1223 2233/1716/1222
f 2235/1718/1224 2234/1717/1223 2263/1746/1251
f 2234/1717/1223 2262/1745/1250 2263/1746/1251
f 2236/1719/1225 2235/1718/1224 2264/1747/1252
f 2235/1718/1224 2263/1746/1251 2264/1747/1252
f 2265/1748/1253 2237/1720/1226 2236/1719/1225
f 2236/1719/1225 2264/1747/1252 2265/1748/1253
f 2265/1748/1253 2238/1721/1227 2237/1720/1226
f 2238/1721/1227 2265/1748/1253 2266/1749/1254
f 2239/1722/1228 2266/1749/1254 2267/1750/1255
f 2266/1749/1254 2239/1722/1228 2238/1721/1227
f 2240/1723/1229 2267/1750/1255 2268/1751/1256
f 2267/1750/1255 2240/1723/1229 2239/1722/1228
f 2241/1724/1230 2240/1723/1229 2269/1752/1257
f 2240/1723/1229 2268/1751/1256 2269/1752/1257
f 2242/1725/1231 2241/1724/1230 2270/1753/1258
f 2241/1724/1230 2269/1752/1257 2270/1753/1258
f 2243/1726/1232 2242/1725/1231 2271/1754/1259
f 2242/1725/1231 2270/1753/1258 2271/1754/1259
f 2272/1755/1260 2244/1727/1233 2243/1726/1232
f 2243/1726/1232 2271/1754/1259 2272/1755/1260
f 2272/1755/1260 2245/1728/1234 2244/1727/1233
f 2245/1728/1234 2272/1755/1260 2273/1756/1261
f 2246/1729/1235 2273/1756/1261 2274/1757/1262
f 2273/1756/1261 2246/1729/1235 2245/1728/1234
f 2247/1730/1210 2274/1757/1262 2275/1758/1237
f 2274/1757/1262 2247/1730/1210 2246/1729/1235
f 2248/1731/1236 2249/1732/1237 2276/1759/1263
f 2249/1732/1237 2277/1760/1264 2276/1759/1263
f 2250/1733/1238 2248/1731/1236 2278/1761/1265
f 2248/1731/1236 2276/1759/1263 2278/1761/1265
f 2279/1762/1266 2251/1734/1239 2250/1733/1238
f 2250/1733/1238 2278/1761/1265 2279/1762/1266
f 2279/1762/1266 2280/1763/1267 2251/1734/1239
f 2252/1735/1240 2251/1734/1239 2280/1763/1267
f 2280/1763/1267 2253/1736/1241 2252/1735/1240
f 2253/1736/1241 2280/1763/1267 2281/1764/1268
f 2254/1737/1242 2281/1764/1268 2282/1765/1269
f 2281/1764/1268 2254/1737/1242 2253/1736/1241
f 2255/1738/1243 2282/1765/1269 2283/1766/1270
f 2282/1765/1269 2255/1738/1243 2254/1737/1242
f 2256/1739/1244 2255/1738/1243 2284/1767/1271
f 2255/1738/1243 2283/1766/1270 2284/1767/1271
f 2257/1740/1245 2256/1739/1244 2285/1768/1272
f 2256/1739/1244 2284/1767/1271 2285/1768/1272
f 2286/1769/1273 2258/1741/1246 2257/1740/1245
f 2257/1740/1245 2285/1768/1272 2286/1769/1273
f 2286/1769/1273 2259/1742/1247 2258/1741/1246
f 2259/1742/1247 2286/1769/1273 2287/1770/1274
f 2287/1770/1274 2260/1743/1248 2259/1742/1247
f 2260/1743/1248 2287/1770/1274 2288/1771/1275
f 2261/1744/1249 2288/1771/1275 2289/1772/1276
f 2288/1771/1275 2261/1744/1249 2260/1743/1248
f 2262/1745/1250 2289/1772/1276 2290/1773/1277
f 2289/1772/1276 2262/1745/1250 2261/1744/1249
f 2263/1746/1251 2262/1745/1250 2291/1774/1278
f 2262/1745/1250 2290/1773/1277 2291/1774/1278
f 2292/1775/1279 2264/1747/1252 2263/1746/1251
f 2263/1746/1251 2291/1774/1278 2292/1775/1279
f 2293/1776/1280 2265/1748/1253 2264/1747/1252
f 2264/1747/1252 2292/1775/1279 2293/1776/1280
f 2293/1776/1280 2266/1749/1254 2265/1748/1253
f 2266/1749/1254 2293/1776/1280 2294/1777/1281
f 2294/1777/1281 2267/1750/1255 2266/1749/1254
f 2267/1750/1255 2294/1777/1281 2295/1778/1282
f 2268/1751/1256 2295/1778/1282 2296/1779/1283
f 2295/1778/1282 2268/1751/1256 2267/1750/1255
f 2269/1752/1257 2268/1751/1256 2297/1780/1284
f 2268/1751/1256 2296/1779/1283 2297/1780/1284
f 2270/1753/1258 2269/1752/1257 2298/1781/1285
f 2269/1752/1257 2297/1780/1284 2298/1781/1285
f 2299/1782/1286 2271/1754/1259 2270/1753/1258
f 2270/1753/1258 2298/1781/1285 2299/1782/1286
f 2272/1755/1260 2299/1782/1286 2300/1783/1287
f 2299/1782/1286 2272/1755/1260 2271/1754/1259
f 2300/1783/1287 2273/1756/1261 2272/1755/1260
f 2273/1756/1261 2300/1783/1287 2301/1784/1288
f 2301/1784/1288 2274/1757/1262 2273/1756/1261
f 2274/1757/1262 2301/1784/1288 2302/1785/1289
f 2275/1758/1237 2302/1785/1289 2303/1786/1264
f 2302/1785/1289 2275/1758/1237 2274/1757/1262
f 2304/1787/1290 2277/1760/1264 2305/1788/1291
f 2277/1760/1264 2304/1787/1290 2276/1759/1263
f 2304/1787/1290 2278/1761/1265 2276/1759/1263
f 2278/1761/1265 2304/1787/1290 2306/1789/1292
f 2307/1790/1293 2278/1761/1265 2306/1789/1292
f 2278/1761/1265 2307/1790/1293 2279/1762/1266
f 2280/1763/1267 2279/1762/1266 2308/1791/1294
f 2279/1762/1266 2307/1790/1293 2308/1791/1294
f 2281/1764/1268 2308/1791/1294 2309/1792/1295
f 2308/1791/1294 2281/1764/1268 2280/1763/1267
f 2310/1793/1296 2282/1765/1269 2281/1764/1268
f 2281/1764/1268 2309/1792/1295 2310/1793/1296
f 2283/1766/1270 2310/1793/1296 2311/1794/1297
f 2310/1793/1296 2283/1766/1270 2282/1765/1269
f 2283/1766/1270 2312/1795/1298 2284/1767/1271
f 2312/1795/1298 2283/1766/1270 2311/1794/1297
f 2285/1768/1272 2312/1795/1298 2313/1796/1299
f 2312/1795/1298 2285/1768/1272 2284/1767/1271
f 2314/1797/1300 2285/1768/1272 2313/1796/1299
f 2285/1768/1272 2314/1797/1300 2286/1769/1273
f 2315/1798/1301 2286/1769/1273 2314/1797/1300
f 2286/1769/1273 2315/1798/1301 2287/1770/1274
f 2315/1798/1301 2288/1771/1275 2287/1770/1274
f 2288/1771/1275 2315/1798/1301 2316/1799/1302
f 2289/1772/1276 2316/1799/1302 2317/1800/1303
f 2316/1799/1302 2289/1772/1276 2288/1771/1275
f 2290/1773/1277 2317/1800/1303 2318/1801/1304
f 2317/1800/1303 2290/1773/1277 2289/1772/1276
f 2319/1802/1305 2291/1774/1278 2290/1773/1277
f 2290/1773/1277 2318/1801/1304 2319/1802/1305
f 2292/1775/1279 2319/1802/1305 2320/1803/1306
f 2319/1802/1305 2292/1775/1279 2291/1774/1278
f 2292/1775/1279 2321/1804/1307 2293/1776/1280
f 2321/1804/1307 2292/1775/1279 2320/1803/1306
f 2293/1776/1280 2322/1805/1308 2294/1777/1281
f 2322/1805/1308 2293/1776/1280 2321/1804/1307
f 2322/1805/1308 2295/1778/1282 2294/1777/1281
f 2295/1778/1282 2322/1805/1308 2323/1806/1309
f 2324/1807/1310 2295/1778/1282 2323/1806/1309
f 2295/1778/1282 2324/1807/1310 2296/1779/1283
f 2324/1807/1310 2297/1780/1284 2296/1779/1283
f 2297/1780/1284 2324/1807/1310 2325/1808/1311
f 2297/1780/1284 2325/1808/1311 2326/1809/1312
f 2297/1780/1284 2326/1809/1312 2298/1781/1285
f 2299/1782/1286 2326/1809/1312 2327/1810/1313
f 2326/1809/1312 2299/1782/1286 2298/1781/1285
f 2300/1783/1287 2327/1810/1313 2328/1811/1314
f 2327/1810/1313 2300/1783/1287 2299/1782/1286
f 2301/1784/1288 2328/1811/1314 2329/1812/1315
f 2328/1811/1314 2301/1784/1288 2300/1783/1287
f 2302/1785/1289 2329/1812/1315 2330/1813/1316
f 2329/1812/1315 2302/1785/1289 2301/1784/1288
f 2302/1785/1289 2331/1814/1291 2303/1786/1264
f 2331/1814/1291 2302/1785/1289 2330/1813/1316
f 2332/1815/1317 2305/1788/1291 2333/1816/1318
f 2305/1788/1291 2332/1815/1317 2304/1787/1290
f 2332/1815/1317 2306/1789/1292 2304/1787/1290
f 2306/1789/1292 2332/1815/1317 2334/1817/1319
f 2335/1818/1320 2306/1789/1292 2334/1817/1319
f 2306/1789/1292 2335/1818/1320 2307/1790/1293
f 2307/1790/1293 2335/1818/1320 2336/1819/1321
f 2307/1790/1293 2336/1819/1321 2308/1791/1294
f 2309/1792/1295 2336/1819/1321 2337/1820/1322
f 2336/1819/1321 2309/1792/1295 2308/1791/1294
f 2338/1821/1323 2310/1793/1296 2309/1792/1295
f 2309/1792/1295 2337/1820/1322 2338/1821/1323
f 2311/1794/1297 2338/1821/1323 2339/1822/1324
f 2338/1821/1323 2311/1794/1297 2310/1793/1296
f 2340/1823/1325 2312/1795/1298 2311/1794/1297
f 2340/1823/1325 2311/1794/1297 2339/1822/1324
f 2313/1796/1299 2340/1823/1325 2341/1824/1326
f 2340/1823/1325 2313/1796/1299 2312/1795/1298
f 2342/1825/1327 2313/1796/1299 2341/1824/1326
f 2313/1796/1299 2342/1825/1327 2314/1797/1300
f 2343/1826/1328 2314/1797/1300 2342/1825/1327
f 2314/1797/1300 2343/1826/1328 2315/1798/1301
f 2344/1827/1329 2315/1798/1301 2343/1826/1328
f 2315/1798/1301 2344/1827/1329 2316/1799/1302
f 2317/1800/1303 2344/1827/1329 2345/1828/1330
f 2344/1827/1329 2317/1800/1303 2316/1799/1302
f 2318/1801/1304 2345/1828/1330 2346/1829/1331
f 2345/1828/1330 2318/1801/1304 2317/1800/1303
f 2319/1802/1305 2346/1829/1331 2347/1830/1332
f 2346/1829/1331 2319/1802/1305 2318/1801/1304
f 2320/1803/1306 2347/1830/1332 2348/1831/1333
f 2347/1830/1332 2320/1803/1306 2319/1802/1305
f 2320/1803/1306 2349/1832/1334 2321/1804/1307
f 2349/1832/1334 2320/1803/1306 2348/1831/1333
f 2322/1805/1308 2349/1832/1334 2350/1833/1335
f 2349/1832/1334 2322/1805/1308 2321/1804/1307
f 2350/1833/1335 2323/1806/1309 2322/1805/1308
f 2323/1806/1309 2350/1833/1335 2351/1834/1336
f 2352/1835/1337 2323/1806/1309 2351/1834/1336
f 2323/1806/1309 2352/1835/1337 2324/1807/1310
f 2352/1835/1337 2325/1808/1311 2324/1807/1310
f 2325/1808/1311 2352/1835/1337 2353/1836/1338
f 2353/1836/1338 2326/1809/1312 2325/1808/1311
f 2326/1809/1312 2353/1836/1338 2354/1837/1339
f 2327/1810/1313 2354/1837/1339 2355/1838/1340
f 2354/1837/1339 2327/1810/1313 2326/1809/1312
f 2328/1811/1314 2355/1838/1340 2356/1839/1341
f 2355/1838/1340 2328/1811/1314 2327/1810/1313
f 2329/1812/1315 2356/1839/1341 2357/1840/1342
f 2356/1839/1341 2329/1812/1315 2328/1811/1314
f 2329/1812/1315 2358/1841/1343 2330/1813/1316
f 2358/1841/1343 2329/1812/1315 2357/1840/1342
f 2330/1813/1316 2359/1842/1318 2331/1814/1291
f 2359/1842/1318 2330/1813/1316 2358/1841/1343
f 2360/1843/1344 2332/1815/1317 2333/1816/1318
f 2361/1844/1344 2334/1817/1319 2332/1815/1317
f 2362/1845/1344 2335/1818/1320 2334/1817/1319
f 2363/1846/1344 2336/1819/1321 2335/1818/1320
f 2364/1847/225 2337/1820/1322 2336/1819/1321
f 2365/1848/225 2338/1821/1323 2337/1820/1322
f 2366/1849/225 2339/1822/1324 2338/1821/1323
f 2367/1850/1345 2340/1823/1325 2339/1822/1324
f 2368/1851/1345 2341/1824/1326 2340/1823/1325
f 2369/1852/1345 2342/1825/1327 2341/1824/1326
f 2370/1853/225 2343/1826/1328 2342/1825/1327
f 2371/1854/225 2344/1827/1329 2343/1826/1328
f 2372/1855/225 2345/1828/1330 2344/1827/1329
f 2373/1856/1346 2346/1829/1331 2345/1828/1330
f 2374/1857/1346 2347/1830/1332 2346/1829/1331
f 2375/1858/1346 2348/1831/1333 2347/1830/1332
f 2376/1859/1346 2349/1832/1334 2348/1831/1333
f 2377/1860/225 2350/1833/1335 2349/1832/1334
f 2378/1861/225 2351/1834/1336 2350/1833/1335
f 2379/1862/1347 2352/1835/1337 2351/1834/1336
f 2380/1863/1347 2353/1836/1338 2352/1835/1337
f 2381/1864/1347 2354/1837/1339 2353/1836/1338
f 2382/1865/1347 2355/1838/1340 2354/1837/1339
f 2383/1866/1347 2356/1839/1341 2355/1838/1340
f 2384/1867/225 2357/1840/1342 2356/1839/1341
f 2385/1868/225 2358/1841/1343 2357/1840/1342
f 2386/1869/225 2359/1842/1318 2358/1841/1343
